[33m>[39m Building...
[32m√[39m Building...
[1mInitial chunk files[22m[2m | [22m[1mNames[22m        [2m | [22m [1mRaw size[22m
[32mmain.js[39m            [2m | [22m[2mmain[22m         [2m | [22m[36m115.68 kB[39m[2m | [22m
[32mstyles.css[39m         [2m | [22m[2mstyles[22m       [2m | [22m[36m660 bytes[39m[2m | [22m

[1m [22m                  [2m | [22m[1mInitial total[22m[2m | [22m[1m116.34 kB[22m

Application bundle generation complete. [13.585 seconds] - 2026-08-02T07:51:39.919Z

Watch mode enabled. Watching for file changes...
NOTE: Raw file sizes do not reflect development server per-request transformations.
  [32m➜[39m  [1mLocal[22m:   [36mhttp://127.0.0.1:[1m4200[22m/[39m
[2m[32m  ➜[39m[22m[2m  press [22m[1mh + enter[22m[2m to show help[22m
[33m>[39m Changes detected. Rebuilding...
[32m√[39m Changes detected. Rebuilding...
[1mInitial chunk files[22m[2m | [22m[1mNames[22m[2m | [22m [1mRaw size[22m
[32mmain.js[39m            [2m | [22m[2mmain[22m [2m | [22m[36m126.03 kB[39m[2m | [22m

Application bundle generation complete. [8.079 seconds] - 2026-08-02T08:02:23.327Z

Component update sent to client(s).
[33m>[39m Changes detected. Rebuilding...
[32m√[39m Changes detected. Rebuilding...
[1mInitial chunk files[22m[2m | [22m[1mNames[22m[2m | [22m [1mRaw size[22m
[32mmain.js[39m            [2m | [22m[2mmain[22m [2m | [22m[36m130.73 kB[39m[2m | [22m

Application bundle generation complete. [3.097 seconds] - 2026-08-02T08:03:24.091Z

Component update sent to client(s).
[33m>[39m Changes detected. Rebuilding...
[32m√[39m Changes detected. Rebuilding...
[1mInitial chunk files[22m[2m | [22m[1mNames[22m[2m | [22m [1mRaw size[22m
[32mmain.js[39m            [2m | [22m[2mmain[22m [2m | [22m[36m130.70 kB[39m[2m | [22m

Application bundle generation complete. [2.742 seconds] - 2026-08-02T08:05:36.621Z

Component update sent to client(s).
[33m>[39m Changes detected. Rebuilding...
[32m√[39m Changes detected. Rebuilding...
[1mInitial chunk files[22m[2m | [22m[1mNames[22m[2m | [22m [1mRaw size[22m
[32mmain.js[39m            [2m | [22m[2mmain[22m [2m | [22m[36m130.71 kB[39m[2m | [22m

Application bundle generation complete. [1.578 seconds] - 2026-08-02T08:06:47.193Z

Component update sent to client(s).
[33m>[39m Changes detected. Rebuilding...
[32m√[39m Changes detected. Rebuilding...
[1mInitial chunk files[22m[2m | [22m[1mNames[22m[2m | [22m [1mRaw size[22m
[32mmain.js[39m            [2m | [22m[2mmain[22m [2m | [22m[36m130.71 kB[39m[2m | [22m

Application bundle generation complete. [0.841 seconds] - 2026-08-02T08:07:32.758Z

Component update sent to client(s).
[33m>[39m Changes detected. Rebuilding...
[32m√[39m Changes detected. Rebuilding...
[1mInitial chunk files[22m[2m | [22m[1mNames[22m[2m | [22m [1mRaw size[22m
[32mmain.js[39m            [2m | [22m[2mmain[22m [2m | [22m[36m131.28 kB[39m[2m | [22m

Application bundle generation complete. [3.402 seconds] - 2026-08-02T08:13:49.776Z

Component update sent to client(s).
[33m>[39m Changes detected. Rebuilding...
[32m√[39m Changes detected. Rebuilding...
[1mInitial chunk files[22m[2m | [22m[1mNames[22m[2m | [22m [1mRaw size[22m
[32mmain.js[39m            [2m | [22m[2mmain[22m [2m | [22m[36m131.89 kB[39m[2m | [22m

Application bundle generation complete. [2.270 seconds] - 2026-08-02T08:14:37.965Z

Component update sent to client(s).
[33m>[39m Changes detected. Rebuilding...
[32m√[39m Changes detected. Rebuilding...
[1mInitial chunk files[22m[2m | [22m[1mNames[22m[2m | [22m [1mRaw size[22m
[32mmain.js[39m            [2m | [22m[2mmain[22m [2m | [22m[36m138.41 kB[39m[2m | [22m

Application bundle generation complete. [0.806 seconds] - 2026-08-02T08:18:23.614Z

Component update sent to client(s).
[33m>[39m Changes detected. Rebuilding...
[32m√[39m Changes detected. Rebuilding...
[1mInitial chunk files[22m[2m | [22m[1mNames[22m[2m | [22m [1mRaw size[22m
[32mmain.js[39m            [2m | [22m[2mmain[22m [2m | [22m[36m139.16 kB[39m[2m | [22m

Application bundle generation complete. [2.067 seconds] - 2026-08-02T08:18:47.878Z

Component update sent to client(s).
[33m>[39m Changes detected. Rebuilding...
[32m√[39m Changes detected. Rebuilding...
[1mInitial chunk files[22m[2m | [22m[1mNames[22m[2m | [22m [1mRaw size[22m
[32mmain.js[39m            [2m | [22m[2mmain[22m [2m | [22m[36m139.44 kB[39m[2m | [22m

Application bundle generation complete. [8.481 seconds] - 2026-08-02T08:55:30.066Z

Page reload sent to client(s).
[33m>[39m Changes detected. Rebuilding...
[32m√[39m Changes detected. Rebuilding...
[1mInitial chunk files[22m[2m | [22m[1mNames[22m[2m | [22m [1mRaw size[22m
[32mmain.js[39m            [2m | [22m[2mmain[22m [2m | [22m[36m139.54 kB[39m[2m | [22m

Application bundle generation complete. [2.522 seconds] - 2026-08-02T08:55:51.617Z

Component update sent to client(s).
[33m>[39m Changes detected. Rebuilding...
[32m√[39m Changes detected. Rebuilding...
[1mInitial chunk files[22m[2m | [22m[1mNames[22m        [2m | [22m [1mRaw size[22m
[32mmain.js[39m            [2m | [22m[2mmain[22m         [2m | [22m[36m139.54 kB[39m[2m | [22m
[32mstyles.css[39m         [2m | [22m[2mstyles[22m       [2m | [22m[36m660 bytes[39m[2m | [22m

[1m [22m                  [2m | [22m[1mInitial total[22m[2m | [22m[1m140.20 kB[22m

Application bundle generation complete. [0.120 seconds] - 2026-08-02T08:58:12.818Z

Page reload sent to client(s).
[33m>[39m Changes detected. Rebuilding...
[32m√[39m Changes detected. Rebuilding...
[1mInitial chunk files[22m[2m | [22m[1mNames[22m        [2m | [22m [1mRaw size[22m
[32mmain.js[39m            [2m | [22m[2mmain[22m         [2m | [22m[36m139.54 kB[39m[2m | [22m
[32mstyles.css[39m         [2m | [22m[2mstyles[22m       [2m | [22m[36m660 bytes[39m[2m | [22m

[1m [22m                  [2m | [22m[1mInitial total[22m[2m | [22m[1m140.20 kB[22m

Application bundle generation complete. [0.008 seconds] - 2026-08-02T08:58:34.715Z

Page reload sent to client(s).
[33m>[39m Changes detected. Rebuilding...
[32m√[39m Changes detected. Rebuilding...
[1mInitial chunk files[22m[2m | [22m[1mNames[22m        [2m | [22m [1mRaw size[22m
[32mmain.js[39m            [2m | [22m[2mmain[22m         [2m | [22m[36m139.54 kB[39m[2m | [22m
[32mstyles.css[39m         [2m | [22m[2mstyles[22m       [2m | [22m[36m660 bytes[39m[2m | [22m

[1m [22m                  [2m | [22m[1mInitial total[22m[2m | [22m[1m140.20 kB[22m

Application bundle generation complete. [0.074 seconds] - 2026-08-02T09:03:06.736Z

Page reload sent to client(s).
[33m>[39m Changes detected. Rebuilding...
[32m√[39m Changes detected. Rebuilding...
[1mInitial chunk files[22m[2m | [22m[1mNames[22m        [2m | [22m [1mRaw size[22m
[32mmain.js[39m            [2m | [22m[2mmain[22m         [2m | [22m[36m139.54 kB[39m[2m | [22m
[32mstyles.css[39m         [2m | [22m[2mstyles[22m       [2m | [22m[36m660 bytes[39m[2m | [22m

[1m [22m                  [2m | [22m[1mInitial total[22m[2m | [22m[1m140.20 kB[22m

Application bundle generation complete. [0.025 seconds] - 2026-08-02T09:03:21.223Z

Page reload sent to client(s).
[33m>[39m Changes detected. Rebuilding...
[32m√[39m Changes detected. Rebuilding...
[1mInitial chunk files[22m[2m | [22m[1mNames[22m        [2m | [22m [1mRaw size[22m
[32mmain.js[39m            [2m | [22m[2mmain[22m         [2m | [22m[36m139.54 kB[39m[2m | [22m
[32mstyles.css[39m         [2m | [22m[2mstyles[22m       [2m | [22m[36m660 bytes[39m[2m | [22m

[1m [22m                  [2m | [22m[1mInitial total[22m[2m | [22m[1m140.20 kB[22m

Application bundle generation complete. [0.024 seconds] - 2026-08-02T09:03:53.905Z

Page reload sent to client(s).
[33m>[39m Changes detected. Rebuilding...
[32m√[39m Changes detected. Rebuilding...
[1mInitial chunk files[22m[2m | [22m[1mNames[22m        [2m | [22m [1mRaw size[22m
[32mmain.js[39m            [2m | [22m[2mmain[22m         [2m | [22m[36m139.54 kB[39m[2m | [22m
[32mstyles.css[39m         [2m | [22m[2mstyles[22m       [2m | [22m[36m660 bytes[39m[2m | [22m

[1m [22m                  [2m | [22m[1mInitial total[22m[2m | [22m[1m140.20 kB[22m

Application bundle generation complete. [0.008 seconds] - 2026-08-02T09:04:23.881Z

Page reload sent to client(s).
[33m>[39m Changes detected. Rebuilding...
[32m√[39m Changes detected. Rebuilding...
[1mInitial chunk files[22m[2m | [22m[1mNames[22m        [2m | [22m [1mRaw size[22m
[32mmain.js[39m            [2m | [22m[2mmain[22m         [2m | [22m[36m139.54 kB[39m[2m | [22m
[32mstyles.css[39m         [2m | [22m[2mstyles[22m       [2m | [22m[36m660 bytes[39m[2m | [22m

[1m [22m                  [2m | [22m[1mInitial total[22m[2m | [22m[1m140.20 kB[22m

Application bundle generation complete. [0.066 seconds] - 2026-08-02T09:05:32.236Z

Page reload sent to client(s).
[33m>[39m Changes detected. Rebuilding...
[32m√[39m Changes detected. Rebuilding...
[1mInitial chunk files[22m[2m | [22m[1mNames[22m        [2m | [22m [1mRaw size[22m
[32mmain.js[39m            [2m | [22m[2mmain[22m         [2m | [22m[36m139.54 kB[39m[2m | [22m
[32mstyles.css[39m         [2m | [22m[2mstyles[22m       [2m | [22m[36m660 bytes[39m[2m | [22m

[1m [22m                  [2m | [22m[1mInitial total[22m[2m | [22m[1m140.20 kB[22m

Application bundle generation complete. [0.024 seconds] - 2026-08-02T09:06:14.652Z

Page reload sent to client(s).
[33m>[39m Changes detected. Rebuilding...
[32m√[39m Changes detected. Rebuilding...
[1mInitial chunk files[22m[2m | [22m[1mNames[22m        [2m | [22m [1mRaw size[22m
[32mmain.js[39m            [2m | [22m[2mmain[22m         [2m | [22m[36m139.54 kB[39m[2m | [22m
[32mstyles.css[39m         [2m | [22m[2mstyles[22m       [2m | [22m[36m660 bytes[39m[2m | [22m

[1m [22m                  [2m | [22m[1mInitial total[22m[2m | [22m[1m140.20 kB[22m

Application bundle generation complete. [0.020 seconds] - 2026-08-02T09:06:56.930Z

Page reload sent to client(s).
[33m>[39m Changes detected. Rebuilding...
[32m√[39m Changes detected. Rebuilding...
[1mInitial chunk files[22m[2m | [22m[1mNames[22m        [2m | [22m [1mRaw size[22m
[32mmain.js[39m            [2m | [22m[2mmain[22m         [2m | [22m[36m139.54 kB[39m[2m | [22m
[32mstyles.css[39m         [2m | [22m[2mstyles[22m       [2m | [22m[36m660 bytes[39m[2m | [22m

[1m [22m                  [2m | [22m[1mInitial total[22m[2m | [22m[1m140.20 kB[22m

Application bundle generation complete. [0.021 seconds] - 2026-08-02T09:08:21.717Z

Page reload sent to client(s).
[33m>[39m Changes detected. Rebuilding...
[32m√[39m Changes detected. Rebuilding...
[1mInitial chunk files[22m[2m | [22m[1mNames[22m        [2m | [22m [1mRaw size[22m
[32mmain.js[39m            [2m | [22m[2mmain[22m         [2m | [22m[36m139.54 kB[39m[2m | [22m
[32mstyles.css[39m         [2m | [22m[2mstyles[22m       [2m | [22m[36m660 bytes[39m[2m | [22m

[1m [22m                  [2m | [22m[1mInitial total[22m[2m | [22m[1m140.20 kB[22m

Application bundle generation complete. [0.010 seconds] - 2026-08-02T09:08:30.989Z

Page reload sent to client(s).
[33m>[39m Changes detected. Rebuilding...
[32m√[39m Changes detected. Rebuilding...
[1mInitial chunk files[22m[2m | [22m[1mNames[22m        [2m | [22m [1mRaw size[22m
[32mmain.js[39m            [2m | [22m[2mmain[22m         [2m | [22m[36m139.54 kB[39m[2m | [22m
[32mstyles.css[39m         [2m | [22m[2mstyles[22m       [2m | [22m[36m660 bytes[39m[2m | [22m

[1m [22m                  [2m | [22m[1mInitial total[22m[2m | [22m[1m140.20 kB[22m

Application bundle generation complete. [0.027 seconds] - 2026-08-02T09:08:57.280Z

Page reload sent to client(s).
[33m>[39m Changes detected. Rebuilding...
[32m√[39m Changes detected. Rebuilding...
[1mInitial chunk files[22m[2m | [22m[1mNames[22m        [2m | [22m [1mRaw size[22m
[32mmain.js[39m            [2m | [22m[2mmain[22m         [2m | [22m[36m139.54 kB[39m[2m | [22m
[32mstyles.css[39m         [2m | [22m[2mstyles[22m       [2m | [22m[36m660 bytes[39m[2m | [22m

[1m [22m                  [2m | [22m[1mInitial total[22m[2m | [22m[1m140.20 kB[22m

Application bundle generation complete. [0.048 seconds] - 2026-08-02T09:10:39.425Z

Page reload sent to client(s).
[33m>[39m Changes detected. Rebuilding...
[32m√[39m Changes detected. Rebuilding...
[1mInitial chunk files[22m[2m | [22m[1mNames[22m        [2m | [22m [1mRaw size[22m
[32mmain.js[39m            [2m | [22m[2mmain[22m         [2m | [22m[36m139.54 kB[39m[2m | [22m
[32mstyles.css[39m         [2m | [22m[2mstyles[22m       [2m | [22m[36m660 bytes[39m[2m | [22m

[1m [22m                  [2m | [22m[1mInitial total[22m[2m | [22m[1m140.20 kB[22m

Application bundle generation complete. [0.136 seconds] - 2026-08-02T09:17:04.941Z

Page reload sent to client(s).
[33m>[39m Changes detected. Rebuilding...
[32m√[39m Changes detected. Rebuilding...
[1mInitial chunk files[22m[2m | [22m[1mNames[22m        [2m | [22m [1mRaw size[22m
[32mmain.js[39m            [2m | [22m[2mmain[22m         [2m | [22m[36m139.54 kB[39m[2m | [22m
[32mstyles.css[39m         [2m | [22m[2mstyles[22m       [2m | [22m[36m660 bytes[39m[2m | [22m

[1m [22m                  [2m | [22m[1mInitial total[22m[2m | [22m[1m140.20 kB[22m

Application bundle generation complete. [0.016 seconds] - 2026-08-02T09:17:14.564Z

Page reload sent to client(s).
[33m>[39m Changes detected. Rebuilding...
[32m√[39m Changes detected. Rebuilding...
[1mInitial chunk files[22m[2m | [22m[1mNames[22m[2m | [22m [1mRaw size[22m
[32mmain.js[39m            [2m | [22m[2mmain[22m [2m | [22m[36m139.49 kB[39m[2m | [22m

Application bundle generation complete. [3.407 seconds] - 2026-08-02T09:17:24.490Z

Component update sent to client(s).
[33m>[39m Changes detected. Rebuilding...
[32m√[39m Changes detected. Rebuilding...
[1mInitial chunk files[22m[2m | [22m[1mNames[22m        [2m | [22m [1mRaw size[22m
[32mmain.js[39m            [2m | [22m[2mmain[22m         [2m | [22m[36m139.49 kB[39m[2m | [22m
[32mstyles.css[39m         [2m | [22m[2mstyles[22m       [2m | [22m[36m660 bytes[39m[2m | [22m

[1m [22m                  [2m | [22m[1mInitial total[22m[2m | [22m[1m140.15 kB[22m

Application bundle generation complete. [0.483 seconds] - 2026-08-02T09:20:17.847Z

Page reload sent to client(s).
[33m>[39m Changes detected. Rebuilding...
[32m√[39m Changes detected. Rebuilding...
[1mInitial chunk files[22m[2m | [22m[1mNames[22m        [2m | [22m [1mRaw size[22m
[32mmain.js[39m            [2m | [22m[2mmain[22m         [2m | [22m[36m139.49 kB[39m[2m | [22m
[32mstyles.css[39m         [2m | [22m[2mstyles[22m       [2m | [22m[36m660 bytes[39m[2m | [22m

[1m [22m                  [2m | [22m[1mInitial total[22m[2m | [22m[1m140.15 kB[22m

Application bundle generation complete. [0.043 seconds] - 2026-08-02T09:23:42.242Z

Page reload sent to client(s).
[33m>[39m Changes detected. Rebuilding...
[32m√[39m Changes detected. Rebuilding...
[1mInitial chunk files[22m[2m | [22m[1mNames[22m        [2m | [22m [1mRaw size[22m
[32mmain.js[39m            [2m | [22m[2mmain[22m         [2m | [22m[36m139.49 kB[39m[2m | [22m
[32mstyles.css[39m         [2m | [22m[2mstyles[22m       [2m | [22m[36m660 bytes[39m[2m | [22m

[1m [22m                  [2m | [22m[1mInitial total[22m[2m | [22m[1m140.15 kB[22m

Application bundle generation complete. [0.005 seconds] - 2026-08-02T09:24:28.045Z

Page reload sent to client(s).
[33m>[39m Changes detected. Rebuilding...
[32m√[39m Changes detected. Rebuilding...
[1mInitial chunk files[22m[2m | [22m[1mNames[22m        [2m | [22m [1mRaw size[22m
[32mmain.js[39m            [2m | [22m[2mmain[22m         [2m | [22m[36m139.49 kB[39m[2m | [22m
[32mstyles.css[39m         [2m | [22m[2mstyles[22m       [2m | [22m[36m660 bytes[39m[2m | [22m

[1m [22m                  [2m | [22m[1mInitial total[22m[2m | [22m[1m140.15 kB[22m

Application bundle generation complete. [0.479 seconds] - 2026-08-02T09:39:06.046Z

Page reload sent to client(s).
[33m>[39m Changes detected. Rebuilding...
[32m√[39m Changes detected. Rebuilding...
[1mInitial chunk files[22m[2m | [22m[1mNames[22m        [2m | [22m [1mRaw size[22m
[32mmain.js[39m            [2m | [22m[2mmain[22m         [2m | [22m[36m139.49 kB[39m[2m | [22m
[32mstyles.css[39m         [2m | [22m[2mstyles[22m       [2m | [22m[36m660 bytes[39m[2m | [22m

[1m [22m                  [2m | [22m[1mInitial total[22m[2m | [22m[1m140.15 kB[22m

Application bundle generation complete. [0.057 seconds] - 2026-08-02T09:41:08.373Z

[33m>[39m Changes detected. Rebuilding...
[32m√[39m Changes detected. Rebuilding...
[1mInitial chunk files[22m[2m | [22m[1mNames[22m        [2m | [22m [1mRaw size[22m
[32mmain.js[39m            [2m | [22m[2mmain[22m         [2m | [22m[36m139.49 kB[39m[2m | [22m
[32mstyles.css[39m         [2m | [22m[2mstyles[22m       [2m | [22m[36m660 bytes[39m[2m | [22m

[1m [22m                  [2m | [22m[1mInitial total[22m[2m | [22m[1m140.15 kB[22m

Application bundle generation complete. [0.164 seconds] - 2026-08-02T09:47:18.971Z

Page reload sent to client(s).
[33m>[39m Changes detected. Rebuilding...
[32m√[39m Changes detected. Rebuilding...
Application bundle generation failed. [5.568 seconds] - 2026-08-02T09:55:10.096Z

[1m[31m[31mX [41;31m[[41;97mERROR[41;31m][0m [1mTS2307: Cannot find module '@angular/core' or its corresponding type declarations.[0m [1m[35m[plugin angular-compiler][0m

    src/app/app.config.ts:1:70:
[37m      1 │ ...nConfig, provideBrowserGlobalErrorListeners } from [32m'@angular/core'[37m;
        ╵                                                       [32m~~~~~~~~~~~~~~~[0m


[31mX [41;31m[[41;97mERROR[41;31m][0m [1mTS2307: Cannot find module '@ngrx/effects' or its corresponding type declarations.[0m [1m[35m[plugin angular-compiler][0m

    src/app/app.config.ts:2:31:
[37m      2 │ import { provideEffects } from [32m'@ngrx/effects'[37m;
        ╵                                [32m~~~~~~~~~~~~~~~[0m


[31mX [41;31m[[41;97mERROR[41;31m][0m [1mTS2307: Cannot find module '@ngrx/store' or its corresponding type declarations.[0m [1m[35m[plugin angular-compiler][0m

    src/app/app.config.ts:3:29:
[37m      3 │ import { provideStore } from [32m'@ngrx/store'[37m;
        ╵                              [32m~~~~~~~~~~~~~[0m


[31mX [41;31m[[41;97mERROR[41;31m][0m [1mTS2307: Cannot find module '@angular/router' or its corresponding type declarations.[0m [1m[35m[plugin angular-compiler][0m

    src/app/app.config.ts:4:53:
[37m      4 │ ...rt { provideRouter, withInMemoryScrolling } from [32m'@angular/router'[37m;
        ╵                                                     [32m~~~~~~~~~~~~~~~~~[0m


[31mX [41;31m[[41;97mERROR[41;31m][0m [1mTS2307: Cannot find module '@angular/router' or its corresponding type declarations.[0m [1m[35m[plugin angular-compiler][0m

    src/app/app.routes.ts:1:23:
[37m      1 │ import { Routes } from [32m'@angular/router'[37m;
        ╵                        [32m~~~~~~~~~~~~~~~~~[0m


[31mX [41;31m[[41;97mERROR[41;31m][0m [1mTS2307: Cannot find module '@angular/core' or its corresponding type declarations.[0m [1m[35m[plugin angular-compiler][0m

    src/app/app.ts:1:26:
[37m      1 │ import { Component } from [32m'@angular/core'[37m;
        ╵                           [32m~~~~~~~~~~~~~~~[0m


[31mX [41;31m[[41;97mERROR[41;31m][0m [1mTS2307: Cannot find module '@angular/router' or its corresponding type declarations.[0m [1m[35m[plugin angular-compiler][0m

    src/app/app.ts:2:29:
[37m      2 │ import { RouterOutlet } from [32m'@angular/router'[37m;
        ╵                              [32m~~~~~~~~~~~~~~~~~[0m


[31mX [41;31m[[41;97mERROR[41;31m][0m [1mTS2354: This syntax requires an imported helper but module 'tslib' cannot be found.[0m [1m[35m[plugin angular-compiler][0m

    src/app/app.ts:4:0:
[37m      4 │ [32m@Component({[37m
        ╵ [32m~~~~~~~~~~~~[0m


[31mX [41;31m[[41;97mERROR[41;31m][0m [1mNG1010: 'imports' must be an array of components, directives, pipes, or NgModules.
  Value could not be determined statically.[0m [1m[35m[plugin angular-compiler][0m

    src/app/app.ts:6:12:
[37m      6 │   imports: [[32mRouterOutlet[37m],
        ╵             [32m~~~~~~~~~~~~[0m

  Unknown reference.

    src/app/app.ts:6:12:
[37m      6 │   imports: [[32mRouterOutlet[37m],
        ╵             [32m~~~~~~~~~~~~[0m


[31mX [41;31m[[41;97mERROR[41;31m][0m [1mTS2307: Cannot find module '@angular/core' or its corresponding type declarations.[0m [1m[35m[plugin angular-compiler][0m

    src/app/core/services/brief-gateway.service.ts:1:27:
[37m      1 │ import { Injectable } from [32m'@angular/core'[37m;
        ╵                            [32m~~~~~~~~~~~~~~~[0m


[31mX [41;31m[[41;97mERROR[41;31m][0m [1mTS2307: Cannot find module 'rxjs' or its corresponding type declarations.[0m [1m[35m[plugin angular-compiler][0m

    src/app/core/services/brief-gateway.service.ts:2:38:
[37m      2 │ import { delay, Observable, of } from [32m'rxjs'[37m;
        ╵                                       [32m~~~~~~[0m


[31mX [41;31m[[41;97mERROR[41;31m][0m [1mTS2354: This syntax requires an imported helper but module 'tslib' cannot be found.[0m [1m[35m[plugin angular-compiler][0m

    src/app/core/services/brief-gateway.service.ts:6:0:
[37m      6 │ [32m@Injectable({ providedIn: 'root' })[37m
        ╵ [32m~~~~~~~~~~~~~~~~~~~~~~~~~~~~~~~~~~~[0m


[31mX [41;31m[[41;97mERROR[41;31m][0m [1mTS2307: Cannot find module '@ngrx/store' or its corresponding type declarations.[0m [1m[35m[plugin angular-compiler][0m

    src/app/core/state/brief.actions.ts:1:53:
[37m      1 │ import { createActionGroup, emptyProps, props } from [32m'@ngrx/store'[37m;
        ╵                                                      [32m~~~~~~~~~~~~~[0m


[31mX [41;31m[[41;97mERROR[41;31m][0m [1mTS2307: Cannot find module '@angular/core' or its corresponding type declarations.[0m [1m[35m[plugin angular-compiler][0m

    src/app/core/state/brief.effects.ts:1:35:
[37m      1 │ import { Injectable, inject } from [32m'@angular/core'[37m;
        ╵                                    [32m~~~~~~~~~~~~~~~[0m


[31mX [41;31m[[41;97mERROR[41;31m][0m [1mTS2307: Cannot find module '@ngrx/effects' or its corresponding type declarations.[0m [1m[35m[plugin angular-compiler][0m

    src/app/core/state/brief.effects.ts:2:46:
[37m      2 │ import { Actions, createEffect, ofType } from [32m'@ngrx/effects'[37m;
        ╵                                               [32m~~~~~~~~~~~~~~~[0m


[31mX [41;31m[[41;97mERROR[41;31m][0m [1mTS2307: Cannot find module 'rxjs/operators' or its corresponding type declarations.[0m [1m[35m[plugin angular-compiler][0m

    src/app/core/state/brief.effects.ts:3:43:
[37m      3 │ import { catchError, map, switchMap } from [32m'rxjs/operators'[37m;
        ╵                                            [32m~~~~~~~~~~~~~~~~[0m


[31mX [41;31m[[41;97mERROR[41;31m][0m [1mTS2307: Cannot find module 'rxjs' or its corresponding type declarations.[0m [1m[35m[plugin angular-compiler][0m

    src/app/core/state/brief.effects.ts:4:19:
[37m      4 │ import { of } from [32m'rxjs'[37m;
        ╵                    [32m~~~~~~[0m


[31mX [41;31m[[41;97mERROR[41;31m][0m [1mTS2354: This syntax requires an imported helper but module 'tslib' cannot be found.[0m [1m[35m[plugin angular-compiler][0m

    src/app/core/state/brief.effects.ts:8:0:
[37m      8 │ [32m@Injectable()[37m
        ╵ [32m~~~~~~~~~~~~~[0m


[31mX [41;31m[[41;97mERROR[41;31m][0m [1mTS7031: Binding element 'brief' implicitly has an 'any' type.[0m [1m[35m[plugin angular-compiler][0m

    src/app/core/state/brief.effects.ts:15:17:
[37m      15 │     switchMap(({ [32mbrief[37m }) => this.gateway.submit(brief).pipe(
         ╵                  [32m~~~~~[0m


[31mX [41;31m[[41;97mERROR[41;31m][0m [1mTS7006: Parameter 'submittedBrief' implicitly has an 'any' type.[0m [1m[35m[plugin angular-compiler][0m

    src/app/core/state/brief.effects.ts:16:11:
[37m      16 │       map(([32msubmittedBrief[37m) => BriefActions.submitSucceeded({ brief...
         ╵            [32m~~~~~~~~~~~~~~[0m


[31mX [41;31m[[41;97mERROR[41;31m][0m [1mTS2307: Cannot find module '@ngrx/store' or its corresponding type declarations.[0m [1m[35m[plugin angular-compiler][0m

    src/app/core/state/brief.reducer.ts:1:34:
[37m      1 │ import { createReducer, on } from [32m'@ngrx/store'[37m;
        ╵                                   [32m~~~~~~~~~~~~~[0m


[31mX [41;31m[[41;97mERROR[41;31m][0m [1mTS7006: Parameter 'state' implicitly has an 'any' type.[0m [1m[35m[plugin angular-compiler][0m

    src/app/core/state/brief.reducer.ts:9:36:
[37m      9 │ ...riefActions.submitRequested, ([32mstate[37m) => ({ ...state, status: 'su...
        ╵                                  [32m~~~~~[0m


[31mX [41;31m[[41;97mERROR[41;31m][0m [1mTS7006: Parameter '_' implicitly has an 'any' type.[0m [1m[35m[plugin angular-compiler][0m

    src/app/core/state/brief.reducer.ts:10:36:
[37m      10 │ ...BriefActions.submitSucceeded, ([32m_[37m, { brief }) => ({ status: 'suc...
         ╵                                   [32m^[0m


[31mX [41;31m[[41;97mERROR[41;31m][0m [1mTS7031: Binding element 'brief' implicitly has an 'any' type.[0m [1m[35m[plugin angular-compiler][0m

    src/app/core/state/brief.reducer.ts:10:41:
[37m      10 │ ...tions.submitSucceeded, (_, { [32mbrief[37m }) => ({ status: 'success' a...
         ╵                                 [32m~~~~~[0m


[31mX [41;31m[[41;97mERROR[41;31m][0m [1mTS7006: Parameter 'state' implicitly has an 'any' type.[0m [1m[35m[plugin angular-compiler][0m

    src/app/core/state/brief.reducer.ts:11:33:
[37m      11 │ ...(BriefActions.submitFailed, ([32mstate[37m, { error }) => ({ ...state, ...
         ╵                                 [32m~~~~~[0m


[31mX [41;31m[[41;97mERROR[41;31m][0m [1mTS7031: Binding element 'error' implicitly has an 'any' type.[0m [1m[35m[plugin angular-compiler][0m

    src/app/core/state/brief.reducer.ts:11:42:
[37m      11 │ ...ions.submitFailed, (state, { [32merror[37m }) => ({ ...state, status: '...
         ╵                                 [32m~~~~~[0m


[31mX [41;31m[[41;97mERROR[41;31m][0m [1mTS2307: Cannot find module '@ngrx/store' or its corresponding type declarations.[0m [1m[35m[plugin angular-compiler][0m

    src/app/core/state/brief.selectors.ts:1:38:
[37m      1 │ import { createFeatureSelector } from [32m'@ngrx/store'[37m;
        ╵                                       [32m~~~~~~~~~~~~~[0m


[31mX [41;31m[[41;97mERROR[41;31m][0m [1mTS2307: Cannot find module '@angular/core' or its corresponding type declarations.[0m [1m[35m[plugin angular-compiler][0m

    src/app/features/landing/landing-page.component.ts:1:77:
[37m      1 │ ...rategy, Component, computed, inject, signal } from [32m'@angular/core'[37m;
        ╵                                                       [32m~~~~~~~~~~~~~~~[0m


[31mX [41;31m[[41;97mERROR[41;31m][0m [1mTS2307: Cannot find module '@angular/forms' or its corresponding type declarations.[0m [1m[35m[plugin angular-compiler][0m

    src/app/features/landing/landing-page.component.ts:2:61:
[37m      2 │ ...activeFormsModule, FormBuilder, Validators } from [32m'@angular/forms'[37m;
        ╵                                                      [32m~~~~~~~~~~~~~~~~[0m


[31mX [41;31m[[41;97mERROR[41;31m][0m [1mTS2307: Cannot find module '@ngrx/store' or its corresponding type declarations.[0m [1m[35m[plugin angular-compiler][0m

    src/app/features/landing/landing-page.component.ts:3:22:
[37m      3 │ import { Store } from [32m'@ngrx/store'[37m;
        ╵                       [32m~~~~~~~~~~~~~[0m


[31mX [41;31m[[41;97mERROR[41;31m][0m [1mTS2307: Cannot find module '@angular/core/rxjs-interop' or its corresponding type declarations.[0m [1m[35m[plugin angular-compiler][0m

    src/app/features/landing/landing-page.component.ts:4:25:
[37m      4 │ import { toSignal } from [32m'@angular/core/rxjs-interop'[37m;
        ╵                          [32m~~~~~~~~~~~~~~~~~~~~~~~~~~~~[0m


[31mX [41;31m[[41;97mERROR[41;31m][0m [1mTS2354: This syntax requires an imported helper but module 'tslib' cannot be found.[0m [1m[35m[plugin angular-compiler][0m

    src/app/features/landing/landing-page.component.ts:9:0:
[37m      9 │ [32m@Component({[37m
        ╵ [32m~~~~~~~~~~~~[0m


[31mX [41;31m[[41;97mERROR[41;31m][0m [1mNG1010: changeDetection must be a member of ChangeDetectionStrategy enum from @angular/core
  Value could not be determined statically.[0m [1m[35m[plugin angular-compiler][0m

    src/app/features/landing/landing-page.component.ts:14:19:
[37m      14 │   changeDetection: [32mChangeDetectionStrategy.OnPush[37m
         ╵                    [32m~~~~~~~~~~~~~~~~~~~~~~~~~~~~~~[0m

  Unknown reference.

    src/app/features/landing/landing-page.component.ts:14:19:
[37m      14 │   changeDetection: [32mChangeDetectionStrategy[37m.OnPush
         ╵                    [32m~~~~~~~~~~~~~~~~~~~~~~~[0m


[31mX [41;31m[[41;97mERROR[41;31m][0m [1mTS7006: Parameter 'active' implicitly has an 'any' type.[0m [1m[35m[plugin angular-compiler][0m

    src/app/features/landing/landing-page.component.ts:45:68:
[37m      45 │ ...oid { this.activeFaq.update(([32mactive[37m) => active === index ? null...
         ╵                                 [32m~~~~~~[0m


[31mX [41;31m[[41;97mERROR[41;31m][0m [1mTS2307: Cannot find module '@angular/core' or its corresponding type declarations.[0m [1m[35m[plugin angular-compiler][0m

    src/app/shared/directives/reveal.directive.ts:1:92:
[37m      1 │ ...tRef, HostBinding, OnDestroy, inject, input } from [32m'@angular/core'[37m;
        ╵                                                       [32m~~~~~~~~~~~~~~~[0m


[31mX [41;31m[[41;97mERROR[41;31m][0m [1mTS2354: This syntax requires an imported helper but module 'tslib' cannot be found.[0m [1m[35m[plugin angular-compiler][0m

    src/app/shared/directives/reveal.directive.ts:3:0:
[37m      3 │ [32m@Directive({ selector: '[appReveal]' })[37m
        ╵ [32m~~~~~~~~~~~~~~~~~~~~~~~~~~~~~~~~~~~~~~~[0m


[31mX [41;31m[[41;97mERROR[41;31m][0m [1mTS2307: Cannot find module '@angular/platform-browser' or its corresponding type declarations.[0m [1m[35m[plugin angular-compiler][0m

    src/main.ts:1:37:
[37m      1 │ import { bootstrapApplication } from [32m'@angular/platform-browser'[37m;
        ╵                                      [32m~~~~~~~~~~~~~~~~~~~~~~~~~~~[0m


[31mX [41;31m[[41;97mERROR[41;31m][0m [1mTS7006: Parameter 'err' implicitly has an 'any' type.[0m [1m[35m[plugin angular-compiler][0m

    src/main.ts:6:10:
[37m      6 │   .catch(([32merr[37m) => console.error(err));
        ╵           [32m~~~[0m

[39m[22m
[33m>[39m Changes detected. Rebuilding...
[32m√[39m Changes detected. Rebuilding...
Application bundle generation failed. [0.711 seconds] - 2026-08-02T09:55:10.910Z

[1m[31m[31mX [41;31m[[41;97mERROR[41;31m][0m [1mTS6053: File 'C:/Users/shaha/OneDrive/Desktop/Neww/node_modules/typescript/lib/lib.es2022.full.d.ts' not found.
  The file is in the program because:
    Default library for target 'es2022'[0m [1m[35m[plugin angular-compiler][0m


[31mX [41;31m[[41;97mERROR[41;31m][0m [1mTS2318: Cannot find global type 'Array'.[0m [1m[35m[plugin angular-compiler][0m


[31mX [41;31m[[41;97mERROR[41;31m][0m [1mTS2318: Cannot find global type 'Boolean'.[0m [1m[35m[plugin angular-compiler][0m


[31mX [41;31m[[41;97mERROR[41;31m][0m [1mTS2318: Cannot find global type 'CallableFunction'.[0m [1m[35m[plugin angular-compiler][0m


[31mX [41;31m[[41;97mERROR[41;31m][0m [1mTS2318: Cannot find global type 'Function'.[0m [1m[35m[plugin angular-compiler][0m


[31mX [41;31m[[41;97mERROR[41;31m][0m [1mTS2318: Cannot find global type 'IArguments'.[0m [1m[35m[plugin angular-compiler][0m


[31mX [41;31m[[41;97mERROR[41;31m][0m [1mTS2318: Cannot find global type 'NewableFunction'.[0m [1m[35m[plugin angular-compiler][0m


[31mX [41;31m[[41;97mERROR[41;31m][0m [1mTS2318: Cannot find global type 'Number'.[0m [1m[35m[plugin angular-compiler][0m


[31mX [41;31m[[41;97mERROR[41;31m][0m [1mTS2318: Cannot find global type 'Object'.[0m [1m[35m[plugin angular-compiler][0m


[31mX [41;31m[[41;97mERROR[41;31m][0m [1mTS2318: Cannot find global type 'RegExp'.[0m [1m[35m[plugin angular-compiler][0m


[31mX [41;31m[[41;97mERROR[41;31m][0m [1mTS2318: Cannot find global type 'String'.[0m [1m[35m[plugin angular-compiler][0m


[31mX [41;31m[[41;97mERROR[41;31m][0m [1mTS2307: Cannot find module '@angular/core' or its corresponding type declarations.[0m [1m[35m[plugin angular-compiler][0m

    src/app/app.config.ts:1:70:
[37m      1 │ ...nConfig, provideBrowserGlobalErrorListeners } from [32m'@angular/core'[37m;
        ╵                                                       [32m~~~~~~~~~~~~~~~[0m


[31mX [41;31m[[41;97mERROR[41;31m][0m [1mTS2307: Cannot find module '@ngrx/effects' or its corresponding type declarations.[0m [1m[35m[plugin angular-compiler][0m

    src/app/app.config.ts:2:31:
[37m      2 │ import { provideEffects } from [32m'@ngrx/effects'[37m;
        ╵                                [32m~~~~~~~~~~~~~~~[0m


[31mX [41;31m[[41;97mERROR[41;31m][0m [1mTS2307: Cannot find module '@ngrx/store' or its corresponding type declarations.[0m [1m[35m[plugin angular-compiler][0m

    src/app/app.config.ts:3:29:
[37m      3 │ import { provideStore } from [32m'@ngrx/store'[37m;
        ╵                              [32m~~~~~~~~~~~~~[0m


[31mX [41;31m[[41;97mERROR[41;31m][0m [1mTS2307: Cannot find module '@angular/router' or its corresponding type declarations.[0m [1m[35m[plugin angular-compiler][0m

    src/app/app.config.ts:4:53:
[37m      4 │ ...rt { provideRouter, withInMemoryScrolling } from [32m'@angular/router'[37m;
        ╵                                                     [32m~~~~~~~~~~~~~~~~~[0m


[31mX [41;31m[[41;97mERROR[41;31m][0m [1mTS2307: Cannot find module '@angular/router' or its corresponding type declarations.[0m [1m[35m[plugin angular-compiler][0m

    src/app/app.routes.ts:1:23:
[37m      1 │ import { Routes } from [32m'@angular/router'[37m;
        ╵                        [32m~~~~~~~~~~~~~~~~~[0m


[31mX [41;31m[[41;97mERROR[41;31m][0m [1mTS2307: Cannot find module '@angular/core' or its corresponding type declarations.[0m [1m[35m[plugin angular-compiler][0m

    src/app/app.ts:1:26:
[37m      1 │ import { Component } from [32m'@angular/core'[37m;
        ╵                           [32m~~~~~~~~~~~~~~~[0m


[31mX [41;31m[[41;97mERROR[41;31m][0m [1mTS2307: Cannot find module '@angular/router' or its corresponding type declarations.[0m [1m[35m[plugin angular-compiler][0m

    src/app/app.ts:2:29:
[37m      2 │ import { RouterOutlet } from [32m'@angular/router'[37m;
        ╵                              [32m~~~~~~~~~~~~~~~~~[0m


[31mX [41;31m[[41;97mERROR[41;31m][0m [1mTS2354: This syntax requires an imported helper but module 'tslib' cannot be found.[0m [1m[35m[plugin angular-compiler][0m

    src/app/app.ts:4:0:
[37m      4 │ [32m@Component({[37m
        ╵ [32m~~~~~~~~~~~~[0m


[31mX [41;31m[[41;97mERROR[41;31m][0m [1mNG1010: 'imports' must be an array of components, directives, pipes, or NgModules.
  Value could not be determined statically.[0m [1m[35m[plugin angular-compiler][0m

    src/app/app.ts:6:12:
[37m      6 │   imports: [[32mRouterOutlet[37m],
        ╵             [32m~~~~~~~~~~~~[0m

  Unknown reference.

    src/app/app.ts:6:12:
[37m      6 │   imports: [[32mRouterOutlet[37m],
        ╵             [32m~~~~~~~~~~~~[0m


[31mX [41;31m[[41;97mERROR[41;31m][0m [1mTS2307: Cannot find module '@angular/core' or its corresponding type declarations.[0m [1m[35m[plugin angular-compiler][0m

    src/app/core/services/brief-gateway.service.ts:1:27:
[37m      1 │ import { Injectable } from [32m'@angular/core'[37m;
        ╵                            [32m~~~~~~~~~~~~~~~[0m


[31mX [41;31m[[41;97mERROR[41;31m][0m [1mTS2307: Cannot find module 'rxjs' or its corresponding type declarations.[0m [1m[35m[plugin angular-compiler][0m

    src/app/core/services/brief-gateway.service.ts:2:38:
[37m      2 │ import { delay, Observable, of } from [32m'rxjs'[37m;
        ╵                                       [32m~~~~~~[0m


[31mX [41;31m[[41;97mERROR[41;31m][0m [1mTS2354: This syntax requires an imported helper but module 'tslib' cannot be found.[0m [1m[35m[plugin angular-compiler][0m

    src/app/core/services/brief-gateway.service.ts:6:0:
[37m      6 │ [32m@Injectable({ providedIn: 'root' })[37m
        ╵ [32m~~~~~~~~~~~~~~~~~~~~~~~~~~~~~~~~~~~[0m


[31mX [41;31m[[41;97mERROR[41;31m][0m [1mTS2304: Cannot find name 'Math'.[0m [1m[35m[plugin angular-compiler][0m

    src/app/core/services/brief-gateway.service.ts:11:19:
[37m      11 │       id: `brief-${[32mMath[37m.random().toString(36).slice(2, 8)}`,
         ╵                    [32m~~~~[0m


[31mX [41;31m[[41;97mERROR[41;31m][0m [1mTS2304: Cannot find name 'Date'.[0m [1m[35m[plugin angular-compiler][0m

    src/app/core/services/brief-gateway.service.ts:12:23:
[37m      12 │       submittedAt: new [32mDate[37m().toISOString()
         ╵                        [32m~~~~[0m


[31mX [41;31m[[41;97mERROR[41;31m][0m [1mTS2307: Cannot find module '@ngrx/store' or its corresponding type declarations.[0m [1m[35m[plugin angular-compiler][0m

    src/app/core/state/brief.actions.ts:1:53:
[37m      1 │ import { createActionGroup, emptyProps, props } from [32m'@ngrx/store'[37m;
        ╵                                                      [32m~~~~~~~~~~~~~[0m


[31mX [41;31m[[41;97mERROR[41;31m][0m [1mTS2307: Cannot find module '@angular/core' or its corresponding type declarations.[0m [1m[35m[plugin angular-compiler][0m

    src/app/core/state/brief.effects.ts:1:35:
[37m      1 │ import { Injectable, inject } from [32m'@angular/core'[37m;
        ╵                                    [32m~~~~~~~~~~~~~~~[0m


[31mX [41;31m[[41;97mERROR[41;31m][0m [1mTS2307: Cannot find module '@ngrx/effects' or its corresponding type declarations.[0m [1m[35m[plugin angular-compiler][0m

    src/app/core/state/brief.effects.ts:2:46:
[37m      2 │ import { Actions, createEffect, ofType } from [32m'@ngrx/effects'[37m;
        ╵                                               [32m~~~~~~~~~~~~~~~[0m


[31mX [41;31m[[41;97mERROR[41;31m][0m [1mTS2307: Cannot find module 'rxjs/operators' or its corresponding type declarations.[0m [1m[35m[plugin angular-compiler][0m

    src/app/core/state/brief.effects.ts:3:43:
[37m      3 │ import { catchError, map, switchMap } from [32m'rxjs/operators'[37m;
        ╵                                            [32m~~~~~~~~~~~~~~~~[0m


[31mX [41;31m[[41;97mERROR[41;31m][0m [1mTS2307: Cannot find module 'rxjs' or its corresponding type declarations.[0m [1m[35m[plugin angular-compiler][0m

    src/app/core/state/brief.effects.ts:4:19:
[37m      4 │ import { of } from [32m'rxjs'[37m;
        ╵                    [32m~~~~~~[0m


[31mX [41;31m[[41;97mERROR[41;31m][0m [1mTS2354: This syntax requires an imported helper but module 'tslib' cannot be found.[0m [1m[35m[plugin angular-compiler][0m

    src/app/core/state/brief.effects.ts:8:0:
[37m      8 │ [32m@Injectable()[37m
        ╵ [32m~~~~~~~~~~~~~[0m


[31mX [41;31m[[41;97mERROR[41;31m][0m [1mTS7031: Binding element 'brief' implicitly has an 'any' type.[0m [1m[35m[plugin angular-compiler][0m

    src/app/core/state/brief.effects.ts:15:17:
[37m      15 │     switchMap(({ [32mbrief[37m }) => this.gateway.submit(brief).pipe(
         ╵                  [32m~~~~~[0m


[31mX [41;31m[[41;97mERROR[41;31m][0m [1mTS7006: Parameter 'submittedBrief' implicitly has an 'any' type.[0m [1m[35m[plugin angular-compiler][0m

    src/app/core/state/brief.effects.ts:16:11:
[37m      16 │       map(([32msubmittedBrief[37m) => BriefActions.submitSucceeded({ brief...
         ╵            [32m~~~~~~~~~~~~~~[0m


[31mX [41;31m[[41;97mERROR[41;31m][0m [1mTS2307: Cannot find module '@ngrx/store' or its corresponding type declarations.[0m [1m[35m[plugin angular-compiler][0m

    src/app/core/state/brief.reducer.ts:1:34:
[37m      1 │ import { createReducer, on } from [32m'@ngrx/store'[37m;
        ╵                                   [32m~~~~~~~~~~~~~[0m


[31mX [41;31m[[41;97mERROR[41;31m][0m [1mTS7006: Parameter 'state' implicitly has an 'any' type.[0m [1m[35m[plugin angular-compiler][0m

    src/app/core/state/brief.reducer.ts:9:36:
[37m      9 │ ...riefActions.submitRequested, ([32mstate[37m) => ({ ...state, status: 'su...
        ╵                                  [32m~~~~~[0m


[31mX [41;31m[[41;97mERROR[41;31m][0m [1mTS7006: Parameter '_' implicitly has an 'any' type.[0m [1m[35m[plugin angular-compiler][0m

    src/app/core/state/brief.reducer.ts:10:36:
[37m      10 │ ...BriefActions.submitSucceeded, ([32m_[37m, { brief }) => ({ status: 'suc...
         ╵                                   [32m^[0m


[31mX [41;31m[[41;97mERROR[41;31m][0m [1mTS7031: Binding element 'brief' implicitly has an 'any' type.[0m [1m[35m[plugin angular-compiler][0m

    src/app/core/state/brief.reducer.ts:10:41:
[37m      10 │ ...tions.submitSucceeded, (_, { [32mbrief[37m }) => ({ status: 'success' a...
         ╵                                 [32m~~~~~[0m


[31mX [41;31m[[41;97mERROR[41;31m][0m [1mTS7006: Parameter 'state' implicitly has an 'any' type.[0m [1m[35m[plugin angular-compiler][0m

    src/app/core/state/brief.reducer.ts:11:33:
[37m      11 │ ...(BriefActions.submitFailed, ([32mstate[37m, { error }) => ({ ...state, ...
         ╵                                 [32m~~~~~[0m


[31mX [41;31m[[41;97mERROR[41;31m][0m [1mTS7031: Binding element 'error' implicitly has an 'any' type.[0m [1m[35m[plugin angular-compiler][0m

    src/app/core/state/brief.reducer.ts:11:42:
[37m      11 │ ...ions.submitFailed, (state, { [32merror[37m }) => ({ ...state, status: '...
         ╵                                 [32m~~~~~[0m


[31mX [41;31m[[41;97mERROR[41;31m][0m [1mTS2307: Cannot find module '@ngrx/store' or its corresponding type declarations.[0m [1m[35m[plugin angular-compiler][0m

    src/app/core/state/brief.selectors.ts:1:38:
[37m      1 │ import { createFeatureSelector } from [32m'@ngrx/store'[37m;
        ╵                                       [32m~~~~~~~~~~~~~[0m


[31mX [41;31m[[41;97mERROR[41;31m][0m [1mTS2307: Cannot find module '@angular/core' or its corresponding type declarations.[0m [1m[35m[plugin angular-compiler][0m

    src/app/features/landing/landing-page.component.ts:1:77:
[37m      1 │ ...rategy, Component, computed, inject, signal } from [32m'@angular/core'[37m;
        ╵                                                       [32m~~~~~~~~~~~~~~~[0m


[31mX [41;31m[[41;97mERROR[41;31m][0m [1mTS2307: Cannot find module '@angular/forms' or its corresponding type declarations.[0m [1m[35m[plugin angular-compiler][0m

    src/app/features/landing/landing-page.component.ts:2:61:
[37m      2 │ ...activeFormsModule, FormBuilder, Validators } from [32m'@angular/forms'[37m;
        ╵                                                      [32m~~~~~~~~~~~~~~~~[0m


[31mX [41;31m[[41;97mERROR[41;31m][0m [1mTS2307: Cannot find module '@ngrx/store' or its corresponding type declarations.[0m [1m[35m[plugin angular-compiler][0m

    src/app/features/landing/landing-page.component.ts:3:22:
[37m      3 │ import { Store } from [32m'@ngrx/store'[37m;
        ╵                       [32m~~~~~~~~~~~~~[0m


[31mX [41;31m[[41;97mERROR[41;31m][0m [1mTS2307: Cannot find module '@angular/core/rxjs-interop' or its corresponding type declarations.[0m [1m[35m[plugin angular-compiler][0m

    src/app/features/landing/landing-page.component.ts:4:25:
[37m      4 │ import { toSignal } from [32m'@angular/core/rxjs-interop'[37m;
        ╵                          [32m~~~~~~~~~~~~~~~~~~~~~~~~~~~~[0m


[31mX [41;31m[[41;97mERROR[41;31m][0m [1mTS2354: This syntax requires an imported helper but module 'tslib' cannot be found.[0m [1m[35m[plugin angular-compiler][0m

    src/app/features/landing/landing-page.component.ts:9:0:
[37m      9 │ [32m@Component({[37m
        ╵ [32m~~~~~~~~~~~~[0m


[31mX [41;31m[[41;97mERROR[41;31m][0m [1mNG1010: changeDetection must be a member of ChangeDetectionStrategy enum from @angular/core
  Value could not be determined statically.[0m [1m[35m[plugin angular-compiler][0m

    src/app/features/landing/landing-page.component.ts:14:19:
[37m      14 │   changeDetection: [32mChangeDetectionStrategy.OnPush[37m
         ╵                    [32m~~~~~~~~~~~~~~~~~~~~~~~~~~~~~~[0m

  Unknown reference.

    src/app/features/landing/landing-page.component.ts:14:19:
[37m      14 │   changeDetection: [32mChangeDetectionStrategy[37m.OnPush
         ╵                    [32m~~~~~~~~~~~~~~~~~~~~~~~[0m


[31mX [41;31m[[41;97mERROR[41;31m][0m [1mTS2584: Cannot find name 'document'. Do you need to change your target library? Try changing the 'lib' compiler option to include 'dom'.[0m [1m[35m[plugin angular-compiler][0m

    src/app/features/landing/landing-page.component.ts:41:4:
[37m      41 │     [32mdocument[37m.getElementById(id)?.scrollIntoView({ behavior: 'smoot...
         ╵     [32m~~~~~~~~[0m


[31mX [41;31m[[41;97mERROR[41;31m][0m [1mTS7006: Parameter 'active' implicitly has an 'any' type.[0m [1m[35m[plugin angular-compiler][0m

    src/app/features/landing/landing-page.component.ts:45:68:
[37m      45 │ ...oid { this.activeFaq.update(([32mactive[37m) => active === index ? null...
         ╵                                 [32m~~~~~~[0m


[31mX [41;31m[[41;97mERROR[41;31m][0m [1mTS2307: Cannot find module '@angular/core' or its corresponding type declarations.[0m [1m[35m[plugin angular-compiler][0m

    src/app/shared/directives/reveal.directive.ts:1:92:
[37m      1 │ ...tRef, HostBinding, OnDestroy, inject, input } from [32m'@angular/core'[37m;
        ╵                                                       [32m~~~~~~~~~~~~~~~[0m


[31mX [41;31m[[41;97mERROR[41;31m][0m [1mTS2354: This syntax requires an imported helper but module 'tslib' cannot be found.[0m [1m[35m[plugin angular-compiler][0m

    src/app/shared/directives/reveal.directive.ts:3:0:
[37m      3 │ [32m@Directive({ selector: '[appReveal]' })[37m
        ╵ [32m~~~~~~~~~~~~~~~~~~~~~~~~~~~~~~~~~~~~~~~[0m


[31mX [41;31m[[41;97mERROR[41;31m][0m [1mTS2304: Cannot find name 'HTMLElement'.[0m [1m[35m[plugin angular-compiler][0m

    src/app/shared/directives/reveal.directive.ts:5:44:
[37m      5 │   private readonly host = inject(ElementRef<[32mHTMLElement[37m>);
        ╵                                             [32m~~~~~~~~~~~[0m


[31mX [41;31m[[41;97mERROR[41;31m][0m [1mTS2304: Cannot find name 'IntersectionObserver'.[0m [1m[35m[plugin angular-compiler][0m

    src/app/shared/directives/reveal.directive.ts:6:21:
[37m      6 │   private observer?: [32mIntersectionObserver[37m;
        ╵                      [32m~~~~~~~~~~~~~~~~~~~~[0m


[31mX [41;31m[[41;97mERROR[41;31m][0m [1mTS2304: Cannot find name 'IntersectionObserver'.[0m [1m[35m[plugin angular-compiler][0m

    src/app/shared/directives/reveal.directive.ts:12:15:
[37m      12 │     if (typeof [32mIntersectionObserver[37m === 'undefined') { this.host.n...
         ╵                [32m~~~~~~~~~~~~~~~~~~~~[0m


[31mX [41;31m[[41;97mERROR[41;31m][0m [1mTS2304: Cannot find name 'IntersectionObserver'.[0m [1m[35m[plugin angular-compiler][0m

    src/app/shared/directives/reveal.directive.ts:13:24:
[37m      13 │     this.observer = new [32mIntersectionObserver[37m(([entry]) => {
         ╵                         [32m~~~~~~~~~~~~~~~~~~~~[0m


[31mX [41;31m[[41;97mERROR[41;31m][0m [1mTS2488: Type '[any]' must have a '[Symbol.iterator]()' method that returns an iterator.[0m [1m[35m[plugin angular-compiler][0m

    src/app/shared/directives/reveal.directive.ts:13:46:
[37m      13 │     this.observer = new IntersectionObserver(([32m[entry][37m) => {
         ╵                                               [32m~~~~~~~[0m


[31mX [41;31m[[41;97mERROR[41;31m][0m [1mTS7031: Binding element 'entry' implicitly has an 'any' type.[0m [1m[35m[plugin angular-compiler][0m

    src/app/shared/directives/reveal.directive.ts:13:47:
[37m      13 │     this.observer = new IntersectionObserver(([[32mentry[37m]) => {
         ╵                                                [32m~~~~~[0m


[31mX [41;31m[[41;97mERROR[41;31m][0m [1mTS2307: Cannot find module '@angular/platform-browser' or its corresponding type declarations.[0m [1m[35m[plugin angular-compiler][0m

    src/main.ts:1:37:
[37m      1 │ import { bootstrapApplication } from [32m'@angular/platform-browser'[37m;
        ╵                                      [32m~~~~~~~~~~~~~~~~~~~~~~~~~~~[0m


[31mX [41;31m[[41;97mERROR[41;31m][0m [1mTS7006: Parameter 'err' implicitly has an 'any' type.[0m [1m[35m[plugin angular-compiler][0m

    src/main.ts:6:10:
[37m      6 │   .catch(([32merr[37m) => console.error(err));
        ╵           [32m~~~[0m


[31mX [41;31m[[41;97mERROR[41;31m][0m [1mTS2584: Cannot find name 'console'. Do you need to change your target library? Try changing the 'lib' compiler option to include 'dom'.[0m [1m[35m[plugin angular-compiler][0m

    src/main.ts:6:18:
[37m      6 │   .catch((err) => [32mconsole[37m.error(err));
        ╵                   [32m~~~~~~~[0m

[39m[22m
[33m>[39m Changes detected. Rebuilding...
[32m√[39m Changes detected. Rebuilding...
Application bundle generation failed. [0.000 seconds] - 2026-08-02T09:55:10.957Z

[1m[31m[31mX [41;31m[[41;97mERROR[41;31m][0m [1mTS6053: File 'C:/Users/shaha/OneDrive/Desktop/Neww/node_modules/typescript/lib/lib.es2022.full.d.ts' not found.
  The file is in the program because:
    Default library for target 'es2022'[0m [1m[35m[plugin angular-compiler][0m


[31mX [41;31m[[41;97mERROR[41;31m][0m [1mTS2318: Cannot find global type 'Array'.[0m [1m[35m[plugin angular-compiler][0m


[31mX [41;31m[[41;97mERROR[41;31m][0m [1mTS2318: Cannot find global type 'Boolean'.[0m [1m[35m[plugin angular-compiler][0m


[31mX [41;31m[[41;97mERROR[41;31m][0m [1mTS2318: Cannot find global type 'CallableFunction'.[0m [1m[35m[plugin angular-compiler][0m


[31mX [41;31m[[41;97mERROR[41;31m][0m [1mTS2318: Cannot find global type 'Function'.[0m [1m[35m[plugin angular-compiler][0m


[31mX [41;31m[[41;97mERROR[41;31m][0m [1mTS2318: Cannot find global type 'IArguments'.[0m [1m[35m[plugin angular-compiler][0m


[31mX [41;31m[[41;97mERROR[41;31m][0m [1mTS2318: Cannot find global type 'NewableFunction'.[0m [1m[35m[plugin angular-compiler][0m


[31mX [41;31m[[41;97mERROR[41;31m][0m [1mTS2318: Cannot find global type 'Number'.[0m [1m[35m[plugin angular-compiler][0m


[31mX [41;31m[[41;97mERROR[41;31m][0m [1mTS2318: Cannot find global type 'Object'.[0m [1m[35m[plugin angular-compiler][0m


[31mX [41;31m[[41;97mERROR[41;31m][0m [1mTS2318: Cannot find global type 'RegExp'.[0m [1m[35m[plugin angular-compiler][0m


[31mX [41;31m[[41;97mERROR[41;31m][0m [1mTS2318: Cannot find global type 'String'.[0m [1m[35m[plugin angular-compiler][0m


[31mX [41;31m[[41;97mERROR[41;31m][0m [1mTS2307: Cannot find module '@angular/core' or its corresponding type declarations.[0m [1m[35m[plugin angular-compiler][0m

    src/app/app.config.ts:1:70:
[37m      1 │ ...nConfig, provideBrowserGlobalErrorListeners } from [32m'@angular/core'[37m;
        ╵                                                       [32m~~~~~~~~~~~~~~~[0m


[31mX [41;31m[[41;97mERROR[41;31m][0m [1mTS2307: Cannot find module '@ngrx/effects' or its corresponding type declarations.[0m [1m[35m[plugin angular-compiler][0m

    src/app/app.config.ts:2:31:
[37m      2 │ import { provideEffects } from [32m'@ngrx/effects'[37m;
        ╵                                [32m~~~~~~~~~~~~~~~[0m


[31mX [41;31m[[41;97mERROR[41;31m][0m [1mTS2307: Cannot find module '@ngrx/store' or its corresponding type declarations.[0m [1m[35m[plugin angular-compiler][0m

    src/app/app.config.ts:3:29:
[37m      3 │ import { provideStore } from [32m'@ngrx/store'[37m;
        ╵                              [32m~~~~~~~~~~~~~[0m


[31mX [41;31m[[41;97mERROR[41;31m][0m [1mTS2307: Cannot find module '@angular/router' or its corresponding type declarations.[0m [1m[35m[plugin angular-compiler][0m

    src/app/app.config.ts:4:53:
[37m      4 │ ...rt { provideRouter, withInMemoryScrolling } from [32m'@angular/router'[37m;
        ╵                                                     [32m~~~~~~~~~~~~~~~~~[0m


[31mX [41;31m[[41;97mERROR[41;31m][0m [1mTS2307: Cannot find module '@angular/router' or its corresponding type declarations.[0m [1m[35m[plugin angular-compiler][0m

    src/app/app.routes.ts:1:23:
[37m      1 │ import { Routes } from [32m'@angular/router'[37m;
        ╵                        [32m~~~~~~~~~~~~~~~~~[0m


[31mX [41;31m[[41;97mERROR[41;31m][0m [1mTS2307: Cannot find module '@angular/core' or its corresponding type declarations.[0m [1m[35m[plugin angular-compiler][0m

    src/app/app.ts:1:26:
[37m      1 │ import { Component } from [32m'@angular/core'[37m;
        ╵                           [32m~~~~~~~~~~~~~~~[0m


[31mX [41;31m[[41;97mERROR[41;31m][0m [1mTS2307: Cannot find module '@angular/router' or its corresponding type declarations.[0m [1m[35m[plugin angular-compiler][0m

    src/app/app.ts:2:29:
[37m      2 │ import { RouterOutlet } from [32m'@angular/router'[37m;
        ╵                              [32m~~~~~~~~~~~~~~~~~[0m


[31mX [41;31m[[41;97mERROR[41;31m][0m [1mTS2354: This syntax requires an imported helper but module 'tslib' cannot be found.[0m [1m[35m[plugin angular-compiler][0m

    src/app/app.ts:4:0:
[37m      4 │ [32m@Component({[37m
        ╵ [32m~~~~~~~~~~~~[0m


[31mX [41;31m[[41;97mERROR[41;31m][0m [1mNG1010: 'imports' must be an array of components, directives, pipes, or NgModules.
  Value could not be determined statically.[0m [1m[35m[plugin angular-compiler][0m

    src/app/app.ts:6:12:
[37m      6 │   imports: [[32mRouterOutlet[37m],
        ╵             [32m~~~~~~~~~~~~[0m

  Unknown reference.

    src/app/app.ts:6:12:
[37m      6 │   imports: [[32mRouterOutlet[37m],
        ╵             [32m~~~~~~~~~~~~[0m


[31mX [41;31m[[41;97mERROR[41;31m][0m [1mTS2307: Cannot find module '@angular/core' or its corresponding type declarations.[0m [1m[35m[plugin angular-compiler][0m

    src/app/core/services/brief-gateway.service.ts:1:27:
[37m      1 │ import { Injectable } from [32m'@angular/core'[37m;
        ╵                            [32m~~~~~~~~~~~~~~~[0m


[31mX [41;31m[[41;97mERROR[41;31m][0m [1mTS2307: Cannot find module 'rxjs' or its corresponding type declarations.[0m [1m[35m[plugin angular-compiler][0m

    src/app/core/services/brief-gateway.service.ts:2:38:
[37m      2 │ import { delay, Observable, of } from [32m'rxjs'[37m;
        ╵                                       [32m~~~~~~[0m


[31mX [41;31m[[41;97mERROR[41;31m][0m [1mTS2354: This syntax requires an imported helper but module 'tslib' cannot be found.[0m [1m[35m[plugin angular-compiler][0m

    src/app/core/services/brief-gateway.service.ts:6:0:
[37m      6 │ [32m@Injectable({ providedIn: 'root' })[37m
        ╵ [32m~~~~~~~~~~~~~~~~~~~~~~~~~~~~~~~~~~~[0m


[31mX [41;31m[[41;97mERROR[41;31m][0m [1mTS2304: Cannot find name 'Math'.[0m [1m[35m[plugin angular-compiler][0m

    src/app/core/services/brief-gateway.service.ts:11:19:
[37m      11 │       id: `brief-${[32mMath[37m.random().toString(36).slice(2, 8)}`,
         ╵                    [32m~~~~[0m


[31mX [41;31m[[41;97mERROR[41;31m][0m [1mTS2304: Cannot find name 'Date'.[0m [1m[35m[plugin angular-compiler][0m

    src/app/core/services/brief-gateway.service.ts:12:23:
[37m      12 │       submittedAt: new [32mDate[37m().toISOString()
         ╵                        [32m~~~~[0m


[31mX [41;31m[[41;97mERROR[41;31m][0m [1mTS2307: Cannot find module '@ngrx/store' or its corresponding type declarations.[0m [1m[35m[plugin angular-compiler][0m

    src/app/core/state/brief.actions.ts:1:53:
[37m      1 │ import { createActionGroup, emptyProps, props } from [32m'@ngrx/store'[37m;
        ╵                                                      [32m~~~~~~~~~~~~~[0m


[31mX [41;31m[[41;97mERROR[41;31m][0m [1mTS2307: Cannot find module '@angular/core' or its corresponding type declarations.[0m [1m[35m[plugin angular-compiler][0m

    src/app/core/state/brief.effects.ts:1:35:
[37m      1 │ import { Injectable, inject } from [32m'@angular/core'[37m;
        ╵                                    [32m~~~~~~~~~~~~~~~[0m


[31mX [41;31m[[41;97mERROR[41;31m][0m [1mTS2307: Cannot find module '@ngrx/effects' or its corresponding type declarations.[0m [1m[35m[plugin angular-compiler][0m

    src/app/core/state/brief.effects.ts:2:46:
[37m      2 │ import { Actions, createEffect, ofType } from [32m'@ngrx/effects'[37m;
        ╵                                               [32m~~~~~~~~~~~~~~~[0m


[31mX [41;31m[[41;97mERROR[41;31m][0m [1mTS2307: Cannot find module 'rxjs/operators' or its corresponding type declarations.[0m [1m[35m[plugin angular-compiler][0m

    src/app/core/state/brief.effects.ts:3:43:
[37m      3 │ import { catchError, map, switchMap } from [32m'rxjs/operators'[37m;
        ╵                                            [32m~~~~~~~~~~~~~~~~[0m


[31mX [41;31m[[41;97mERROR[41;31m][0m [1mTS2307: Cannot find module 'rxjs' or its corresponding type declarations.[0m [1m[35m[plugin angular-compiler][0m

    src/app/core/state/brief.effects.ts:4:19:
[37m      4 │ import { of } from [32m'rxjs'[37m;
        ╵                    [32m~~~~~~[0m


[31mX [41;31m[[41;97mERROR[41;31m][0m [1mTS2354: This syntax requires an imported helper but module 'tslib' cannot be found.[0m [1m[35m[plugin angular-compiler][0m

    src/app/core/state/brief.effects.ts:8:0:
[37m      8 │ [32m@Injectable()[37m
        ╵ [32m~~~~~~~~~~~~~[0m


[31mX [41;31m[[41;97mERROR[41;31m][0m [1mTS7031: Binding element 'brief' implicitly has an 'any' type.[0m [1m[35m[plugin angular-compiler][0m

    src/app/core/state/brief.effects.ts:15:17:
[37m      15 │     switchMap(({ [32mbrief[37m }) => this.gateway.submit(brief).pipe(
         ╵                  [32m~~~~~[0m


[31mX [41;31m[[41;97mERROR[41;31m][0m [1mTS7006: Parameter 'submittedBrief' implicitly has an 'any' type.[0m [1m[35m[plugin angular-compiler][0m

    src/app/core/state/brief.effects.ts:16:11:
[37m      16 │       map(([32msubmittedBrief[37m) => BriefActions.submitSucceeded({ brief...
         ╵            [32m~~~~~~~~~~~~~~[0m


[31mX [41;31m[[41;97mERROR[41;31m][0m [1mTS2307: Cannot find module '@ngrx/store' or its corresponding type declarations.[0m [1m[35m[plugin angular-compiler][0m

    src/app/core/state/brief.reducer.ts:1:34:
[37m      1 │ import { createReducer, on } from [32m'@ngrx/store'[37m;
        ╵                                   [32m~~~~~~~~~~~~~[0m


[31mX [41;31m[[41;97mERROR[41;31m][0m [1mTS7006: Parameter 'state' implicitly has an 'any' type.[0m [1m[35m[plugin angular-compiler][0m

    src/app/core/state/brief.reducer.ts:9:36:
[37m      9 │ ...riefActions.submitRequested, ([32mstate[37m) => ({ ...state, status: 'su...
        ╵                                  [32m~~~~~[0m


[31mX [41;31m[[41;97mERROR[41;31m][0m [1mTS7006: Parameter '_' implicitly has an 'any' type.[0m [1m[35m[plugin angular-compiler][0m

    src/app/core/state/brief.reducer.ts:10:36:
[37m      10 │ ...BriefActions.submitSucceeded, ([32m_[37m, { brief }) => ({ status: 'suc...
         ╵                                   [32m^[0m


[31mX [41;31m[[41;97mERROR[41;31m][0m [1mTS7031: Binding element 'brief' implicitly has an 'any' type.[0m [1m[35m[plugin angular-compiler][0m

    src/app/core/state/brief.reducer.ts:10:41:
[37m      10 │ ...tions.submitSucceeded, (_, { [32mbrief[37m }) => ({ status: 'success' a...
         ╵                                 [32m~~~~~[0m


[31mX [41;31m[[41;97mERROR[41;31m][0m [1mTS7006: Parameter 'state' implicitly has an 'any' type.[0m [1m[35m[plugin angular-compiler][0m

    src/app/core/state/brief.reducer.ts:11:33:
[37m      11 │ ...(BriefActions.submitFailed, ([32mstate[37m, { error }) => ({ ...state, ...
         ╵                                 [32m~~~~~[0m


[31mX [41;31m[[41;97mERROR[41;31m][0m [1mTS7031: Binding element 'error' implicitly has an 'any' type.[0m [1m[35m[plugin angular-compiler][0m

    src/app/core/state/brief.reducer.ts:11:42:
[37m      11 │ ...ions.submitFailed, (state, { [32merror[37m }) => ({ ...state, status: '...
         ╵                                 [32m~~~~~[0m


[31mX [41;31m[[41;97mERROR[41;31m][0m [1mTS2307: Cannot find module '@ngrx/store' or its corresponding type declarations.[0m [1m[35m[plugin angular-compiler][0m

    src/app/core/state/brief.selectors.ts:1:38:
[37m      1 │ import { createFeatureSelector } from [32m'@ngrx/store'[37m;
        ╵                                       [32m~~~~~~~~~~~~~[0m


[31mX [41;31m[[41;97mERROR[41;31m][0m [1mTS2307: Cannot find module '@angular/core' or its corresponding type declarations.[0m [1m[35m[plugin angular-compiler][0m

    src/app/features/landing/landing-page.component.ts:1:77:
[37m      1 │ ...rategy, Component, computed, inject, signal } from [32m'@angular/core'[37m;
        ╵                                                       [32m~~~~~~~~~~~~~~~[0m


[31mX [41;31m[[41;97mERROR[41;31m][0m [1mTS2307: Cannot find module '@angular/forms' or its corresponding type declarations.[0m [1m[35m[plugin angular-compiler][0m

    src/app/features/landing/landing-page.component.ts:2:61:
[37m      2 │ ...activeFormsModule, FormBuilder, Validators } from [32m'@angular/forms'[37m;
        ╵                                                      [32m~~~~~~~~~~~~~~~~[0m


[31mX [41;31m[[41;97mERROR[41;31m][0m [1mTS2307: Cannot find module '@ngrx/store' or its corresponding type declarations.[0m [1m[35m[plugin angular-compiler][0m

    src/app/features/landing/landing-page.component.ts:3:22:
[37m      3 │ import { Store } from [32m'@ngrx/store'[37m;
        ╵                       [32m~~~~~~~~~~~~~[0m


[31mX [41;31m[[41;97mERROR[41;31m][0m [1mTS2307: Cannot find module '@angular/core/rxjs-interop' or its corresponding type declarations.[0m [1m[35m[plugin angular-compiler][0m

    src/app/features/landing/landing-page.component.ts:4:25:
[37m      4 │ import { toSignal } from [32m'@angular/core/rxjs-interop'[37m;
        ╵                          [32m~~~~~~~~~~~~~~~~~~~~~~~~~~~~[0m


[31mX [41;31m[[41;97mERROR[41;31m][0m [1mTS2354: This syntax requires an imported helper but module 'tslib' cannot be found.[0m [1m[35m[plugin angular-compiler][0m

    src/app/features/landing/landing-page.component.ts:9:0:
[37m      9 │ [32m@Component({[37m
        ╵ [32m~~~~~~~~~~~~[0m


[31mX [41;31m[[41;97mERROR[41;31m][0m [1mNG1010: changeDetection must be a member of ChangeDetectionStrategy enum from @angular/core
  Value could not be determined statically.[0m [1m[35m[plugin angular-compiler][0m

    src/app/features/landing/landing-page.component.ts:14:19:
[37m      14 │   changeDetection: [32mChangeDetectionStrategy.OnPush[37m
         ╵                    [32m~~~~~~~~~~~~~~~~~~~~~~~~~~~~~~[0m

  Unknown reference.

    src/app/features/landing/landing-page.component.ts:14:19:
[37m      14 │   changeDetection: [32mChangeDetectionStrategy[37m.OnPush
         ╵                    [32m~~~~~~~~~~~~~~~~~~~~~~~[0m


[31mX [41;31m[[41;97mERROR[41;31m][0m [1mTS2584: Cannot find name 'document'. Do you need to change your target library? Try changing the 'lib' compiler option to include 'dom'.[0m [1m[35m[plugin angular-compiler][0m

    src/app/features/landing/landing-page.component.ts:41:4:
[37m      41 │     [32mdocument[37m.getElementById(id)?.scrollIntoView({ behavior: 'smoot...
         ╵     [32m~~~~~~~~[0m


[31mX [41;31m[[41;97mERROR[41;31m][0m [1mTS7006: Parameter 'active' implicitly has an 'any' type.[0m [1m[35m[plugin angular-compiler][0m

    src/app/features/landing/landing-page.component.ts:45:68:
[37m      45 │ ...oid { this.activeFaq.update(([32mactive[37m) => active === index ? null...
         ╵                                 [32m~~~~~~[0m


[31mX [41;31m[[41;97mERROR[41;31m][0m [1mTS2307: Cannot find module '@angular/core' or its corresponding type declarations.[0m [1m[35m[plugin angular-compiler][0m

    src/app/shared/directives/reveal.directive.ts:1:92:
[37m      1 │ ...tRef, HostBinding, OnDestroy, inject, input } from [32m'@angular/core'[37m;
        ╵                                                       [32m~~~~~~~~~~~~~~~[0m


[31mX [41;31m[[41;97mERROR[41;31m][0m [1mTS2354: This syntax requires an imported helper but module 'tslib' cannot be found.[0m [1m[35m[plugin angular-compiler][0m

    src/app/shared/directives/reveal.directive.ts:3:0:
[37m      3 │ [32m@Directive({ selector: '[appReveal]' })[37m
        ╵ [32m~~~~~~~~~~~~~~~~~~~~~~~~~~~~~~~~~~~~~~~[0m


[31mX [41;31m[[41;97mERROR[41;31m][0m [1mTS2304: Cannot find name 'HTMLElement'.[0m [1m[35m[plugin angular-compiler][0m

    src/app/shared/directives/reveal.directive.ts:5:44:
[37m      5 │   private readonly host = inject(ElementRef<[32mHTMLElement[37m>);
        ╵                                             [32m~~~~~~~~~~~[0m


[31mX [41;31m[[41;97mERROR[41;31m][0m [1mTS2304: Cannot find name 'IntersectionObserver'.[0m [1m[35m[plugin angular-compiler][0m

    src/app/shared/directives/reveal.directive.ts:6:21:
[37m      6 │   private observer?: [32mIntersectionObserver[37m;
        ╵                      [32m~~~~~~~~~~~~~~~~~~~~[0m


[31mX [41;31m[[41;97mERROR[41;31m][0m [1mTS2304: Cannot find name 'IntersectionObserver'.[0m [1m[35m[plugin angular-compiler][0m

    src/app/shared/directives/reveal.directive.ts:12:15:
[37m      12 │     if (typeof [32mIntersectionObserver[37m === 'undefined') { this.host.n...
         ╵                [32m~~~~~~~~~~~~~~~~~~~~[0m


[31mX [41;31m[[41;97mERROR[41;31m][0m [1mTS2304: Cannot find name 'IntersectionObserver'.[0m [1m[35m[plugin angular-compiler][0m

    src/app/shared/directives/reveal.directive.ts:13:24:
[37m      13 │     this.observer = new [32mIntersectionObserver[37m(([entry]) => {
         ╵                         [32m~~~~~~~~~~~~~~~~~~~~[0m


[31mX [41;31m[[41;97mERROR[41;31m][0m [1mTS2488: Type '[any]' must have a '[Symbol.iterator]()' method that returns an iterator.[0m [1m[35m[plugin angular-compiler][0m

    src/app/shared/directives/reveal.directive.ts:13:46:
[37m      13 │     this.observer = new IntersectionObserver(([32m[entry][37m) => {
         ╵                                               [32m~~~~~~~[0m


[31mX [41;31m[[41;97mERROR[41;31m][0m [1mTS7031: Binding element 'entry' implicitly has an 'any' type.[0m [1m[35m[plugin angular-compiler][0m

    src/app/shared/directives/reveal.directive.ts:13:47:
[37m      13 │     this.observer = new IntersectionObserver(([[32mentry[37m]) => {
         ╵                                                [32m~~~~~[0m


[31mX [41;31m[[41;97mERROR[41;31m][0m [1mTS2307: Cannot find module '@angular/platform-browser' or its corresponding type declarations.[0m [1m[35m[plugin angular-compiler][0m

    src/main.ts:1:37:
[37m      1 │ import { bootstrapApplication } from [32m'@angular/platform-browser'[37m;
        ╵                                      [32m~~~~~~~~~~~~~~~~~~~~~~~~~~~[0m


[31mX [41;31m[[41;97mERROR[41;31m][0m [1mTS7006: Parameter 'err' implicitly has an 'any' type.[0m [1m[35m[plugin angular-compiler][0m

    src/main.ts:6:10:
[37m      6 │   .catch(([32merr[37m) => console.error(err));
        ╵           [32m~~~[0m


[31mX [41;31m[[41;97mERROR[41;31m][0m [1mTS2584: Cannot find name 'console'. Do you need to change your target library? Try changing the 'lib' compiler option to include 'dom'.[0m [1m[35m[plugin angular-compiler][0m

    src/main.ts:6:18:
[37m      6 │   .catch((err) => [32mconsole[37m.error(err));
        ╵                   [32m~~~~~~~[0m

[39m[22m
[33m>[39m Changes detected. Rebuilding...
[32m√[39m Changes detected. Rebuilding...
Application bundle generation failed. [2.009 seconds] - 2026-08-02T10:08:07.931Z

[1m[31m[31mX [41;31m[[41;97mERROR[41;31m][0m [1mTS6053: File 'C:/Users/shaha/OneDrive/Desktop/Neww/node_modules/typescript/lib/lib.es2022.full.d.ts' not found.
  The file is in the program because:
    Default library for target 'es2022'[0m [1m[35m[plugin angular-compiler][0m


[31mX [41;31m[[41;97mERROR[41;31m][0m [1mTS2318: Cannot find global type 'Array'.[0m [1m[35m[plugin angular-compiler][0m


[31mX [41;31m[[41;97mERROR[41;31m][0m [1mTS2318: Cannot find global type 'Boolean'.[0m [1m[35m[plugin angular-compiler][0m


[31mX [41;31m[[41;97mERROR[41;31m][0m [1mTS2318: Cannot find global type 'CallableFunction'.[0m [1m[35m[plugin angular-compiler][0m


[31mX [41;31m[[41;97mERROR[41;31m][0m [1mTS2318: Cannot find global type 'Function'.[0m [1m[35m[plugin angular-compiler][0m


[31mX [41;31m[[41;97mERROR[41;31m][0m [1mTS2318: Cannot find global type 'IArguments'.[0m [1m[35m[plugin angular-compiler][0m


[31mX [41;31m[[41;97mERROR[41;31m][0m [1mTS2318: Cannot find global type 'NewableFunction'.[0m [1m[35m[plugin angular-compiler][0m


[31mX [41;31m[[41;97mERROR[41;31m][0m [1mTS2318: Cannot find global type 'Number'.[0m [1m[35m[plugin angular-compiler][0m


[31mX [41;31m[[41;97mERROR[41;31m][0m [1mTS2318: Cannot find global type 'Object'.[0m [1m[35m[plugin angular-compiler][0m


[31mX [41;31m[[41;97mERROR[41;31m][0m [1mTS2318: Cannot find global type 'RegExp'.[0m [1m[35m[plugin angular-compiler][0m


[31mX [41;31m[[41;97mERROR[41;31m][0m [1mTS2318: Cannot find global type 'String'.[0m [1m[35m[plugin angular-compiler][0m


[31mX [41;31m[[41;97mERROR[41;31m][0m [1mTS2307: Cannot find module '@angular/core' or its corresponding type declarations.[0m [1m[35m[plugin angular-compiler][0m

    src/app/app.config.ts:1:70:
[37m      1 │ ...nConfig, provideBrowserGlobalErrorListeners } from [32m'@angular/core'[37m;
        ╵                                                       [32m~~~~~~~~~~~~~~~[0m


[31mX [41;31m[[41;97mERROR[41;31m][0m [1mTS2307: Cannot find module '@ngrx/effects' or its corresponding type declarations.[0m [1m[35m[plugin angular-compiler][0m

    src/app/app.config.ts:2:31:
[37m      2 │ import { provideEffects } from [32m'@ngrx/effects'[37m;
        ╵                                [32m~~~~~~~~~~~~~~~[0m


[31mX [41;31m[[41;97mERROR[41;31m][0m [1mTS2307: Cannot find module '@ngrx/store' or its corresponding type declarations.[0m [1m[35m[plugin angular-compiler][0m

    src/app/app.config.ts:3:29:
[37m      3 │ import { provideStore } from [32m'@ngrx/store'[37m;
        ╵                              [32m~~~~~~~~~~~~~[0m


[31mX [41;31m[[41;97mERROR[41;31m][0m [1mTS2307: Cannot find module '@angular/router' or its corresponding type declarations.[0m [1m[35m[plugin angular-compiler][0m

    src/app/app.config.ts:4:53:
[37m      4 │ ...rt { provideRouter, withInMemoryScrolling } from [32m'@angular/router'[37m;
        ╵                                                     [32m~~~~~~~~~~~~~~~~~[0m


[31mX [41;31m[[41;97mERROR[41;31m][0m [1mTS2307: Cannot find module '@angular/router' or its corresponding type declarations.[0m [1m[35m[plugin angular-compiler][0m

    src/app/app.routes.ts:1:23:
[37m      1 │ import { Routes } from [32m'@angular/router'[37m;
        ╵                        [32m~~~~~~~~~~~~~~~~~[0m


[31mX [41;31m[[41;97mERROR[41;31m][0m [1mTS2307: Cannot find module '@angular/core' or its corresponding type declarations.[0m [1m[35m[plugin angular-compiler][0m

    src/app/app.ts:1:26:
[37m      1 │ import { Component } from [32m'@angular/core'[37m;
        ╵                           [32m~~~~~~~~~~~~~~~[0m


[31mX [41;31m[[41;97mERROR[41;31m][0m [1mTS2307: Cannot find module '@angular/router' or its corresponding type declarations.[0m [1m[35m[plugin angular-compiler][0m

    src/app/app.ts:2:29:
[37m      2 │ import { RouterOutlet } from [32m'@angular/router'[37m;
        ╵                              [32m~~~~~~~~~~~~~~~~~[0m


[31mX [41;31m[[41;97mERROR[41;31m][0m [1mTS2354: This syntax requires an imported helper but module 'tslib' cannot be found.[0m [1m[35m[plugin angular-compiler][0m

    src/app/app.ts:4:0:
[37m      4 │ [32m@Component({[37m
        ╵ [32m~~~~~~~~~~~~[0m


[31mX [41;31m[[41;97mERROR[41;31m][0m [1mNG1010: 'imports' must be an array of components, directives, pipes, or NgModules.
  Value could not be determined statically.[0m [1m[35m[plugin angular-compiler][0m

    src/app/app.ts:6:12:
[37m      6 │   imports: [[32mRouterOutlet[37m],
        ╵             [32m~~~~~~~~~~~~[0m

  Unknown reference.

    src/app/app.ts:6:12:
[37m      6 │   imports: [[32mRouterOutlet[37m],
        ╵             [32m~~~~~~~~~~~~[0m


[31mX [41;31m[[41;97mERROR[41;31m][0m [1mTS2307: Cannot find module '@angular/core' or its corresponding type declarations.[0m [1m[35m[plugin angular-compiler][0m

    src/app/core/services/brief-gateway.service.ts:1:27:
[37m      1 │ import { Injectable } from [32m'@angular/core'[37m;
        ╵                            [32m~~~~~~~~~~~~~~~[0m


[31mX [41;31m[[41;97mERROR[41;31m][0m [1mTS2307: Cannot find module 'rxjs' or its corresponding type declarations.[0m [1m[35m[plugin angular-compiler][0m

    src/app/core/services/brief-gateway.service.ts:2:38:
[37m      2 │ import { delay, Observable, of } from [32m'rxjs'[37m;
        ╵                                       [32m~~~~~~[0m


[31mX [41;31m[[41;97mERROR[41;31m][0m [1mTS2354: This syntax requires an imported helper but module 'tslib' cannot be found.[0m [1m[35m[plugin angular-compiler][0m

    src/app/core/services/brief-gateway.service.ts:6:0:
[37m      6 │ [32m@Injectable({ providedIn: 'root' })[37m
        ╵ [32m~~~~~~~~~~~~~~~~~~~~~~~~~~~~~~~~~~~[0m


[31mX [41;31m[[41;97mERROR[41;31m][0m [1mTS2304: Cannot find name 'Math'.[0m [1m[35m[plugin angular-compiler][0m

    src/app/core/services/brief-gateway.service.ts:11:19:
[37m      11 │       id: `brief-${[32mMath[37m.random().toString(36).slice(2, 8)}`,
         ╵                    [32m~~~~[0m


[31mX [41;31m[[41;97mERROR[41;31m][0m [1mTS2304: Cannot find name 'Date'.[0m [1m[35m[plugin angular-compiler][0m

    src/app/core/services/brief-gateway.service.ts:12:23:
[37m      12 │       submittedAt: new [32mDate[37m().toISOString()
         ╵                        [32m~~~~[0m


[31mX [41;31m[[41;97mERROR[41;31m][0m [1mTS2307: Cannot find module '@ngrx/store' or its corresponding type declarations.[0m [1m[35m[plugin angular-compiler][0m

    src/app/core/state/brief.actions.ts:1:53:
[37m      1 │ import { createActionGroup, emptyProps, props } from [32m'@ngrx/store'[37m;
        ╵                                                      [32m~~~~~~~~~~~~~[0m


[31mX [41;31m[[41;97mERROR[41;31m][0m [1mTS2307: Cannot find module '@angular/core' or its corresponding type declarations.[0m [1m[35m[plugin angular-compiler][0m

    src/app/core/state/brief.effects.ts:1:35:
[37m      1 │ import { Injectable, inject } from [32m'@angular/core'[37m;
        ╵                                    [32m~~~~~~~~~~~~~~~[0m


[31mX [41;31m[[41;97mERROR[41;31m][0m [1mTS2307: Cannot find module '@ngrx/effects' or its corresponding type declarations.[0m [1m[35m[plugin angular-compiler][0m

    src/app/core/state/brief.effects.ts:2:46:
[37m      2 │ import { Actions, createEffect, ofType } from [32m'@ngrx/effects'[37m;
        ╵                                               [32m~~~~~~~~~~~~~~~[0m


[31mX [41;31m[[41;97mERROR[41;31m][0m [1mTS2307: Cannot find module 'rxjs/operators' or its corresponding type declarations.[0m [1m[35m[plugin angular-compiler][0m

    src/app/core/state/brief.effects.ts:3:43:
[37m      3 │ import { catchError, map, switchMap } from [32m'rxjs/operators'[37m;
        ╵                                            [32m~~~~~~~~~~~~~~~~[0m


[31mX [41;31m[[41;97mERROR[41;31m][0m [1mTS2307: Cannot find module 'rxjs' or its corresponding type declarations.[0m [1m[35m[plugin angular-compiler][0m

    src/app/core/state/brief.effects.ts:4:19:
[37m      4 │ import { of } from [32m'rxjs'[37m;
        ╵                    [32m~~~~~~[0m


[31mX [41;31m[[41;97mERROR[41;31m][0m [1mTS2354: This syntax requires an imported helper but module 'tslib' cannot be found.[0m [1m[35m[plugin angular-compiler][0m

    src/app/core/state/brief.effects.ts:8:0:
[37m      8 │ [32m@Injectable()[37m
        ╵ [32m~~~~~~~~~~~~~[0m


[31mX [41;31m[[41;97mERROR[41;31m][0m [1mTS7031: Binding element 'brief' implicitly has an 'any' type.[0m [1m[35m[plugin angular-compiler][0m

    src/app/core/state/brief.effects.ts:15:17:
[37m      15 │     switchMap(({ [32mbrief[37m }) => this.gateway.submit(brief).pipe(
         ╵                  [32m~~~~~[0m


[31mX [41;31m[[41;97mERROR[41;31m][0m [1mTS7006: Parameter 'submittedBrief' implicitly has an 'any' type.[0m [1m[35m[plugin angular-compiler][0m

    src/app/core/state/brief.effects.ts:16:11:
[37m      16 │       map(([32msubmittedBrief[37m) => BriefActions.submitSucceeded({ brief...
         ╵            [32m~~~~~~~~~~~~~~[0m


[31mX [41;31m[[41;97mERROR[41;31m][0m [1mTS2307: Cannot find module '@ngrx/store' or its corresponding type declarations.[0m [1m[35m[plugin angular-compiler][0m

    src/app/core/state/brief.reducer.ts:1:34:
[37m      1 │ import { createReducer, on } from [32m'@ngrx/store'[37m;
        ╵                                   [32m~~~~~~~~~~~~~[0m


[31mX [41;31m[[41;97mERROR[41;31m][0m [1mTS7006: Parameter 'state' implicitly has an 'any' type.[0m [1m[35m[plugin angular-compiler][0m

    src/app/core/state/brief.reducer.ts:9:36:
[37m      9 │ ...riefActions.submitRequested, ([32mstate[37m) => ({ ...state, status: 'su...
        ╵                                  [32m~~~~~[0m


[31mX [41;31m[[41;97mERROR[41;31m][0m [1mTS7006: Parameter '_' implicitly has an 'any' type.[0m [1m[35m[plugin angular-compiler][0m

    src/app/core/state/brief.reducer.ts:10:36:
[37m      10 │ ...BriefActions.submitSucceeded, ([32m_[37m, { brief }) => ({ status: 'suc...
         ╵                                   [32m^[0m


[31mX [41;31m[[41;97mERROR[41;31m][0m [1mTS7031: Binding element 'brief' implicitly has an 'any' type.[0m [1m[35m[plugin angular-compiler][0m

    src/app/core/state/brief.reducer.ts:10:41:
[37m      10 │ ...tions.submitSucceeded, (_, { [32mbrief[37m }) => ({ status: 'success' a...
         ╵                                 [32m~~~~~[0m


[31mX [41;31m[[41;97mERROR[41;31m][0m [1mTS7006: Parameter 'state' implicitly has an 'any' type.[0m [1m[35m[plugin angular-compiler][0m

    src/app/core/state/brief.reducer.ts:11:33:
[37m      11 │ ...(BriefActions.submitFailed, ([32mstate[37m, { error }) => ({ ...state, ...
         ╵                                 [32m~~~~~[0m


[31mX [41;31m[[41;97mERROR[41;31m][0m [1mTS7031: Binding element 'error' implicitly has an 'any' type.[0m [1m[35m[plugin angular-compiler][0m

    src/app/core/state/brief.reducer.ts:11:42:
[37m      11 │ ...ions.submitFailed, (state, { [32merror[37m }) => ({ ...state, status: '...
         ╵                                 [32m~~~~~[0m


[31mX [41;31m[[41;97mERROR[41;31m][0m [1mTS2307: Cannot find module '@ngrx/store' or its corresponding type declarations.[0m [1m[35m[plugin angular-compiler][0m

    src/app/core/state/brief.selectors.ts:1:38:
[37m      1 │ import { createFeatureSelector } from [32m'@ngrx/store'[37m;
        ╵                                       [32m~~~~~~~~~~~~~[0m


[31mX [41;31m[[41;97mERROR[41;31m][0m [1mTS2307: Cannot find module '@angular/core' or its corresponding type declarations.[0m [1m[35m[plugin angular-compiler][0m

    src/app/features/landing/landing-page.component.ts:1:77:
[37m      1 │ ...rategy, Component, computed, inject, signal } from [32m'@angular/core'[37m;
        ╵                                                       [32m~~~~~~~~~~~~~~~[0m


[31mX [41;31m[[41;97mERROR[41;31m][0m [1mTS2307: Cannot find module '@angular/forms' or its corresponding type declarations.[0m [1m[35m[plugin angular-compiler][0m

    src/app/features/landing/landing-page.component.ts:2:61:
[37m      2 │ ...activeFormsModule, FormBuilder, Validators } from [32m'@angular/forms'[37m;
        ╵                                                      [32m~~~~~~~~~~~~~~~~[0m


[31mX [41;31m[[41;97mERROR[41;31m][0m [1mTS2307: Cannot find module '@ngrx/store' or its corresponding type declarations.[0m [1m[35m[plugin angular-compiler][0m

    src/app/features/landing/landing-page.component.ts:3:22:
[37m      3 │ import { Store } from [32m'@ngrx/store'[37m;
        ╵                       [32m~~~~~~~~~~~~~[0m


[31mX [41;31m[[41;97mERROR[41;31m][0m [1mTS2307: Cannot find module '@angular/core/rxjs-interop' or its corresponding type declarations.[0m [1m[35m[plugin angular-compiler][0m

    src/app/features/landing/landing-page.component.ts:4:25:
[37m      4 │ import { toSignal } from [32m'@angular/core/rxjs-interop'[37m;
        ╵                          [32m~~~~~~~~~~~~~~~~~~~~~~~~~~~~[0m


[31mX [41;31m[[41;97mERROR[41;31m][0m [1mTS2354: This syntax requires an imported helper but module 'tslib' cannot be found.[0m [1m[35m[plugin angular-compiler][0m

    src/app/features/landing/landing-page.component.ts:9:0:
[37m      9 │ [32m@Component({[37m
        ╵ [32m~~~~~~~~~~~~[0m


[31mX [41;31m[[41;97mERROR[41;31m][0m [1mNG1010: changeDetection must be a member of ChangeDetectionStrategy enum from @angular/core
  Value could not be determined statically.[0m [1m[35m[plugin angular-compiler][0m

    src/app/features/landing/landing-page.component.ts:14:19:
[37m      14 │   changeDetection: [32mChangeDetectionStrategy.OnPush[37m
         ╵                    [32m~~~~~~~~~~~~~~~~~~~~~~~~~~~~~~[0m

  Unknown reference.

    src/app/features/landing/landing-page.component.ts:14:19:
[37m      14 │   changeDetection: [32mChangeDetectionStrategy[37m.OnPush
         ╵                    [32m~~~~~~~~~~~~~~~~~~~~~~~[0m


[31mX [41;31m[[41;97mERROR[41;31m][0m [1mTS2584: Cannot find name 'document'. Do you need to change your target library? Try changing the 'lib' compiler option to include 'dom'.[0m [1m[35m[plugin angular-compiler][0m

    src/app/features/landing/landing-page.component.ts:41:4:
[37m      41 │     [32mdocument[37m.getElementById(id)?.scrollIntoView({ behavior: 'smoot...
         ╵     [32m~~~~~~~~[0m


[31mX [41;31m[[41;97mERROR[41;31m][0m [1mTS7006: Parameter 'active' implicitly has an 'any' type.[0m [1m[35m[plugin angular-compiler][0m

    src/app/features/landing/landing-page.component.ts:45:68:
[37m      45 │ ...oid { this.activeFaq.update(([32mactive[37m) => active === index ? null...
         ╵                                 [32m~~~~~~[0m


[31mX [41;31m[[41;97mERROR[41;31m][0m [1mTS2307: Cannot find module '@angular/core' or its corresponding type declarations.[0m [1m[35m[plugin angular-compiler][0m

    src/app/shared/directives/reveal.directive.ts:1:92:
[37m      1 │ ...tRef, HostBinding, OnDestroy, inject, input } from [32m'@angular/core'[37m;
        ╵                                                       [32m~~~~~~~~~~~~~~~[0m


[31mX [41;31m[[41;97mERROR[41;31m][0m [1mTS2354: This syntax requires an imported helper but module 'tslib' cannot be found.[0m [1m[35m[plugin angular-compiler][0m

    src/app/shared/directives/reveal.directive.ts:3:0:
[37m      3 │ [32m@Directive({ selector: '[appReveal]' })[37m
        ╵ [32m~~~~~~~~~~~~~~~~~~~~~~~~~~~~~~~~~~~~~~~[0m


[31mX [41;31m[[41;97mERROR[41;31m][0m [1mTS2304: Cannot find name 'HTMLElement'.[0m [1m[35m[plugin angular-compiler][0m

    src/app/shared/directives/reveal.directive.ts:5:44:
[37m      5 │   private readonly host = inject(ElementRef<[32mHTMLElement[37m>);
        ╵                                             [32m~~~~~~~~~~~[0m


[31mX [41;31m[[41;97mERROR[41;31m][0m [1mTS2304: Cannot find name 'IntersectionObserver'.[0m [1m[35m[plugin angular-compiler][0m

    src/app/shared/directives/reveal.directive.ts:6:21:
[37m      6 │   private observer?: [32mIntersectionObserver[37m;
        ╵                      [32m~~~~~~~~~~~~~~~~~~~~[0m


[31mX [41;31m[[41;97mERROR[41;31m][0m [1mTS2304: Cannot find name 'IntersectionObserver'.[0m [1m[35m[plugin angular-compiler][0m

    src/app/shared/directives/reveal.directive.ts:12:15:
[37m      12 │     if (typeof [32mIntersectionObserver[37m === 'undefined') { this.host.n...
         ╵                [32m~~~~~~~~~~~~~~~~~~~~[0m


[31mX [41;31m[[41;97mERROR[41;31m][0m [1mTS2304: Cannot find name 'IntersectionObserver'.[0m [1m[35m[plugin angular-compiler][0m

    src/app/shared/directives/reveal.directive.ts:13:24:
[37m      13 │     this.observer = new [32mIntersectionObserver[37m(([entry]) => {
         ╵                         [32m~~~~~~~~~~~~~~~~~~~~[0m


[31mX [41;31m[[41;97mERROR[41;31m][0m [1mTS2488: Type '[any]' must have a '[Symbol.iterator]()' method that returns an iterator.[0m [1m[35m[plugin angular-compiler][0m

    src/app/shared/directives/reveal.directive.ts:13:46:
[37m      13 │     this.observer = new IntersectionObserver(([32m[entry][37m) => {
         ╵                                               [32m~~~~~~~[0m


[31mX [41;31m[[41;97mERROR[41;31m][0m [1mTS7031: Binding element 'entry' implicitly has an 'any' type.[0m [1m[35m[plugin angular-compiler][0m

    src/app/shared/directives/reveal.directive.ts:13:47:
[37m      13 │     this.observer = new IntersectionObserver(([[32mentry[37m]) => {
         ╵                                                [32m~~~~~[0m


[31mX [41;31m[[41;97mERROR[41;31m][0m [1mTS2307: Cannot find module '@angular/platform-browser' or its corresponding type declarations.[0m [1m[35m[plugin angular-compiler][0m

    src/main.ts:1:37:
[37m      1 │ import { bootstrapApplication } from [32m'@angular/platform-browser'[37m;
        ╵                                      [32m~~~~~~~~~~~~~~~~~~~~~~~~~~~[0m


[31mX [41;31m[[41;97mERROR[41;31m][0m [1mTS7006: Parameter 'err' implicitly has an 'any' type.[0m [1m[35m[plugin angular-compiler][0m

    src/main.ts:6:10:
[37m      6 │   .catch(([32merr[37m) => console.error(err));
        ╵           [32m~~~[0m


[31mX [41;31m[[41;97mERROR[41;31m][0m [1mTS2584: Cannot find name 'console'. Do you need to change your target library? Try changing the 'lib' compiler option to include 'dom'.[0m [1m[35m[plugin angular-compiler][0m

    src/main.ts:6:18:
[37m      6 │   .catch((err) => [32mconsole[37m.error(err));
        ╵                   [32m~~~~~~~[0m

[39m[22m
[33m>[39m Changes detected. Rebuilding...
[32m√[39m Changes detected. Rebuilding...
Application bundle generation failed. [0.000 seconds] - 2026-08-02T10:08:12.178Z

[1m[31m[31mX [41;31m[[41;97mERROR[41;31m][0m [1mTS6053: File 'C:/Users/shaha/OneDrive/Desktop/Neww/node_modules/typescript/lib/lib.es2022.full.d.ts' not found.
  The file is in the program because:
    Default library for target 'es2022'[0m [1m[35m[plugin angular-compiler][0m


[31mX [41;31m[[41;97mERROR[41;31m][0m [1mTS2318: Cannot find global type 'Array'.[0m [1m[35m[plugin angular-compiler][0m


[31mX [41;31m[[41;97mERROR[41;31m][0m [1mTS2318: Cannot find global type 'Boolean'.[0m [1m[35m[plugin angular-compiler][0m


[31mX [41;31m[[41;97mERROR[41;31m][0m [1mTS2318: Cannot find global type 'CallableFunction'.[0m [1m[35m[plugin angular-compiler][0m


[31mX [41;31m[[41;97mERROR[41;31m][0m [1mTS2318: Cannot find global type 'Function'.[0m [1m[35m[plugin angular-compiler][0m


[31mX [41;31m[[41;97mERROR[41;31m][0m [1mTS2318: Cannot find global type 'IArguments'.[0m [1m[35m[plugin angular-compiler][0m


[31mX [41;31m[[41;97mERROR[41;31m][0m [1mTS2318: Cannot find global type 'NewableFunction'.[0m [1m[35m[plugin angular-compiler][0m


[31mX [41;31m[[41;97mERROR[41;31m][0m [1mTS2318: Cannot find global type 'Number'.[0m [1m[35m[plugin angular-compiler][0m


[31mX [41;31m[[41;97mERROR[41;31m][0m [1mTS2318: Cannot find global type 'Object'.[0m [1m[35m[plugin angular-compiler][0m


[31mX [41;31m[[41;97mERROR[41;31m][0m [1mTS2318: Cannot find global type 'RegExp'.[0m [1m[35m[plugin angular-compiler][0m


[31mX [41;31m[[41;97mERROR[41;31m][0m [1mTS2318: Cannot find global type 'String'.[0m [1m[35m[plugin angular-compiler][0m


[31mX [41;31m[[41;97mERROR[41;31m][0m [1mTS2307: Cannot find module '@angular/core' or its corresponding type declarations.[0m [1m[35m[plugin angular-compiler][0m

    src/app/app.config.ts:1:70:
[37m      1 │ ...nConfig, provideBrowserGlobalErrorListeners } from [32m'@angular/core'[37m;
        ╵                                                       [32m~~~~~~~~~~~~~~~[0m


[31mX [41;31m[[41;97mERROR[41;31m][0m [1mTS2307: Cannot find module '@ngrx/effects' or its corresponding type declarations.[0m [1m[35m[plugin angular-compiler][0m

    src/app/app.config.ts:2:31:
[37m      2 │ import { provideEffects } from [32m'@ngrx/effects'[37m;
        ╵                                [32m~~~~~~~~~~~~~~~[0m


[31mX [41;31m[[41;97mERROR[41;31m][0m [1mTS2307: Cannot find module '@ngrx/store' or its corresponding type declarations.[0m [1m[35m[plugin angular-compiler][0m

    src/app/app.config.ts:3:29:
[37m      3 │ import { provideStore } from [32m'@ngrx/store'[37m;
        ╵                              [32m~~~~~~~~~~~~~[0m


[31mX [41;31m[[41;97mERROR[41;31m][0m [1mTS2307: Cannot find module '@angular/router' or its corresponding type declarations.[0m [1m[35m[plugin angular-compiler][0m

    src/app/app.config.ts:4:53:
[37m      4 │ ...rt { provideRouter, withInMemoryScrolling } from [32m'@angular/router'[37m;
        ╵                                                     [32m~~~~~~~~~~~~~~~~~[0m


[31mX [41;31m[[41;97mERROR[41;31m][0m [1mTS2307: Cannot find module '@angular/router' or its corresponding type declarations.[0m [1m[35m[plugin angular-compiler][0m

    src/app/app.routes.ts:1:23:
[37m      1 │ import { Routes } from [32m'@angular/router'[37m;
        ╵                        [32m~~~~~~~~~~~~~~~~~[0m


[31mX [41;31m[[41;97mERROR[41;31m][0m [1mTS2307: Cannot find module '@angular/core' or its corresponding type declarations.[0m [1m[35m[plugin angular-compiler][0m

    src/app/app.ts:1:26:
[37m      1 │ import { Component } from [32m'@angular/core'[37m;
        ╵                           [32m~~~~~~~~~~~~~~~[0m


[31mX [41;31m[[41;97mERROR[41;31m][0m [1mTS2307: Cannot find module '@angular/router' or its corresponding type declarations.[0m [1m[35m[plugin angular-compiler][0m

    src/app/app.ts:2:29:
[37m      2 │ import { RouterOutlet } from [32m'@angular/router'[37m;
        ╵                              [32m~~~~~~~~~~~~~~~~~[0m


[31mX [41;31m[[41;97mERROR[41;31m][0m [1mTS2354: This syntax requires an imported helper but module 'tslib' cannot be found.[0m [1m[35m[plugin angular-compiler][0m

    src/app/app.ts:4:0:
[37m      4 │ [32m@Component({[37m
        ╵ [32m~~~~~~~~~~~~[0m


[31mX [41;31m[[41;97mERROR[41;31m][0m [1mNG1010: 'imports' must be an array of components, directives, pipes, or NgModules.
  Value could not be determined statically.[0m [1m[35m[plugin angular-compiler][0m

    src/app/app.ts:6:12:
[37m      6 │   imports: [[32mRouterOutlet[37m],
        ╵             [32m~~~~~~~~~~~~[0m

  Unknown reference.

    src/app/app.ts:6:12:
[37m      6 │   imports: [[32mRouterOutlet[37m],
        ╵             [32m~~~~~~~~~~~~[0m


[31mX [41;31m[[41;97mERROR[41;31m][0m [1mTS2307: Cannot find module '@angular/core' or its corresponding type declarations.[0m [1m[35m[plugin angular-compiler][0m

    src/app/core/services/brief-gateway.service.ts:1:27:
[37m      1 │ import { Injectable } from [32m'@angular/core'[37m;
        ╵                            [32m~~~~~~~~~~~~~~~[0m


[31mX [41;31m[[41;97mERROR[41;31m][0m [1mTS2307: Cannot find module 'rxjs' or its corresponding type declarations.[0m [1m[35m[plugin angular-compiler][0m

    src/app/core/services/brief-gateway.service.ts:2:38:
[37m      2 │ import { delay, Observable, of } from [32m'rxjs'[37m;
        ╵                                       [32m~~~~~~[0m


[31mX [41;31m[[41;97mERROR[41;31m][0m [1mTS2354: This syntax requires an imported helper but module 'tslib' cannot be found.[0m [1m[35m[plugin angular-compiler][0m

    src/app/core/services/brief-gateway.service.ts:6:0:
[37m      6 │ [32m@Injectable({ providedIn: 'root' })[37m
        ╵ [32m~~~~~~~~~~~~~~~~~~~~~~~~~~~~~~~~~~~[0m


[31mX [41;31m[[41;97mERROR[41;31m][0m [1mTS2304: Cannot find name 'Math'.[0m [1m[35m[plugin angular-compiler][0m

    src/app/core/services/brief-gateway.service.ts:11:19:
[37m      11 │       id: `brief-${[32mMath[37m.random().toString(36).slice(2, 8)}`,
         ╵                    [32m~~~~[0m


[31mX [41;31m[[41;97mERROR[41;31m][0m [1mTS2304: Cannot find name 'Date'.[0m [1m[35m[plugin angular-compiler][0m

    src/app/core/services/brief-gateway.service.ts:12:23:
[37m      12 │       submittedAt: new [32mDate[37m().toISOString()
         ╵                        [32m~~~~[0m


[31mX [41;31m[[41;97mERROR[41;31m][0m [1mTS2307: Cannot find module '@ngrx/store' or its corresponding type declarations.[0m [1m[35m[plugin angular-compiler][0m

    src/app/core/state/brief.actions.ts:1:53:
[37m      1 │ import { createActionGroup, emptyProps, props } from [32m'@ngrx/store'[37m;
        ╵                                                      [32m~~~~~~~~~~~~~[0m


[31mX [41;31m[[41;97mERROR[41;31m][0m [1mTS2307: Cannot find module '@angular/core' or its corresponding type declarations.[0m [1m[35m[plugin angular-compiler][0m

    src/app/core/state/brief.effects.ts:1:35:
[37m      1 │ import { Injectable, inject } from [32m'@angular/core'[37m;
        ╵                                    [32m~~~~~~~~~~~~~~~[0m


[31mX [41;31m[[41;97mERROR[41;31m][0m [1mTS2307: Cannot find module '@ngrx/effects' or its corresponding type declarations.[0m [1m[35m[plugin angular-compiler][0m

    src/app/core/state/brief.effects.ts:2:46:
[37m      2 │ import { Actions, createEffect, ofType } from [32m'@ngrx/effects'[37m;
        ╵                                               [32m~~~~~~~~~~~~~~~[0m


[31mX [41;31m[[41;97mERROR[41;31m][0m [1mTS2307: Cannot find module 'rxjs/operators' or its corresponding type declarations.[0m [1m[35m[plugin angular-compiler][0m

    src/app/core/state/brief.effects.ts:3:43:
[37m      3 │ import { catchError, map, switchMap } from [32m'rxjs/operators'[37m;
        ╵                                            [32m~~~~~~~~~~~~~~~~[0m


[31mX [41;31m[[41;97mERROR[41;31m][0m [1mTS2307: Cannot find module 'rxjs' or its corresponding type declarations.[0m [1m[35m[plugin angular-compiler][0m

    src/app/core/state/brief.effects.ts:4:19:
[37m      4 │ import { of } from [32m'rxjs'[37m;
        ╵                    [32m~~~~~~[0m


[31mX [41;31m[[41;97mERROR[41;31m][0m [1mTS2354: This syntax requires an imported helper but module 'tslib' cannot be found.[0m [1m[35m[plugin angular-compiler][0m

    src/app/core/state/brief.effects.ts:8:0:
[37m      8 │ [32m@Injectable()[37m
        ╵ [32m~~~~~~~~~~~~~[0m


[31mX [41;31m[[41;97mERROR[41;31m][0m [1mTS7031: Binding element 'brief' implicitly has an 'any' type.[0m [1m[35m[plugin angular-compiler][0m

    src/app/core/state/brief.effects.ts:15:17:
[37m      15 │     switchMap(({ [32mbrief[37m }) => this.gateway.submit(brief).pipe(
         ╵                  [32m~~~~~[0m


[31mX [41;31m[[41;97mERROR[41;31m][0m [1mTS7006: Parameter 'submittedBrief' implicitly has an 'any' type.[0m [1m[35m[plugin angular-compiler][0m

    src/app/core/state/brief.effects.ts:16:11:
[37m      16 │       map(([32msubmittedBrief[37m) => BriefActions.submitSucceeded({ brief...
         ╵            [32m~~~~~~~~~~~~~~[0m


[31mX [41;31m[[41;97mERROR[41;31m][0m [1mTS2307: Cannot find module '@ngrx/store' or its corresponding type declarations.[0m [1m[35m[plugin angular-compiler][0m

    src/app/core/state/brief.reducer.ts:1:34:
[37m      1 │ import { createReducer, on } from [32m'@ngrx/store'[37m;
        ╵                                   [32m~~~~~~~~~~~~~[0m


[31mX [41;31m[[41;97mERROR[41;31m][0m [1mTS7006: Parameter 'state' implicitly has an 'any' type.[0m [1m[35m[plugin angular-compiler][0m

    src/app/core/state/brief.reducer.ts:9:36:
[37m      9 │ ...riefActions.submitRequested, ([32mstate[37m) => ({ ...state, status: 'su...
        ╵                                  [32m~~~~~[0m


[31mX [41;31m[[41;97mERROR[41;31m][0m [1mTS7006: Parameter '_' implicitly has an 'any' type.[0m [1m[35m[plugin angular-compiler][0m

    src/app/core/state/brief.reducer.ts:10:36:
[37m      10 │ ...BriefActions.submitSucceeded, ([32m_[37m, { brief }) => ({ status: 'suc...
         ╵                                   [32m^[0m


[31mX [41;31m[[41;97mERROR[41;31m][0m [1mTS7031: Binding element 'brief' implicitly has an 'any' type.[0m [1m[35m[plugin angular-compiler][0m

    src/app/core/state/brief.reducer.ts:10:41:
[37m      10 │ ...tions.submitSucceeded, (_, { [32mbrief[37m }) => ({ status: 'success' a...
         ╵                                 [32m~~~~~[0m


[31mX [41;31m[[41;97mERROR[41;31m][0m [1mTS7006: Parameter 'state' implicitly has an 'any' type.[0m [1m[35m[plugin angular-compiler][0m

    src/app/core/state/brief.reducer.ts:11:33:
[37m      11 │ ...(BriefActions.submitFailed, ([32mstate[37m, { error }) => ({ ...state, ...
         ╵                                 [32m~~~~~[0m


[31mX [41;31m[[41;97mERROR[41;31m][0m [1mTS7031: Binding element 'error' implicitly has an 'any' type.[0m [1m[35m[plugin angular-compiler][0m

    src/app/core/state/brief.reducer.ts:11:42:
[37m      11 │ ...ions.submitFailed, (state, { [32merror[37m }) => ({ ...state, status: '...
         ╵                                 [32m~~~~~[0m


[31mX [41;31m[[41;97mERROR[41;31m][0m [1mTS2307: Cannot find module '@ngrx/store' or its corresponding type declarations.[0m [1m[35m[plugin angular-compiler][0m

    src/app/core/state/brief.selectors.ts:1:38:
[37m      1 │ import { createFeatureSelector } from [32m'@ngrx/store'[37m;
        ╵                                       [32m~~~~~~~~~~~~~[0m


[31mX [41;31m[[41;97mERROR[41;31m][0m [1mTS2307: Cannot find module '@angular/core' or its corresponding type declarations.[0m [1m[35m[plugin angular-compiler][0m

    src/app/features/landing/landing-page.component.ts:1:77:
[37m      1 │ ...rategy, Component, computed, inject, signal } from [32m'@angular/core'[37m;
        ╵                                                       [32m~~~~~~~~~~~~~~~[0m


[31mX [41;31m[[41;97mERROR[41;31m][0m [1mTS2307: Cannot find module '@angular/forms' or its corresponding type declarations.[0m [1m[35m[plugin angular-compiler][0m

    src/app/features/landing/landing-page.component.ts:2:61:
[37m      2 │ ...activeFormsModule, FormBuilder, Validators } from [32m'@angular/forms'[37m;
        ╵                                                      [32m~~~~~~~~~~~~~~~~[0m


[31mX [41;31m[[41;97mERROR[41;31m][0m [1mTS2307: Cannot find module '@ngrx/store' or its corresponding type declarations.[0m [1m[35m[plugin angular-compiler][0m

    src/app/features/landing/landing-page.component.ts:3:22:
[37m      3 │ import { Store } from [32m'@ngrx/store'[37m;
        ╵                       [32m~~~~~~~~~~~~~[0m


[31mX [41;31m[[41;97mERROR[41;31m][0m [1mTS2307: Cannot find module '@angular/core/rxjs-interop' or its corresponding type declarations.[0m [1m[35m[plugin angular-compiler][0m

    src/app/features/landing/landing-page.component.ts:4:25:
[37m      4 │ import { toSignal } from [32m'@angular/core/rxjs-interop'[37m;
        ╵                          [32m~~~~~~~~~~~~~~~~~~~~~~~~~~~~[0m


[31mX [41;31m[[41;97mERROR[41;31m][0m [1mTS2354: This syntax requires an imported helper but module 'tslib' cannot be found.[0m [1m[35m[plugin angular-compiler][0m

    src/app/features/landing/landing-page.component.ts:9:0:
[37m      9 │ [32m@Component({[37m
        ╵ [32m~~~~~~~~~~~~[0m


[31mX [41;31m[[41;97mERROR[41;31m][0m [1mNG1010: changeDetection must be a member of ChangeDetectionStrategy enum from @angular/core
  Value could not be determined statically.[0m [1m[35m[plugin angular-compiler][0m

    src/app/features/landing/landing-page.component.ts:14:19:
[37m      14 │   changeDetection: [32mChangeDetectionStrategy.OnPush[37m
         ╵                    [32m~~~~~~~~~~~~~~~~~~~~~~~~~~~~~~[0m

  Unknown reference.

    src/app/features/landing/landing-page.component.ts:14:19:
[37m      14 │   changeDetection: [32mChangeDetectionStrategy[37m.OnPush
         ╵                    [32m~~~~~~~~~~~~~~~~~~~~~~~[0m


[31mX [41;31m[[41;97mERROR[41;31m][0m [1mTS2584: Cannot find name 'document'. Do you need to change your target library? Try changing the 'lib' compiler option to include 'dom'.[0m [1m[35m[plugin angular-compiler][0m

    src/app/features/landing/landing-page.component.ts:41:4:
[37m      41 │     [32mdocument[37m.getElementById(id)?.scrollIntoView({ behavior: 'smoot...
         ╵     [32m~~~~~~~~[0m


[31mX [41;31m[[41;97mERROR[41;31m][0m [1mTS7006: Parameter 'active' implicitly has an 'any' type.[0m [1m[35m[plugin angular-compiler][0m

    src/app/features/landing/landing-page.component.ts:45:68:
[37m      45 │ ...oid { this.activeFaq.update(([32mactive[37m) => active === index ? null...
         ╵                                 [32m~~~~~~[0m


[31mX [41;31m[[41;97mERROR[41;31m][0m [1mTS2307: Cannot find module '@angular/core' or its corresponding type declarations.[0m [1m[35m[plugin angular-compiler][0m

    src/app/shared/directives/reveal.directive.ts:1:92:
[37m      1 │ ...tRef, HostBinding, OnDestroy, inject, input } from [32m'@angular/core'[37m;
        ╵                                                       [32m~~~~~~~~~~~~~~~[0m


[31mX [41;31m[[41;97mERROR[41;31m][0m [1mTS2354: This syntax requires an imported helper but module 'tslib' cannot be found.[0m [1m[35m[plugin angular-compiler][0m

    src/app/shared/directives/reveal.directive.ts:3:0:
[37m      3 │ [32m@Directive({ selector: '[appReveal]' })[37m
        ╵ [32m~~~~~~~~~~~~~~~~~~~~~~~~~~~~~~~~~~~~~~~[0m


[31mX [41;31m[[41;97mERROR[41;31m][0m [1mTS2304: Cannot find name 'HTMLElement'.[0m [1m[35m[plugin angular-compiler][0m

    src/app/shared/directives/reveal.directive.ts:5:44:
[37m      5 │   private readonly host = inject(ElementRef<[32mHTMLElement[37m>);
        ╵                                             [32m~~~~~~~~~~~[0m


[31mX [41;31m[[41;97mERROR[41;31m][0m [1mTS2304: Cannot find name 'IntersectionObserver'.[0m [1m[35m[plugin angular-compiler][0m

    src/app/shared/directives/reveal.directive.ts:6:21:
[37m      6 │   private observer?: [32mIntersectionObserver[37m;
        ╵                      [32m~~~~~~~~~~~~~~~~~~~~[0m


[31mX [41;31m[[41;97mERROR[41;31m][0m [1mTS2304: Cannot find name 'IntersectionObserver'.[0m [1m[35m[plugin angular-compiler][0m

    src/app/shared/directives/reveal.directive.ts:12:15:
[37m      12 │     if (typeof [32mIntersectionObserver[37m === 'undefined') { this.host.n...
         ╵                [32m~~~~~~~~~~~~~~~~~~~~[0m


[31mX [41;31m[[41;97mERROR[41;31m][0m [1mTS2304: Cannot find name 'IntersectionObserver'.[0m [1m[35m[plugin angular-compiler][0m

    src/app/shared/directives/reveal.directive.ts:13:24:
[37m      13 │     this.observer = new [32mIntersectionObserver[37m(([entry]) => {
         ╵                         [32m~~~~~~~~~~~~~~~~~~~~[0m


[31mX [41;31m[[41;97mERROR[41;31m][0m [1mTS2488: Type '[any]' must have a '[Symbol.iterator]()' method that returns an iterator.[0m [1m[35m[plugin angular-compiler][0m

    src/app/shared/directives/reveal.directive.ts:13:46:
[37m      13 │     this.observer = new IntersectionObserver(([32m[entry][37m) => {
         ╵                                               [32m~~~~~~~[0m


[31mX [41;31m[[41;97mERROR[41;31m][0m [1mTS7031: Binding element 'entry' implicitly has an 'any' type.[0m [1m[35m[plugin angular-compiler][0m

    src/app/shared/directives/reveal.directive.ts:13:47:
[37m      13 │     this.observer = new IntersectionObserver(([[32mentry[37m]) => {
         ╵                                                [32m~~~~~[0m


[31mX [41;31m[[41;97mERROR[41;31m][0m [1mTS2307: Cannot find module '@angular/platform-browser' or its corresponding type declarations.[0m [1m[35m[plugin angular-compiler][0m

    src/main.ts:1:37:
[37m      1 │ import { bootstrapApplication } from [32m'@angular/platform-browser'[37m;
        ╵                                      [32m~~~~~~~~~~~~~~~~~~~~~~~~~~~[0m


[31mX [41;31m[[41;97mERROR[41;31m][0m [1mTS7006: Parameter 'err' implicitly has an 'any' type.[0m [1m[35m[plugin angular-compiler][0m

    src/main.ts:6:10:
[37m      6 │   .catch(([32merr[37m) => console.error(err));
        ╵           [32m~~~[0m


[31mX [41;31m[[41;97mERROR[41;31m][0m [1mTS2584: Cannot find name 'console'. Do you need to change your target library? Try changing the 'lib' compiler option to include 'dom'.[0m [1m[35m[plugin angular-compiler][0m

    src/main.ts:6:18:
[37m      6 │   .catch((err) => [32mconsole[37m.error(err));
        ╵                   [32m~~~~~~~[0m

[39m[22m
[33m>[39m Changes detected. Rebuilding...
[32m√[39m Changes detected. Rebuilding...
[1mInitial chunk files[22m[2m | [22m[1mNames[22m        [2m | [22m [1mRaw size[22m
[32mmain.js[39m            [2m | [22m[2mmain[22m         [2m | [22m[36m139.76 kB[39m[2m | [22m
[32mstyles.css[39m         [2m | [22m[2mstyles[22m       [2m | [22m[36m660 bytes[39m[2m | [22m

[1m [22m                  [2m | [22m[1mInitial total[22m[2m | [22m[1m140.42 kB[22m

Application bundle generation complete. [8.670 seconds] - 2026-08-02T10:12:43.789Z

Page reload sent to client(s).
[33m>[39m Changes detected. Rebuilding...
[32m√[39m Changes detected. Rebuilding...
[1mInitial chunk files[22m[2m | [22m[1mNames[22m[2m | [22m [1mRaw size[22m
[32mmain.js[39m            [2m | [22m[2mmain[22m [2m | [22m[36m139.13 kB[39m[2m | [22m

Application bundle generation complete. [5.800 seconds] - 2026-08-02T10:16:24.558Z

Component update sent to client(s).
[33m>[39m Changes detected. Rebuilding...
[32m√[39m Changes detected. Rebuilding...
[1mInitial chunk files[22m[2m | [22m[1mNames[22m[2m | [22m [1mRaw size[22m
[32mmain.js[39m            [2m | [22m[2mmain[22m [2m | [22m[36m139.34 kB[39m[2m | [22m

Application bundle generation complete. [1.329 seconds] - 2026-08-02T10:16:25.929Z

Component update sent to client(s).
[33m>[39m Changes detected. Rebuilding...
[32m√[39m Changes detected. Rebuilding...
[1mInitial chunk files[22m[2m | [22m[1mNames[22m[2m | [22m [1mRaw size[22m
[32mmain.js[39m            [2m | [22m[2mmain[22m [2m | [22m[36m139.84 kB[39m[2m | [22m

Application bundle generation complete. [3.314 seconds] - 2026-08-02T10:17:52.444Z

Page reload sent to client(s).
[33m>[39m Changes detected. Rebuilding...
[32m√[39m Changes detected. Rebuilding...
[1mInitial chunk files[22m[2m | [22m[1mNames[22m[2m | [22m [1mRaw size[22m
[32mmain.js[39m            [2m | [22m[2mmain[22m [2m | [22m[36m139.77 kB[39m[2m | [22m

Application bundle generation complete. [3.117 seconds] - 2026-08-02T10:17:55.579Z

Component update sent to client(s).
[33m>[39m Changes detected. Rebuilding...
[32m√[39m Changes detected. Rebuilding...
[1mInitial chunk files[22m[2m | [22m[1mNames[22m        [2m | [22m [1mRaw size[22m
[32mmain.js[39m            [2m | [22m[2mmain[22m         [2m | [22m[36m139.77 kB[39m[2m | [22m
[32mstyles.css[39m         [2m | [22m[2mstyles[22m       [2m | [22m[36m660 bytes[39m[2m | [22m

[1m [22m                  [2m | [22m[1mInitial total[22m[2m | [22m[1m140.43 kB[22m

Application bundle generation complete. [0.138 seconds] - 2026-08-02T10:34:40.003Z

Page reload sent to client(s).
[33m>[39m Changes detected. Rebuilding...
[32m√[39m Changes detected. Rebuilding...
[1mInitial chunk files[22m[2m | [22m[1mNames[22m[2m | [22m [1mRaw size[22m
[32mmain.js[39m            [2m | [22m[2mmain[22m [2m | [22m[36m155.21 kB[39m[2m | [22m

Application bundle generation complete. [12.369 seconds] - 2026-08-02T10:44:31.681Z

Page reload sent to client(s).
[33m>[39m Changes detected. Rebuilding...
[32m√[39m Changes detected. Rebuilding...
[1mInitial chunk files[22m[2m | [22m[1mNames[22m        [2m | [22m [1mRaw size[22m
[32mmain.js[39m            [2m | [22m[2mmain[22m         [2m | [22m[36m155.21 kB[39m[2m | [22m
[32mstyles.css[39m         [2m | [22m[2mstyles[22m       [2m | [22m[36m660 bytes[39m[2m | [22m

[1m [22m                  [2m | [22m[1mInitial total[22m[2m | [22m[1m155.87 kB[22m

Application bundle generation complete. [1.958 seconds] - 2026-08-02T10:44:33.770Z

Component update sent to client(s).
[33m>[39m Changes detected. Rebuilding...
[32m√[39m Changes detected. Rebuilding...
[1mInitial chunk files[22m[2m | [22m[1mNames[22m[2m | [22m [1mRaw size[22m
[32mmain.js[39m            [2m | [22m[2mmain[22m [2m | [22m[36m155.20 kB[39m[2m | [22m

Application bundle generation complete. [0.510 seconds] - 2026-08-02T10:44:43.202Z

Component update sent to client(s).
[33m>[39m Changes detected. Rebuilding...
[32m√[39m Changes detected. Rebuilding...
[1mInitial chunk files[22m[2m | [22m[1mNames[22m[2m | [22m [1mRaw size[22m
[32mmain.js[39m            [2m | [22m[2mmain[22m [2m | [22m[36m155.24 kB[39m[2m | [22m

Application bundle generation complete. [6.246 seconds] - 2026-08-02T10:47:54.469Z

Component update sent to client(s).
[33m>[39m Changes detected. Rebuilding...
[32m√[39m Changes detected. Rebuilding...
[1mInitial chunk files[22m[2m | [22m[1mNames[22m[2m | [22m [1mRaw size[22m
[32mmain.js[39m            [2m | [22m[2mmain[22m [2m | [22m[36m154.91 kB[39m[2m | [22m

Application bundle generation complete. [0.870 seconds] - 2026-08-02T10:47:55.393Z

Component update sent to client(s).
[33m>[39m Changes detected. Rebuilding...
[32m√[39m Changes detected. Rebuilding...
[1mInitial chunk files[22m[2m | [22m[1mNames[22m[2m | [22m [1mRaw size[22m
[32mmain.js[39m            [2m | [22m[2mmain[22m [2m | [22m[36m154.97 kB[39m[2m | [22m

Application bundle generation complete. [4.438 seconds] - 2026-08-02T10:51:40.686Z

Component update sent to client(s).
[33m>[39m Changes detected. Rebuilding...
[32m√[39m Changes detected. Rebuilding...
[1mInitial chunk files[22m[2m | [22m[1mNames[22m[2m | [22m [1mRaw size[22m
[32mmain.js[39m            [2m | [22m[2mmain[22m [2m | [22m[36m155.57 kB[39m[2m | [22m

Application bundle generation complete. [3.600 seconds] - 2026-08-02T10:56:29.266Z

Page reload sent to client(s).
[33m>[39m Changes detected. Rebuilding...
[32m√[39m Changes detected. Rebuilding...
[1mInitial chunk files[22m[2m | [22m[1mNames[22m[2m | [22m [1mRaw size[22m
[32mmain.js[39m            [2m | [22m[2mmain[22m [2m | [22m[36m156.69 kB[39m[2m | [22m

Application bundle generation complete. [0.767 seconds] - 2026-08-02T10:56:30.123Z

Component update sent to client(s).
[33m>[39m Changes detected. Rebuilding...
[32m√[39m Changes detected. Rebuilding...
[1mInitial chunk files[22m[2m | [22m[1mNames[22m[2m | [22m [1mRaw size[22m
[32mmain.js[39m            [2m | [22m[2mmain[22m [2m | [22m[36m156.80 kB[39m[2m | [22m

Application bundle generation complete. [7.696 seconds] - 2026-08-02T11:04:14.070Z

Page reload sent to client(s).
[33m>[39m Changes detected. Rebuilding...
[32m√[39m Changes detected. Rebuilding...
[1mInitial chunk files[22m[2m | [22m[1mNames[22m[2m | [22m [1mRaw size[22m
[32mmain.js[39m            [2m | [22m[2mmain[22m [2m | [22m[36m156.80 kB[39m[2m | [22m

Application bundle generation complete. [2.938 seconds] - 2026-08-02T11:04:17.161Z

Component update sent to client(s).
[33m>[39m Changes detected. Rebuilding...
[32m√[39m Changes detected. Rebuilding...
[1mInitial chunk files[22m[2m | [22m[1mNames[22m        [2m | [22m [1mRaw size[22m
[32mmain.js[39m            [2m | [22m[2mmain[22m         [2m | [22m[36m156.80 kB[39m[2m | [22m
[32mstyles.css[39m         [2m | [22m[2mstyles[22m       [2m | [22m[36m660 bytes[39m[2m | [22m

[1m [22m                  [2m | [22m[1mInitial total[22m[2m | [22m[1m157.46 kB[22m

Application bundle generation complete. [0.088 seconds] - 2026-08-02T11:04:19.812Z

[33m>[39m Changes detected. Rebuilding...
[32m√[39m Changes detected. Rebuilding...
[1mInitial chunk files[22m[2m | [22m[1mNames[22m[2m | [22m [1mRaw size[22m
[32mmain.js[39m            [2m | [22m[2mmain[22m [2m | [22m[36m156.79 kB[39m[2m | [22m

Application bundle generation complete. [8.008 seconds] - 2026-08-02T11:07:53.813Z

Component update sent to client(s).
[33m>[39m Changes detected. Rebuilding...
[32m√[39m Changes detected. Rebuilding...
[1mInitial chunk files[22m[2m | [22m[1mNames[22m[2m | [22m [1mRaw size[22m
[32mmain.js[39m            [2m | [22m[2mmain[22m [2m | [22m[36m156.79 kB[39m[2m | [22m

Application bundle generation complete. [6.256 seconds] - 2026-08-02T11:09:44.373Z

Component update sent to client(s).
[33m>[39m Changes detected. Rebuilding...
[32m√[39m Changes detected. Rebuilding...
[1mInitial chunk files[22m[2m | [22m[1mNames[22m[2m | [22m [1mRaw size[22m
[32mmain.js[39m            [2m | [22m[2mmain[22m [2m | [22m[36m156.86 kB[39m[2m | [22m

Application bundle generation complete. [2.645 seconds] - 2026-08-02T11:11:42.435Z

Page reload sent to client(s).
[33m>[39m Changes detected. Rebuilding...
[32m√[39m Changes detected. Rebuilding...
[1mInitial chunk files[22m[2m | [22m[1mNames[22m        [2m | [22m [1mRaw size[22m
[32mmain.js[39m            [2m | [22m[2mmain[22m         [2m | [22m[36m156.86 kB[39m[2m | [22m
[32mstyles.css[39m         [2m | [22m[2mstyles[22m       [2m | [22m[36m660 bytes[39m[2m | [22m

[1m [22m                  [2m | [22m[1mInitial total[22m[2m | [22m[1m157.52 kB[22m

Application bundle generation complete. [0.018 seconds] - 2026-08-02T11:11:48.667Z

[33m>[39m Changes detected. Rebuilding...
[32m√[39m Changes detected. Rebuilding...
[1mInitial chunk files[22m[2m | [22m[1mNames[22m[2m | [22m [1mRaw size[22m
[32mmain.js[39m            [2m | [22m[2mmain[22m [2m | [22m[36m157.96 kB[39m[2m | [22m

Application bundle generation complete. [9.104 seconds] - 2026-08-02T11:14:03.678Z

Component update sent to client(s).
[33m>[39m Changes detected. Rebuilding...
[32m√[39m Changes detected. Rebuilding...
[1mInitial chunk files[22m[2m | [22m[1mNames[22m[2m | [22m [1mRaw size[22m
[32mmain.js[39m            [2m | [22m[2mmain[22m [2m | [22m[36m158.22 kB[39m[2m | [22m

Application bundle generation complete. [4.180 seconds] - 2026-08-02T11:16:26.376Z

Component update sent to client(s).
[33m>[39m Changes detected. Rebuilding...
[32m√[39m Changes detected. Rebuilding...
[1mInitial chunk files[22m[2m | [22m[1mNames[22m[2m | [22m [1mRaw size[22m
[32mmain.js[39m            [2m | [22m[2mmain[22m [2m | [22m[36m159.11 kB[39m[2m | [22m

Application bundle generation complete. [1.192 seconds] - 2026-08-02T11:16:27.655Z

Component update sent to client(s).
[33m>[39m Changes detected. Rebuilding...
[32m√[39m Changes detected. Rebuilding...
[1mInitial chunk files[22m[2m | [22m[1mNames[22m[2m | [22m [1mRaw size[22m
[32mmain.js[39m            [2m | [22m[2mmain[22m [2m | [22m[36m161.05 kB[39m[2m | [22m

Application bundle generation complete. [5.466 seconds] - 2026-08-02T11:19:32.101Z

Component update sent to client(s).
[33m>[39m Changes detected. Rebuilding...
[32m√[39m Changes detected. Rebuilding...
[1mInitial chunk files[22m[2m | [22m[1mNames[22m        [2m | [22m [1mRaw size[22m
[32mmain.js[39m            [2m | [22m[2mmain[22m         [2m | [22m[36m161.05 kB[39m[2m | [22m
[32mstyles.css[39m         [2m | [22m[2mstyles[22m       [2m | [22m[36m660 bytes[39m[2m | [22m

[1m [22m                  [2m | [22m[1mInitial total[22m[2m | [22m[1m161.71 kB[22m

Application bundle generation complete. [0.339 seconds] - 2026-08-02T11:32:26.718Z

[33m>[39m Changes detected. Rebuilding...
[32m√[39m Changes detected. Rebuilding...
[1mInitial chunk files[22m[2m | [22m[1mNames[22m        [2m | [22m [1mRaw size[22m
[32mmain.js[39m            [2m | [22m[2mmain[22m         [2m | [22m[36m161.05 kB[39m[2m | [22m
[32mstyles.css[39m         [2m | [22m[2mstyles[22m       [2m | [22m[36m660 bytes[39m[2m | [22m

[1m [22m                  [2m | [22m[1mInitial total[22m[2m | [22m[1m161.71 kB[22m

Application bundle generation complete. [0.021 seconds] - 2026-08-02T11:32:36.248Z

[33m>[39m Changes detected. Rebuilding...
[32m√[39m Changes detected. Rebuilding...
[1mInitial chunk files[22m[2m | [22m[1mNames[22m        [2m | [22m [1mRaw size[22m
[32mmain.js[39m            [2m | [22m[2mmain[22m         [2m | [22m[36m161.05 kB[39m[2m | [22m
[32mstyles.css[39m         [2m | [22m[2mstyles[22m       [2m | [22m[36m660 bytes[39m[2m | [22m

[1m [22m                  [2m | [22m[1mInitial total[22m[2m | [22m[1m161.71 kB[22m

Application bundle generation complete. [0.099 seconds] - 2026-08-02T11:32:41.450Z

[33m>[39m Changes detected. Rebuilding...
[32m√[39m Changes detected. Rebuilding...
[1mInitial chunk files[22m[2m | [22m[1mNames[22m[2m | [22m [1mRaw size[22m
[32mmain.js[39m            [2m | [22m[2mmain[22m [2m | [22m[36m161.21 kB[39m[2m | [22m

Application bundle generation complete. [19.666 seconds] - 2026-08-02T11:33:34.115Z

Component update sent to client(s).
[33m>[39m Changes detected. Rebuilding...
[32m√[39m Changes detected. Rebuilding...
[1mInitial chunk files[22m[2m | [22m[1mNames[22m[2m | [22m [1mRaw size[22m
[32mmain.js[39m            [2m | [22m[2mmain[22m [2m | [22m[36m166.16 kB[39m[2m | [22m

Application bundle generation complete. [8.193 seconds] - 2026-08-02T11:33:55.499Z

Component update sent to client(s).
[33m>[39m Changes detected. Rebuilding...
[32m√[39m Changes detected. Rebuilding...
[1mInitial chunk files[22m[2m | [22m[1mNames[22m[2m | [22m [1mRaw size[22m
[32mmain.js[39m            [2m | [22m[2mmain[22m [2m | [22m[36m161.11 kB[39m[2m | [22m

Application bundle generation complete. [5.681 seconds] - 2026-08-02T11:36:27.301Z

Component update sent to client(s).
[33m>[39m Changes detected. Rebuilding...
[32m√[39m Changes detected. Rebuilding...
[1mInitial chunk files[22m[2m | [22m[1mNames[22m [2m | [22m [1mRaw size[22m
[32mstyles.css[39m         [2m | [22m[2mstyles[22m[2m | [22m[36m794 bytes[39m[2m | [22m

Application bundle generation complete. [0.078 seconds] - 2026-08-02T11:37:48.810Z

Stylesheet update sent to client(s).
[33m>[39m Changes detected. Rebuilding...
[32m√[39m Changes detected. Rebuilding...
[1mInitial chunk files[22m[2m | [22m[1mNames[22m[2m | [22m [1mRaw size[22m
[32mmain.js[39m            [2m | [22m[2mmain[22m [2m | [22m[36m166.99 kB[39m[2m | [22m

Application bundle generation complete. [6.281 seconds] - 2026-08-02T11:38:07.739Z

Component update sent to client(s).
[33m>[39m Changes detected. Rebuilding...
[32m√[39m Changes detected. Rebuilding...
[1mInitial chunk files[22m[2m | [22m[1mNames[22m[2m | [22m [1mRaw size[22m
[32mmain.js[39m            [2m | [22m[2mmain[22m [2m | [22m[36m167.58 kB[39m[2m | [22m

Application bundle generation complete. [1.814 seconds] - 2026-08-02T11:38:26.049Z

Component update sent to client(s).
[33m>[39m Changes detected. Rebuilding...
[32m√[39m Changes detected. Rebuilding...
[1mInitial chunk files[22m[2m | [22m[1mNames[22m[2m | [22m [1mRaw size[22m
[32mmain.js[39m            [2m | [22m[2mmain[22m [2m | [22m[36m167.54 kB[39m[2m | [22m

Application bundle generation complete. [2.235 seconds] - 2026-08-02T11:38:47.544Z

Component update sent to client(s).
[33m>[39m Changes detected. Rebuilding...
[32m√[39m Changes detected. Rebuilding...
[1mInitial chunk files[22m[2m | [22m[1mNames[22m        [2m | [22m [1mRaw size[22m
[32mmain.js[39m            [2m | [22m[2mmain[22m         [2m | [22m[36m161.11 kB[39m[2m | [22m
[32mstyles.css[39m         [2m | [22m[2mstyles[22m       [2m | [22m[36m660 bytes[39m[2m | [22m

[1m [22m                  [2m | [22m[1mInitial total[22m[2m | [22m[1m161.77 kB[22m

Application bundle generation complete. [3.523 seconds] - 2026-08-02T11:39:11.897Z

Page reload sent to client(s).
[33m>[39m Changes detected. Rebuilding...
[32m√[39m Changes detected. Rebuilding...
[1mInitial chunk files[22m[2m | [22m[1mNames[22m[2m | [22m [1mRaw size[22m
[32mmain.js[39m            [2m | [22m[2mmain[22m [2m | [22m[36m162.53 kB[39m[2m | [22m

Application bundle generation complete. [6.700 seconds] - 2026-08-02T13:28:34.115Z

Component update sent to client(s).
[33m>[39m Changes detected. Rebuilding...
[32m√[39m Changes detected. Rebuilding...
[1mInitial chunk files[22m[2m | [22m[1mNames[22m [2m | [22m [1mRaw size[22m
[32mstyles.css[39m         [2m | [22m[2mstyles[22m[2m | [22m[36m700 bytes[39m[2m | [22m

Application bundle generation complete. [0.054 seconds] - 2026-08-02T13:28:34.245Z

Stylesheet update sent to client(s).
[33m>[39m Changes detected. Rebuilding...
[32m√[39m Changes detected. Rebuilding...
[1mInitial chunk files[22m[2m | [22m[1mNames[22m[2m | [22m [1mRaw size[22m
[32mmain.js[39m            [2m | [22m[2mmain[22m [2m | [22m[36m183.19 kB[39m[2m | [22m

Application bundle generation complete. [3.175 seconds] - 2026-08-02T13:34:00.698Z

[1m[33m[33m▲ [43;33m[[43;30mWARNING[43;33m][0m [1mNG8113: AboutSectionComponent is not used within the template of LandingPageComponent[0m [1m[35m[plugin angular-compiler][0m

    src/app/features/landing/landing-page.component.ts:13:50:
[37m      13 │ ...le, RevealDirective, [32mAboutSectionComponent[37m, PortfolioHeroCompon...
         ╵                         [32m~~~~~~~~~~~~~~~~~~~~~[0m

[39m[22m
Page reload sent to client(s).
[33m>[39m Changes detected. Rebuilding...
[32m√[39m Changes detected. Rebuilding...
[1mInitial chunk files[22m[2m | [22m[1mNames[22m[2m | [22m [1mRaw size[22m
[32mmain.js[39m            [2m | [22m[2mmain[22m [2m | [22m[36m183.24 kB[39m[2m | [22m

Application bundle generation complete. [1.727 seconds] - 2026-08-02T13:34:02.700Z

Component update sent to client(s).
[33m>[39m Changes detected. Rebuilding...
[32m√[39m Changes detected. Rebuilding...
[1mInitial chunk files[22m[2m | [22m[1mNames[22m[2m | [22m [1mRaw size[22m
[32mmain.js[39m            [2m | [22m[2mmain[22m [2m | [22m[36m183.24 kB[39m[2m | [22m

Application bundle generation complete. [1.530 seconds] - 2026-08-02T13:34:19.899Z

Component update sent to client(s).
[33m>[39m Changes detected. Rebuilding...
[32m√[39m Changes detected. Rebuilding...
[1mInitial chunk files[22m[2m | [22m[1mNames[22m[2m | [22m [1mRaw size[22m
[32mmain.js[39m            [2m | [22m[2mmain[22m [2m | [22m[36m188.06 kB[39m[2m | [22m

Application bundle generation complete. [1.371 seconds] - 2026-08-02T13:34:45.058Z

Page reload sent to client(s).
[33m>[39m Changes detected. Rebuilding...
[32m√[39m Changes detected. Rebuilding...
Application bundle generation failed. [1.720 seconds] - 2026-08-02T13:40:17.174Z

[1m[31m[31mX [41;31m[[41;97mERROR[41;31m][0m [1mTS2307: Cannot find module '../../../core/models/portfolio-about.models' or its corresponding type declarations.[0m [1m[35m[plugin angular-compiler][0m

    src/app/features/home/about-section/about-section.component.ts:5:7:
[37m      5 │ } from [32m'../../../core/models/portfolio-about.models'[37m;
        ╵        [32m~~~~~~~~~~~~~~~~~~~~~~~~~~~~~~~~~~~~~~~~~~~~~[0m


[31mX [41;31m[[41;97mERROR[41;31m][0m [1mTS7006: Parameter 'principle' implicitly has an 'any' type.[0m [1m[35m[plugin angular-compiler][0m

    src/app/features/home/about-section/about-section.component.ts:20:36:
[37m      20 │ ...s.profile.principles.find(([32mprinciple[37m) => principle.id === this....
         ╵                               [32m~~~~~~~~~[0m

[39m[22m
[33m>[39m Changes detected. Rebuilding...
[32m√[39m Changes detected. Rebuilding...
Application bundle generation failed. [0.005 seconds] - 2026-08-02T13:40:17.190Z

[1m[31m[31mX [41;31m[[41;97mERROR[41;31m][0m [1mTS2307: Cannot find module '../../../core/models/portfolio-about.models' or its corresponding type declarations.[0m [1m[35m[plugin angular-compiler][0m

    src/app/features/home/about-section/about-section.component.ts:5:7:
[37m      5 │ } from [32m'../../../core/models/portfolio-about.models'[37m;
        ╵        [32m~~~~~~~~~~~~~~~~~~~~~~~~~~~~~~~~~~~~~~~~~~~~~[0m


[31mX [41;31m[[41;97mERROR[41;31m][0m [1mTS7006: Parameter 'principle' implicitly has an 'any' type.[0m [1m[35m[plugin angular-compiler][0m

    src/app/features/home/about-section/about-section.component.ts:20:36:
[37m      20 │ ...s.profile.principles.find(([32mprinciple[37m) => principle.id === this....
         ╵                               [32m~~~~~~~~~[0m

[39m[22m
[33m>[39m Changes detected. Rebuilding...
[32m√[39m Changes detected. Rebuilding...
Application bundle generation failed. [0.819 seconds] - 2026-08-02T13:40:19.723Z

[1m[31m[31mX [41;31m[[41;97mERROR[41;31m][0m [1mTS2307: Cannot find module '../home/about-section/about-section.component' or its corresponding type declarations.[0m [1m[35m[plugin angular-compiler][0m

    src/app/features/landing/landing-page.component.ts:8:38:
[37m      8 │ ...onComponent } from [32m'../home/about-section/about-section.component'[37m;
        ╵                       [32m~~~~~~~~~~~~~~~~~~~~~~~~~~~~~~~~~~~~~~~~~~~~~~~[0m


[31mX [41;31m[[41;97mERROR[41;31m][0m [1mNG1010: 'imports' must be an array of components, directives, pipes, or NgModules.
  Value could not be determined statically.[0m [1m[35m[plugin angular-compiler][0m

    src/app/features/landing/landing-page.component.ts:13:50:
[37m      13 │ ...le, RevealDirective, [32mAboutSectionComponent[37m, PortfolioHeroCompon...
         ╵                         [32m~~~~~~~~~~~~~~~~~~~~~[0m

  Unknown reference.

    src/app/features/landing/landing-page.component.ts:13:50:
[37m      13 │ ...le, RevealDirective, [32mAboutSectionComponent[37m, PortfolioHeroCompon...
         ╵                         [32m~~~~~~~~~~~~~~~~~~~~~[0m


[31mX [41;31m[[41;97mERROR[41;31m][0m [1mCould not resolve "../home/about-section/about-section.component"[0m

    src/app/features/landing/landing-page.component.ts:9:38:
[37m      9 │ ...onComponent } from [32m'../home/about-section/about-section.component'[37m;
        ╵                       [32m~~~~~~~~~~~~~~~~~~~~~~~~~~~~~~~~~~~~~~~~~~~~~~~[0m

[39m[22m
[33m>[39m Changes detected. Rebuilding...
[32m√[39m Changes detected. Rebuilding...
Application bundle generation failed. [0.002 seconds] - 2026-08-02T13:40:20.474Z

[1m[31m[31mX [41;31m[[41;97mERROR[41;31m][0m [1mTS2307: Cannot find module '../home/about-section/about-section.component' or its corresponding type declarations.[0m [1m[35m[plugin angular-compiler][0m

    src/app/features/landing/landing-page.component.ts:8:38:
[37m      8 │ ...onComponent } from [32m'../home/about-section/about-section.component'[37m;
        ╵                       [32m~~~~~~~~~~~~~~~~~~~~~~~~~~~~~~~~~~~~~~~~~~~~~~~[0m


[31mX [41;31m[[41;97mERROR[41;31m][0m [1mNG1010: 'imports' must be an array of components, directives, pipes, or NgModules.
  Value could not be determined statically.[0m [1m[35m[plugin angular-compiler][0m

    src/app/features/landing/landing-page.component.ts:13:50:
[37m      13 │ ...le, RevealDirective, [32mAboutSectionComponent[37m, PortfolioHeroCompon...
         ╵                         [32m~~~~~~~~~~~~~~~~~~~~~[0m

  Unknown reference.

    src/app/features/landing/landing-page.component.ts:13:50:
[37m      13 │ ...le, RevealDirective, [32mAboutSectionComponent[37m, PortfolioHeroCompon...
         ╵                         [32m~~~~~~~~~~~~~~~~~~~~~[0m


[31mX [41;31m[[41;97mERROR[41;31m][0m [1mCould not resolve "../home/about-section/about-section.component"[0m

    src/app/features/landing/landing-page.component.ts:9:38:
[37m      9 │ ...onComponent } from [32m'../home/about-section/about-section.component'[37m;
        ╵                       [32m~~~~~~~~~~~~~~~~~~~~~~~~~~~~~~~~~~~~~~~~~~~~~~~[0m

[39m[22m
[33m>[39m Changes detected. Rebuilding...
[32m√[39m Changes detected. Rebuilding...
Application bundle generation failed. [0.003 seconds] - 2026-08-02T13:40:22.259Z

[1m[31m[31mX [41;31m[[41;97mERROR[41;31m][0m [1mTS2307: Cannot find module '../home/about-section/about-section.component' or its corresponding type declarations.[0m [1m[35m[plugin angular-compiler][0m

    src/app/features/landing/landing-page.component.ts:8:38:
[37m      8 │ ...onComponent } from [32m'../home/about-section/about-section.component'[37m;
        ╵                       [32m~~~~~~~~~~~~~~~~~~~~~~~~~~~~~~~~~~~~~~~~~~~~~~~[0m


[31mX [41;31m[[41;97mERROR[41;31m][0m [1mNG1010: 'imports' must be an array of components, directives, pipes, or NgModules.
  Value could not be determined statically.[0m [1m[35m[plugin angular-compiler][0m

    src/app/features/landing/landing-page.component.ts:13:50:
[37m      13 │ ...le, RevealDirective, [32mAboutSectionComponent[37m, PortfolioHeroCompon...
         ╵                         [32m~~~~~~~~~~~~~~~~~~~~~[0m

  Unknown reference.

    src/app/features/landing/landing-page.component.ts:13:50:
[37m      13 │ ...le, RevealDirective, [32mAboutSectionComponent[37m, PortfolioHeroCompon...
         ╵                         [32m~~~~~~~~~~~~~~~~~~~~~[0m


[31mX [41;31m[[41;97mERROR[41;31m][0m [1mCould not resolve "../home/about-section/about-section.component"[0m

    src/app/features/landing/landing-page.component.ts:9:38:
[37m      9 │ ...onComponent } from [32m'../home/about-section/about-section.component'[37m;
        ╵                       [32m~~~~~~~~~~~~~~~~~~~~~~~~~~~~~~~~~~~~~~~~~~~~~~~[0m

[39m[22m
[33m>[39m Changes detected. Rebuilding...
[32m√[39m Changes detected. Rebuilding...
Application bundle generation failed. [0.001 seconds] - 2026-08-02T13:40:23.721Z

[1m[31m[31mX [41;31m[[41;97mERROR[41;31m][0m [1mTS2307: Cannot find module '../home/about-section/about-section.component' or its corresponding type declarations.[0m [1m[35m[plugin angular-compiler][0m

    src/app/features/landing/landing-page.component.ts:8:38:
[37m      8 │ ...onComponent } from [32m'../home/about-section/about-section.component'[37m;
        ╵                       [32m~~~~~~~~~~~~~~~~~~~~~~~~~~~~~~~~~~~~~~~~~~~~~~~[0m


[31mX [41;31m[[41;97mERROR[41;31m][0m [1mNG1010: 'imports' must be an array of components, directives, pipes, or NgModules.
  Value could not be determined statically.[0m [1m[35m[plugin angular-compiler][0m

    src/app/features/landing/landing-page.component.ts:13:50:
[37m      13 │ ...le, RevealDirective, [32mAboutSectionComponent[37m, PortfolioHeroCompon...
         ╵                         [32m~~~~~~~~~~~~~~~~~~~~~[0m

  Unknown reference.

    src/app/features/landing/landing-page.component.ts:13:50:
[37m      13 │ ...le, RevealDirective, [32mAboutSectionComponent[37m, PortfolioHeroCompon...
         ╵                         [32m~~~~~~~~~~~~~~~~~~~~~[0m


[31mX [41;31m[[41;97mERROR[41;31m][0m [1mCould not resolve "../home/about-section/about-section.component"[0m

    src/app/features/landing/landing-page.component.ts:9:38:
[37m      9 │ ...onComponent } from [32m'../home/about-section/about-section.component'[37m;
        ╵                       [32m~~~~~~~~~~~~~~~~~~~~~~~~~~~~~~~~~~~~~~~~~~~~~~~[0m

[39m[22m
[33m>[39m Changes detected. Rebuilding...
[32m√[39m Changes detected. Rebuilding...
Application bundle generation failed. [1.183 seconds] - 2026-08-02T13:40:26.836Z

[1m[31m[31mX [41;31m[[41;97mERROR[41;31m][0m [1mNG2008: Could not find stylesheet file './about-section.component.css'.[0m [1m[35m[plugin angular-compiler][0m

    src/app/features/home/about-section/about-section.component.ts:5:129:
[37m      5 │ ...html', styleUrl: [32m'./about-section.component.css'[37m, changeDetectio...
        ╵                     [32m~~~~~~~~~~~~~~~~~~~~~~~~~~~~~~~[0m

[39m[22m
[33m>[39m Changes detected. Rebuilding...
[32m√[39m Changes detected. Rebuilding...
Application bundle generation failed. [0.001 seconds] - 2026-08-02T13:40:27.111Z

[1m[31m[31mX [41;31m[[41;97mERROR[41;31m][0m [1mNG2008: Could not find stylesheet file './about-section.component.css'.[0m [1m[35m[plugin angular-compiler][0m

    src/app/features/home/about-section/about-section.component.ts:5:129:
[37m      5 │ ...html', styleUrl: [32m'./about-section.component.css'[37m, changeDetectio...
        ╵                     [32m~~~~~~~~~~~~~~~~~~~~~~~~~~~~~~~[0m

[39m[22m
[33m>[39m Changes detected. Rebuilding...
[32m√[39m Changes detected. Rebuilding...
[1mInitial chunk files[22m[2m | [22m[1mNames[22m        [2m | [22m [1mRaw size[22m
[32mmain.js[39m            [2m | [22m[2mmain[22m         [2m | [22m[36m188.18 kB[39m[2m | [22m
[32mstyles.css[39m         [2m | [22m[2mstyles[22m       [2m | [22m[36m700 bytes[39m[2m | [22m

[1m [22m                  [2m | [22m[1mInitial total[22m[2m | [22m[1m188.88 kB[22m

Application bundle generation complete. [1.079 seconds] - 2026-08-02T13:41:17.218Z

Page reload sent to client(s).
[33m>[39m Changes detected. Rebuilding...
[32m√[39m Changes detected. Rebuilding...
Application bundle generation failed. [0.291 seconds] - 2026-08-02T13:43:45.703Z

[1m[31m[31mX [41;31m[[41;97mERROR[41;31m][0m [1mNG2008: Could not find template file './about-section.component.html'.[0m [1m[35m[plugin angular-compiler][0m

    src/app/features/home/about-section/about-section.component.ts:8:15:
[37m      8 │   templateUrl: [32m'./about-section.component.html'[37m,
        ╵                [32m~~~~~~~~~~~~~~~~~~~~~~~~~~~~~~~~[0m

[39m[22m
[33m>[39m Changes detected. Rebuilding...
[32m√[39m Changes detected. Rebuilding...
Application bundle generation failed. [0.001 seconds] - 2026-08-02T13:43:46.859Z

[1m[31m[31mX [41;31m[[41;97mERROR[41;31m][0m [1mNG2008: Could not find template file './about-section.component.html'.[0m [1m[35m[plugin angular-compiler][0m

    src/app/features/home/about-section/about-section.component.ts:8:15:
[37m      8 │   templateUrl: [32m'./about-section.component.html'[37m,
        ╵                [32m~~~~~~~~~~~~~~~~~~~~~~~~~~~~~~~~[0m

[39m[22m
[33m>[39m Changes detected. Rebuilding...
[32m√[39m Changes detected. Rebuilding...
[1mInitial chunk files[22m[2m | [22m[1mNames[22m        [2m | [22m [1mRaw size[22m
[32mmain.js[39m            [2m | [22m[2mmain[22m         [2m | [22m[36m169.31 kB[39m[2m | [22m
[32mstyles.css[39m         [2m | [22m[2mstyles[22m       [2m | [22m[36m700 bytes[39m[2m | [22m

[1m [22m                  [2m | [22m[1mInitial total[22m[2m | [22m[1m170.01 kB[22m

Application bundle generation complete. [1.240 seconds] - 2026-08-02T13:43:50.055Z

Page reload sent to client(s).
[33m>[39m Changes detected. Rebuilding...
[32m√[39m Changes detected. Rebuilding...
[1mInitial chunk files[22m[2m | [22m[1mNames[22m[2m | [22m [1mRaw size[22m
[32mmain.js[39m            [2m | [22m[2mmain[22m [2m | [22m[36m190.84 kB[39m[2m | [22m

Application bundle generation complete. [1.442 seconds] - 2026-08-02T13:43:52.574Z

Component update sent to client(s).
[33m>[39m Changes detected. Rebuilding...
[32m√[39m Changes detected. Rebuilding...
[1mInitial chunk files[22m[2m | [22m[1mNames[22m[2m | [22m [1mRaw size[22m
[32mmain.js[39m            [2m | [22m[2mmain[22m [2m | [22m[36m190.99 kB[39m[2m | [22m

Application bundle generation complete. [1.052 seconds] - 2026-08-02T13:44:02.644Z

Component update sent to client(s).
[33m>[39m Changes detected. Rebuilding...
[32m√[39m Changes detected. Rebuilding...
[1mInitial chunk files[22m[2m | [22m[1mNames[22m[2m | [22m [1mRaw size[22m
[32mmain.js[39m            [2m | [22m[2mmain[22m [2m | [22m[36m188.68 kB[39m[2m | [22m

Application bundle generation complete. [7.571 seconds] - 2026-08-02T13:55:49.920Z

Page reload sent to client(s).
[33m>[39m Changes detected. Rebuilding...
[32m√[39m Changes detected. Rebuilding...
[1mInitial chunk files[22m[2m | [22m[1mNames[22m[2m | [22m [1mRaw size[22m
[32mmain.js[39m            [2m | [22m[2mmain[22m [2m | [22m[36m180.07 kB[39m[2m | [22m

Application bundle generation complete. [1.282 seconds] - 2026-08-02T13:55:51.496Z

Page reload sent to client(s).
[33m>[39m Changes detected. Rebuilding...
[32m√[39m Changes detected. Rebuilding...
[1mInitial chunk files[22m[2m | [22m[1mNames[22m[2m | [22m [1mRaw size[22m
[32mmain.js[39m            [2m | [22m[2mmain[22m [2m | [22m[36m180.08 kB[39m[2m | [22m

Application bundle generation complete. [0.994 seconds] - 2026-08-02T13:56:06.233Z

Component update sent to client(s).
[33m>[39m Changes detected. Rebuilding...
[32m√[39m Changes detected. Rebuilding...
[1mInitial chunk files[22m[2m | [22m[1mNames[22m[2m | [22m [1mRaw size[22m
[32mmain.js[39m            [2m | [22m[2mmain[22m [2m | [22m[36m222.69 kB[39m[2m | [22m

Application bundle generation complete. [21.439 seconds] - 2026-08-02T14:04:30.630Z

Page reload sent to client(s).
[33m>[39m Changes detected. Rebuilding...
[32m√[39m Changes detected. Rebuilding...
[1mInitial chunk files[22m[2m | [22m[1mNames[22m        [2m | [22m [1mRaw size[22m
[32mmain.js[39m            [2m | [22m[2mmain[22m         [2m | [22m[36m222.69 kB[39m[2m | [22m
[32mstyles.css[39m         [2m | [22m[2mstyles[22m       [2m | [22m[36m700 bytes[39m[2m | [22m

[1m [22m                  [2m | [22m[1mInitial total[22m[2m | [22m[1m223.40 kB[22m

Application bundle generation complete. [4.819 seconds] - 2026-08-02T14:04:35.775Z

Component update sent to client(s).
[33m>[39m Changes detected. Rebuilding...
[32m√[39m Changes detected. Rebuilding...
[1mInitial chunk files[22m[2m | [22m[1mNames[22m[2m | [22m [1mRaw size[22m
[32mmain.js[39m            [2m | [22m[2mmain[22m [2m | [22m[36m222.70 kB[39m[2m | [22m

Application bundle generation complete. [29.879 seconds] - 2026-08-02T14:10:36.052Z

Component update sent to client(s).
[33m>[39m Changes detected. Rebuilding...
[32m√[39m Changes detected. Rebuilding...
[1mInitial chunk files[22m[2m | [22m[1mNames[22m[2m | [22m [1mRaw size[22m
[32mmain.js[39m            [2m | [22m[2mmain[22m [2m | [22m[36m222.45 kB[39m[2m | [22m

Application bundle generation complete. [4.069 seconds] - 2026-08-02T14:12:26.473Z

Component update sent to client(s).
[33m>[39m Changes detected. Rebuilding...
[32m√[39m Changes detected. Rebuilding...
[1mInitial chunk files[22m[2m | [22m[1mNames[22m[2m | [22m [1mRaw size[22m
[32mmain.js[39m            [2m | [22m[2mmain[22m [2m | [22m[36m222.13 kB[39m[2m | [22m

Application bundle generation complete. [1.005 seconds] - 2026-08-02T14:12:46.634Z

Component update sent to client(s).
[33m>[39m Changes detected. Rebuilding...
[32m√[39m Changes detected. Rebuilding...
[1mInitial chunk files[22m[2m | [22m[1mNames[22m[2m | [22m [1mRaw size[22m
[32mmain.js[39m            [2m | [22m[2mmain[22m [2m | [22m[36m222.13 kB[39m[2m | [22m

Application bundle generation complete. [26.126 seconds] - 2026-08-02T14:15:07.163Z

Component update sent to client(s).
[33m>[39m Changes detected. Rebuilding...
[32m√[39m Changes detected. Rebuilding...
[1mInitial chunk files[22m[2m | [22m[1mNames[22m[2m | [22m [1mRaw size[22m
[32mmain.js[39m            [2m | [22m[2mmain[22m [2m | [22m[36m222.13 kB[39m[2m | [22m

Application bundle generation complete. [1.364 seconds] - 2026-08-02T14:15:14.125Z

Component update sent to client(s).
[33m>[39m Changes detected. Rebuilding...
[32m√[39m Changes detected. Rebuilding...
[1mInitial chunk files[22m[2m | [22m[1mNames[22m[2m | [22m [1mRaw size[22m
[32mmain.js[39m            [2m | [22m[2mmain[22m [2m | [22m[36m222.13 kB[39m[2m | [22m

Application bundle generation complete. [3.654 seconds] - 2026-08-02T14:19:03.011Z

Component update sent to client(s).
[33m>[39m Changes detected. Rebuilding...
[32m√[39m Changes detected. Rebuilding...
[1mInitial chunk files[22m[2m | [22m[1mNames[22m[2m | [22m [1mRaw size[22m
[32mmain.js[39m            [2m | [22m[2mmain[22m [2m | [22m[36m222.17 kB[39m[2m | [22m

Application bundle generation complete. [1.214 seconds] - 2026-08-02T14:19:10.163Z

Component update sent to client(s).
[33m>[39m Changes detected. Rebuilding...
[32m√[39m Changes detected. Rebuilding...
[1mInitial chunk files[22m[2m | [22m[1mNames[22m[2m | [22m [1mRaw size[22m
[32mmain.js[39m            [2m | [22m[2mmain[22m [2m | [22m[36m222.79 kB[39m[2m | [22m

Application bundle generation complete. [2.237 seconds] - 2026-08-02T14:19:25.968Z

Page reload sent to client(s).
[33m>[39m Changes detected. Rebuilding...
[32m√[39m Changes detected. Rebuilding...
[1mInitial chunk files[22m[2m | [22m[1mNames[22m [2m | [22m [1mRaw size[22m
[32mstyles.css[39m         [2m | [22m[2mstyles[22m[2m | [22m[36m903 bytes[39m[2m | [22m

Application bundle generation complete. [0.191 seconds] - 2026-08-02T14:19:46.674Z

Stylesheet update sent to client(s).
[33m>[39m Changes detected. Rebuilding...
[32m√[39m Changes detected. Rebuilding...
[1mInitial chunk files[22m[2m | [22m[1mNames[22m[2m | [22m [1mRaw size[22m
[32mmain.js[39m            [2m | [22m[2mmain[22m [2m | [22m[36m222.81 kB[39m[2m | [22m

Application bundle generation complete. [2.817 seconds] - 2026-08-02T14:20:17.490Z

Page reload sent to client(s).
[33m>[39m Changes detected. Rebuilding...
[32m√[39m Changes detected. Rebuilding...
[1mInitial chunk files[22m[2m | [22m[1mNames[22m[2m | [22m [1mRaw size[22m
[32mmain.js[39m            [2m | [22m[2mmain[22m [2m | [22m[36m222.81 kB[39m[2m | [22m

Application bundle generation complete. [6.637 seconds] - 2026-08-02T14:22:24.330Z

Page reload sent to client(s).
[33m>[39m Changes detected. Rebuilding...
[32m√[39m Changes detected. Rebuilding...
[1mInitial chunk files[22m[2m | [22m[1mNames[22m[2m | [22m [1mRaw size[22m
[32mmain.js[39m            [2m | [22m[2mmain[22m [2m | [22m[36m222.69 kB[39m[2m | [22m

Application bundle generation complete. [0.847 seconds] - 2026-08-02T14:23:57.806Z

Component update sent to client(s).
[33m>[39m Changes detected. Rebuilding...
[32m√[39m Changes detected. Rebuilding...
[1mInitial chunk files[22m[2m | [22m[1mNames[22m[2m | [22m [1mRaw size[22m
[32mmain.js[39m            [2m | [22m[2mmain[22m [2m | [22m[36m222.76 kB[39m[2m | [22m

Application bundle generation complete. [3.388 seconds] - 2026-08-02T14:24:35.839Z

Component update sent to client(s).
[33m>[39m Changes detected. Rebuilding...
[32m√[39m Changes detected. Rebuilding...
[1mInitial chunk files[22m[2m | [22m[1mNames[22m[2m | [22m [1mRaw size[22m
[32mmain.js[39m            [2m | [22m[2mmain[22m [2m | [22m[36m223.33 kB[39m[2m | [22m

Application bundle generation complete. [4.632 seconds] - 2026-08-02T14:27:00.822Z

Page reload sent to client(s).
[33m>[39m Changes detected. Rebuilding...
[32m√[39m Changes detected. Rebuilding...
[1mInitial chunk files[22m[2m | [22m[1mNames[22m[2m | [22m [1mRaw size[22m
[32mmain.js[39m            [2m | [22m[2mmain[22m [2m | [22m[36m214.43 kB[39m[2m | [22m

Application bundle generation complete. [5.848 seconds] - 2026-08-02T14:30:13.632Z

Component update sent to client(s).
[33m>[39m Changes detected. Rebuilding...
[32m√[39m Changes detected. Rebuilding...
[1mInitial chunk files[22m[2m | [22m[1mNames[22m[2m | [22m [1mRaw size[22m
[32mmain.js[39m            [2m | [22m[2mmain[22m [2m | [22m[36m206.05 kB[39m[2m | [22m

Application bundle generation complete. [0.898 seconds] - 2026-08-02T14:30:33.075Z

Component update sent to client(s).
[33m>[39m Changes detected. Rebuilding...
[32m√[39m Changes detected. Rebuilding...
[1mInitial chunk files[22m[2m | [22m[1mNames[22m[2m | [22m [1mRaw size[22m
[32mmain.js[39m            [2m | [22m[2mmain[22m [2m | [22m[36m205.87 kB[39m[2m | [22m

Application bundle generation complete. [1.048 seconds] - 2026-08-02T14:30:46.163Z

Component update sent to client(s).
[33m>[39m Changes detected. Rebuilding...
[32m√[39m Changes detected. Rebuilding...
[1mInitial chunk files[22m[2m | [22m[1mNames[22m[2m | [22m [1mRaw size[22m
[32mmain.js[39m            [2m | [22m[2mmain[22m [2m | [22m[36m205.24 kB[39m[2m | [22m

Application bundle generation complete. [0.948 seconds] - 2026-08-02T14:30:53.119Z

Component update sent to client(s).
[33m>[39m Changes detected. Rebuilding...
[32m√[39m Changes detected. Rebuilding...
[1mInitial chunk files[22m[2m | [22m[1mNames[22m[2m | [22m [1mRaw size[22m
[32mmain.js[39m            [2m | [22m[2mmain[22m [2m | [22m[36m204.80 kB[39m[2m | [22m

Application bundle generation complete. [0.944 seconds] - 2026-08-02T14:31:04.951Z

Component update sent to client(s).
[33m>[39m Changes detected. Rebuilding...
[32m√[39m Changes detected. Rebuilding...
[1mInitial chunk files[22m[2m | [22m[1mNames[22m[2m | [22m [1mRaw size[22m
[32mmain.js[39m            [2m | [22m[2mmain[22m [2m | [22m[36m204.79 kB[39m[2m | [22m

Application bundle generation complete. [0.817 seconds] - 2026-08-02T14:31:30.298Z

Component update sent to client(s).
[33m>[39m Changes detected. Rebuilding...
[32m√[39m Changes detected. Rebuilding...
[1mInitial chunk files[22m[2m | [22m[1mNames[22m[2m | [22m [1mRaw size[22m
[32mmain.js[39m            [2m | [22m[2mmain[22m [2m | [22m[36m205.31 kB[39m[2m | [22m

Application bundle generation complete. [6.128 seconds] - 2026-08-02T14:36:58.866Z

Page reload sent to client(s).
[33m>[39m Changes detected. Rebuilding...
[32m√[39m Changes detected. Rebuilding...
[1mInitial chunk files[22m[2m | [22m[1mNames[22m[2m | [22m [1mRaw size[22m
[32mmain.js[39m            [2m | [22m[2mmain[22m [2m | [22m[36m211.35 kB[39m[2m | [22m

Application bundle generation complete. [1.108 seconds] - 2026-08-02T14:37:12.512Z

Component update sent to client(s).
[33m>[39m Changes detected. Rebuilding...
[32m√[39m Changes detected. Rebuilding...
[1mInitial chunk files[22m[2m | [22m[1mNames[22m[2m | [22m [1mRaw size[22m
[32mmain.js[39m            [2m | [22m[2mmain[22m [2m | [22m[36m224.07 kB[39m[2m | [22m

Application bundle generation complete. [1.170 seconds] - 2026-08-02T14:37:31.156Z

Component update sent to client(s).
[33m>[39m Changes detected. Rebuilding...
[32m√[39m Changes detected. Rebuilding...
[1mInitial chunk files[22m[2m | [22m[1mNames[22m[2m | [22m [1mRaw size[22m
[32mmain.js[39m            [2m | [22m[2mmain[22m [2m | [22m[36m224.10 kB[39m[2m | [22m

Application bundle generation complete. [27.438 seconds] - 2026-08-02T14:40:49.064Z

Page reload sent to client(s).
[2m8:10:53 pm[22m [36m[1m[vite][22m[39m [90m[2m(client)[22m[39m [32m✨ new dependencies optimized: [33mgsap, gsap/ScrollTrigger, lenis[32m[39m
[2m8:10:53 pm[22m [36m[1m[vite][22m[39m [90m[2m(client)[22m[39m [32m✨ optimized dependencies changed. reloading[39m
[33m>[39m Changes detected. Rebuilding...
[32m√[39m Changes detected. Rebuilding...
[1mInitial chunk files[22m[2m | [22m[1mNames[22m[2m | [22m [1mRaw size[22m
[32mmain.js[39m            [2m | [22m[2mmain[22m [2m | [22m[36m224.08 kB[39m[2m | [22m

Application bundle generation complete. [1.737 seconds] - 2026-08-02T14:45:52.624Z

Page reload sent to client(s).
[33m>[39m Changes detected. Rebuilding...
[32m√[39m Changes detected. Rebuilding...
[1mInitial chunk files[22m[2m | [22m[1mNames[22m[2m | [22m [1mRaw size[22m
[32mmain.js[39m            [2m | [22m[2mmain[22m [2m | [22m[36m223.89 kB[39m[2m | [22m

Application bundle generation complete. [0.704 seconds] - 2026-08-02T14:46:02.762Z

Component update sent to client(s).
[33m>[39m Changes detected. Rebuilding...
[32m√[39m Changes detected. Rebuilding...
[1mInitial chunk files[22m[2m | [22m[1mNames[22m[2m | [22m [1mRaw size[22m
[32mmain.js[39m            [2m | [22m[2mmain[22m [2m | [22m[36m224.10 kB[39m[2m | [22m

Application bundle generation complete. [1.838 seconds] - 2026-08-02T14:48:59.130Z

Page reload sent to client(s).
[33m>[39m Changes detected. Rebuilding...
[32m√[39m Changes detected. Rebuilding...
[1mInitial chunk files[22m[2m | [22m[1mNames[22m[2m | [22m [1mRaw size[22m
[32mmain.js[39m            [2m | [22m[2mmain[22m [2m | [22m[36m257.05 kB[39m[2m | [22m

Application bundle generation complete. [9.431 seconds] - 2026-08-02T14:56:10.022Z

[1m[33m[33m▲ [43;33m[[43;30mWARNING[43;33m][0m [1mNG8113: SkillsSectionComponent is not used within the template of LandingPageComponent[0m [1m[35m[plugin angular-compiler][0m

    src/app/features/landing/landing-page.component.ts:15:123:
[37m      15 │ ...oHeroComponent, ProjectsSectionComponent, [32mSkillsSectionComponent[37m],
         ╵                                              [32m~~~~~~~~~~~~~~~~~~~~~~[0m

[39m[22m
Page reload sent to client(s).
[33m>[39m Changes detected. Rebuilding...
[32m√[39m Changes detected. Rebuilding...
[1mInitial chunk files[22m[2m | [22m[1mNames[22m[2m | [22m [1mRaw size[22m
[32mmain.js[39m            [2m | [22m[2mmain[22m [2m | [22m[36m257.11 kB[39m[2m | [22m

Application bundle generation complete. [3.052 seconds] - 2026-08-02T14:56:16.143Z

Component update sent to client(s).
[33m>[39m Changes detected. Rebuilding...
[32m√[39m Changes detected. Rebuilding...
[1mInitial chunk files[22m[2m | [22m[1mNames[22m[2m | [22m [1mRaw size[22m
[32mmain.js[39m            [2m | [22m[2mmain[22m [2m | [22m[36m257.04 kB[39m[2m | [22m

Application bundle generation complete. [6.753 seconds] - 2026-08-02T14:58:50.365Z

Component update sent to client(s).
[33m>[39m Changes detected. Rebuilding...
[32m√[39m Changes detected. Rebuilding...
[1mInitial chunk files[22m[2m | [22m[1mNames[22m[2m | [22m [1mRaw size[22m
[32mmain.js[39m            [2m | [22m[2mmain[22m [2m | [22m[36m258.81 kB[39m[2m | [22m

Application bundle generation complete. [0.738 seconds] - 2026-08-02T14:59:07.265Z

Component update sent to client(s).
[33m>[39m Changes detected. Rebuilding...
[32m√[39m Changes detected. Rebuilding...
[1mInitial chunk files[22m[2m | [22m[1mNames[22m[2m | [22m [1mRaw size[22m
[32mmain.js[39m            [2m | [22m[2mmain[22m [2m | [22m[36m258.76 kB[39m[2m | [22m

Application bundle generation complete. [0.707 seconds] - 2026-08-02T15:00:23.150Z

Component update sent to client(s).
[33m>[39m Changes detected. Rebuilding...
[32m√[39m Changes detected. Rebuilding...
[1mInitial chunk files[22m[2m | [22m[1mNames[22m[2m | [22m [1mRaw size[22m
[32mmain.js[39m            [2m | [22m[2mmain[22m [2m | [22m[36m259.63 kB[39m[2m | [22m

Application bundle generation complete. [1.493 seconds] - 2026-08-02T15:02:17.554Z

Component update sent to client(s).
[33m>[39m Changes detected. Rebuilding...
[32m√[39m Changes detected. Rebuilding...
[1mInitial chunk files[22m[2m | [22m[1mNames[22m[2m | [22m [1mRaw size[22m
[32mmain.js[39m            [2m | [22m[2mmain[22m [2m | [22m[36m263.71 kB[39m[2m | [22m

Application bundle generation complete. [1.065 seconds] - 2026-08-02T15:02:32.494Z

[1m[33m[33m▲ [43;33m[[43;30mWARNING[43;33m][0m [1mExpected ":"[0m [1m[35m[plugin angular-compiler][0m [css-syntax-error]

    src/app/features/landing/landing-page.component.css:1312:25:
[37m      1312 │  . z - d i v i d e r   { [32m[37m
           │                          [32m^[37m
           ╵                          [32m:[0m


[33m▲ [43;33m[[43;30mWARNING[43;33m][0m [1mExpected ":"[0m [1m[35m[plugin angular-compiler][0m [css-syntax-error]

    src/app/features/landing/landing-page.component.css:1313:29:
[37m      1313 │      w i d t h :   1 0 0 % ; [32m[37m
           │                              [32m^[37m
           ╵                              [32m:[0m


[33m▲ [43;33m[[43;30mWARNING[43;33m][0m [1mExpected ":"[0m [1m[35m[plugin angular-compiler][0m [css-syntax-error]

    src/app/features/landing/landing-page.component.css:1314:41:
[37m      1314 │      m a x - w i d t h :   1 2 0 0 p x ; [32m[37m
           │                                          [32m^[37m
           ╵                                          [32m:[0m


[33m▲ [43;33m[[43;30mWARNING[43;33m][0m [1mExpected ":"[0m [1m[35m[plugin angular-compiler][0m [css-syntax-error]

    src/app/features/landing/landing-page.component.css:1315:35:
[37m      1315 │      m a r g i n :   0   a u t o ; [32m[37m
           │                                    [32m^[37m
           ╵                                    [32m:[0m


[33m▲ [43;33m[[43;30mWARNING[43;33m][0m [1mExpected ":"[0m [1m[35m[plugin angular-compiler][0m [css-syntax-error]

    src/app/features/landing/landing-page.component.css:1316:47:
[37m      1316 │      p a d d i n g :   4 0 p x   3 2 p x   0 ; [32m[37m
           │                                                [32m^[37m
           ╵                                                [32m:[0m


[33m▲ [43;33m[[43;30mWARNING[43;33m][0m [1mExpected ":"[0m [1m[35m[plugin angular-compiler][0m [css-syntax-error]

    src/app/features/landing/landing-page.component.css:1317:33:
[37m      1317 │      d i s p l a y :   f l e x ; [32m[37m
           │                                  [32m^[37m
           ╵                                  [32m:[0m


[33m▲ [43;33m[[43;30mWARNING[43;33m][0m [1mExpected ":"[0m [1m[35m[plugin angular-compiler][0m [css-syntax-error]

    src/app/features/landing/landing-page.component.css:1318:53:
[37m      1318 │      j u s t i f y - c o n t e n t :   c e n t e r ; [32m[37m
           │                                                      [32m^[37m
           ╵                                                      [32m:[0m


[33m▲ [43;33m[[43;30mWARNING[43;33m][0m [1mExpected ":"[0m [1m[35m[plugin angular-compiler][0m [css-syntax-error]

    src/app/features/landing/landing-page.component.css:1319:45:
[37m      1319 │      a l i g n - i t e m s :   c e n t e r ; [32m[37m
           │                                              [32m^[37m
           ╵                                              [32m:[0m


[33m▲ [43;33m[[43;30mWARNING[43;33m][0m [1mExpected ":"[0m [1m[35m[plugin angular-compiler][0m [css-syntax-error]

    src/app/features/landing/landing-page.component.css:1320:41:
[37m      1320 │      c o l o r :   v a r ( - - i n k ) ; [32m[37m
           │                                          [32m^[37m
           ╵                                          [32m:[0m


[33m▲ [43;33m[[43;30mWARNING[43;33m][0m [1mExpected ":"[0m [1m[35m[plugin angular-compiler][0m [css-syntax-error]

    src/app/features/landing/landing-page.component.css:1321:33:
[37m      1321 │      o p a c i t y :   0 . 3 5 ; [32m[37m
           │                                  [32m^[37m
           ╵                                  [32m:[0m


[33m▲ [43;33m[[43;30mWARNING[43;33m][0m [1mExpected ":"[0m [1m[35m[plugin angular-compiler][0m [css-syntax-error]

    src/app/features/landing/landing-page.component.css:1324:33:
[37m      1324 │  . z - d i v i d e r   s v g   { [32m[37m
           │                                  [32m^[37m
           ╵                                  [32m:[0m


[33m▲ [43;33m[[43;30mWARNING[43;33m][0m [1mExpected ":"[0m [1m[35m[plugin angular-compiler][0m [css-syntax-error]

    src/app/features/landing/landing-page.component.css:1325:29:
[37m      1325 │      w i d t h :   1 0 0 % ; [32m[37m
           │                              [32m^[37m
           ╵                              [32m:[0m


[33m▲ [43;33m[[43;30mWARNING[43;33m][0m [1mExpected ":"[0m [1m[35m[plugin angular-compiler][0m [css-syntax-error]

    src/app/features/landing/landing-page.component.css:1326:31:
[37m      1326 │      h e i g h t :   a u t o ; [32m[37m
           │                                [32m^[37m
           ╵                                [32m:[0m


[33m▲ [43;33m[[43;30mWARNING[43;33m][0m [1mExpected "{" but found end of file[0m [1m[35m[plugin angular-compiler][0m [css-syntax-error]

    src/app/features/landing/landing-page.component.css:1329:1:
[37m      1329 │  [32m[37m
           │  [32m^[37m
           ╵  [32m{[0m

[39m[22m
Component update sent to client(s).
[33m>[39m Changes detected. Rebuilding...
[32m√[39m Changes detected. Rebuilding...
[1mInitial chunk files[22m[2m | [22m[1mNames[22m[2m | [22m [1mRaw size[22m
[32mmain.js[39m            [2m | [22m[2mmain[22m [2m | [22m[36m259.63 kB[39m[2m | [22m

Application bundle generation complete. [1.118 seconds] - 2026-08-02T15:03:28.148Z

Component update sent to client(s).
[33m>[39m Changes detected. Rebuilding...
[32m√[39m Changes detected. Rebuilding...
[1mInitial chunk files[22m[2m | [22m[1mNames[22m[2m | [22m [1mRaw size[22m
[32mmain.js[39m            [2m | [22m[2mmain[22m [2m | [22m[36m260.22 kB[39m[2m | [22m

Application bundle generation complete. [0.844 seconds] - 2026-08-02T15:03:41.213Z

Component update sent to client(s).
[33m>[39m Changes detected. Rebuilding...
[32m√[39m Changes detected. Rebuilding...
[1mInitial chunk files[22m[2m | [22m[1mNames[22m[2m | [22m [1mRaw size[22m
[32mmain.js[39m            [2m | [22m[2mmain[22m [2m | [22m[36m260.21 kB[39m[2m | [22m

Application bundle generation complete. [1.245 seconds] - 2026-08-02T15:04:41.790Z

Component update sent to client(s).
[33m>[39m Changes detected. Rebuilding...
[32m√[39m Changes detected. Rebuilding...
[1mInitial chunk files[22m[2m | [22m[1mNames[22m[2m | [22m [1mRaw size[22m
[32mmain.js[39m            [2m | [22m[2mmain[22m [2m | [22m[36m260.19 kB[39m[2m | [22m

Application bundle generation complete. [0.971 seconds] - 2026-08-02T15:04:52.901Z

Component update sent to client(s).
[33m>[39m Changes detected. Rebuilding...
[32m√[39m Changes detected. Rebuilding...
[1mInitial chunk files[22m[2m | [22m[1mNames[22m[2m | [22m [1mRaw size[22m
[32mmain.js[39m            [2m | [22m[2mmain[22m [2m | [22m[36m261.18 kB[39m[2m | [22m

Application bundle generation complete. [1.001 seconds] - 2026-08-02T15:05:53.149Z

Component update sent to client(s).
[33m>[39m Changes detected. Rebuilding...
[32m√[39m Changes detected. Rebuilding...
[1mInitial chunk files[22m[2m | [22m[1mNames[22m[2m | [22m [1mRaw size[22m
[32mmain.js[39m            [2m | [22m[2mmain[22m [2m | [22m[36m261.27 kB[39m[2m | [22m

Application bundle generation complete. [1.423 seconds] - 2026-08-02T15:07:35.343Z

Component update sent to client(s).
[33m>[39m Changes detected. Rebuilding...
[32m√[39m Changes detected. Rebuilding...
[1mInitial chunk files[22m[2m | [22m[1mNames[22m[2m | [22m [1mRaw size[22m
[32mmain.js[39m            [2m | [22m[2mmain[22m [2m | [22m[36m261.98 kB[39m[2m | [22m

Application bundle generation complete. [0.263 seconds] - 2026-08-02T15:09:30.845Z

Component update sent to client(s).
[33m>[39m Changes detected. Rebuilding...
[32m√[39m Changes detected. Rebuilding...
[1mInitial chunk files[22m[2m | [22m[1mNames[22m[2m | [22m [1mRaw size[22m
[32mmain.js[39m            [2m | [22m[2mmain[22m [2m | [22m[36m261.76 kB[39m[2m | [22m

Application bundle generation complete. [0.635 seconds] - 2026-08-02T15:09:57.414Z

Component update sent to client(s).
[33m>[39m Changes detected. Rebuilding...
[32m√[39m Changes detected. Rebuilding...
[1mInitial chunk files[22m[2m | [22m[1mNames[22m[2m | [22m [1mRaw size[22m
[32mmain.js[39m            [2m | [22m[2mmain[22m [2m | [22m[36m262.73 kB[39m[2m | [22m

Application bundle generation complete. [0.294 seconds] - 2026-08-02T15:11:45.186Z

Component update sent to client(s).
[33m>[39m Changes detected. Rebuilding...
[32m√[39m Changes detected. Rebuilding...
[1mInitial chunk files[22m[2m | [22m[1mNames[22m[2m | [22m [1mRaw size[22m
[32mmain.js[39m            [2m | [22m[2mmain[22m [2m | [22m[36m263.70 kB[39m[2m | [22m

Application bundle generation complete. [0.615 seconds] - 2026-08-02T15:12:51.634Z

Component update sent to client(s).
[33m>[39m Changes detected. Rebuilding...
[32m√[39m Changes detected. Rebuilding...
[1mInitial chunk files[22m[2m | [22m[1mNames[22m[2m | [22m [1mRaw size[22m
[32mmain.js[39m            [2m | [22m[2mmain[22m [2m | [22m[36m265.77 kB[39m[2m | [22m

Application bundle generation complete. [5.065 seconds] - 2026-08-02T15:16:16.711Z

Page reload sent to client(s).
[33m>[39m Changes detected. Rebuilding...
[32m√[39m Changes detected. Rebuilding...
[1mInitial chunk files[22m[2m | [22m[1mNames[22m[2m | [22m [1mRaw size[22m
[32mmain.js[39m            [2m | [22m[2mmain[22m [2m | [22m[36m268.01 kB[39m[2m | [22m

Application bundle generation complete. [0.629 seconds] - 2026-08-02T15:16:37.105Z

Component update sent to client(s).
[33m>[39m Changes detected. Rebuilding...
[32m√[39m Changes detected. Rebuilding...
[1mInitial chunk files[22m[2m | [22m[1mNames[22m[2m | [22m [1mRaw size[22m
[32mmain.js[39m            [2m | [22m[2mmain[22m [2m | [22m[36m269.57 kB[39m[2m | [22m

Application bundle generation complete. [0.805 seconds] - 2026-08-02T15:16:52.230Z

Component update sent to client(s).
[33m>[39m Changes detected. Rebuilding...
[32m√[39m Changes detected. Rebuilding...
[1mInitial chunk files[22m[2m | [22m[1mNames[22m[2m | [22m [1mRaw size[22m
[32mmain.js[39m            [2m | [22m[2mmain[22m [2m | [22m[36m270.09 kB[39m[2m | [22m

Application bundle generation complete. [5.019 seconds] - 2026-08-02T15:19:33.508Z

Page reload sent to client(s).
[33m>[39m Changes detected. Rebuilding...
[32m√[39m Changes detected. Rebuilding...
[1mInitial chunk files[22m[2m | [22m[1mNames[22m[2m | [22m [1mRaw size[22m
[32mmain.js[39m            [2m | [22m[2mmain[22m [2m | [22m[36m274.54 kB[39m[2m | [22m

Application bundle generation complete. [3.155 seconds] - 2026-08-02T15:24:12.228Z

Component update sent to client(s).
[33m>[39m Changes detected. Rebuilding...
[32m√[39m Changes detected. Rebuilding...
[1mInitial chunk files[22m[2m | [22m[1mNames[22m[2m | [22m [1mRaw size[22m
[32mmain.js[39m            [2m | [22m[2mmain[22m [2m | [22m[36m279.38 kB[39m[2m | [22m

Application bundle generation complete. [0.576 seconds] - 2026-08-02T15:24:52.820Z

Component update sent to client(s).
[33m>[39m Changes detected. Rebuilding...
[32m√[39m Changes detected. Rebuilding...
[1mInitial chunk files[22m[2m | [22m[1mNames[22m[2m | [22m [1mRaw size[22m
[32mmain.js[39m            [2m | [22m[2mmain[22m [2m | [22m[36m279.51 kB[39m[2m | [22m

Application bundle generation complete. [1.654 seconds] - 2026-08-02T15:26:56.926Z

Component update sent to client(s).
[33m>[39m Changes detected. Rebuilding...
[32m√[39m Changes detected. Rebuilding...
[1mInitial chunk files[22m[2m | [22m[1mNames[22m[2m | [22m [1mRaw size[22m
[32mmain.js[39m            [2m | [22m[2mmain[22m [2m | [22m[36m279.54 kB[39m[2m | [22m

Application bundle generation complete. [0.749 seconds] - 2026-08-02T15:28:17.855Z

Component update sent to client(s).
[33m>[39m Changes detected. Rebuilding...
[32m√[39m Changes detected. Rebuilding...
[1mInitial chunk files[22m[2m | [22m[1mNames[22m[2m | [22m [1mRaw size[22m
[32mmain.js[39m            [2m | [22m[2mmain[22m [2m | [22m[36m279.54 kB[39m[2m | [22m

Application bundle generation complete. [0.410 seconds] - 2026-08-02T15:28:41.773Z

Component update sent to client(s).
[33m>[39m Changes detected. Rebuilding...
[32m√[39m Changes detected. Rebuilding...
[1mInitial chunk files[22m[2m | [22m[1mNames[22m[2m | [22m [1mRaw size[22m
[32mmain.js[39m            [2m | [22m[2mmain[22m [2m | [22m[36m279.54 kB[39m[2m | [22m

Application bundle generation complete. [0.888 seconds] - 2026-08-02T15:29:15.234Z

Component update sent to client(s).
[33m>[39m Changes detected. Rebuilding...
[32m√[39m Changes detected. Rebuilding...
[1mInitial chunk files[22m[2m | [22m[1mNames[22m[2m | [22m [1mRaw size[22m
[32mmain.js[39m            [2m | [22m[2mmain[22m [2m | [22m[36m279.54 kB[39m[2m | [22m

Application bundle generation complete. [0.828 seconds] - 2026-08-02T15:29:20.687Z

Component update sent to client(s).
[33m>[39m Changes detected. Rebuilding...
[32m√[39m Changes detected. Rebuilding...
[1mInitial chunk files[22m[2m | [22m[1mNames[22m[2m | [22m [1mRaw size[22m
[32mmain.js[39m            [2m | [22m[2mmain[22m [2m | [22m[36m279.54 kB[39m[2m | [22m

Application bundle generation complete. [0.915 seconds] - 2026-08-02T15:29:29.369Z

Component update sent to client(s).
[33m>[39m Changes detected. Rebuilding...
[32m√[39m Changes detected. Rebuilding...
[1mInitial chunk files[22m[2m | [22m[1mNames[22m[2m | [22m [1mRaw size[22m
[32mmain.js[39m            [2m | [22m[2mmain[22m [2m | [22m[36m279.54 kB[39m[2m | [22m

Application bundle generation complete. [0.577 seconds] - 2026-08-02T15:29:37.516Z

Component update sent to client(s).
[33m>[39m Changes detected. Rebuilding...
[32m√[39m Changes detected. Rebuilding...
[1mInitial chunk files[22m[2m | [22m[1mNames[22m[2m | [22m [1mRaw size[22m
[32mmain.js[39m            [2m | [22m[2mmain[22m [2m | [22m[36m279.53 kB[39m[2m | [22m

Application bundle generation complete. [0.673 seconds] - 2026-08-02T15:29:47.693Z

Component update sent to client(s).
[33m>[39m Changes detected. Rebuilding...
[32m√[39m Changes detected. Rebuilding...
[1mInitial chunk files[22m[2m | [22m[1mNames[22m[2m | [22m [1mRaw size[22m
[32mmain.js[39m            [2m | [22m[2mmain[22m [2m | [22m[36m279.53 kB[39m[2m | [22m

Application bundle generation complete. [1.658 seconds] - 2026-08-02T15:29:50.045Z

Component update sent to client(s).
[2m9:00:03 pm[22m [36m[1m[vite][22m[39m [90m[2m(client)[22m[39m [32m✨ new dependencies optimized: [33m@angular/common, three[32m[39m
[2m9:00:03 pm[22m [36m[1m[vite][22m[39m [90m[2m(client)[22m[39m [32m✨ optimized dependencies changed. reloading[39m
[33m>[39m Changes detected. Rebuilding...
[32m√[39m Changes detected. Rebuilding...
[1mInitial chunk files[22m[2m | [22m[1mNames[22m[2m | [22m [1mRaw size[22m
[32mmain.js[39m            [2m | [22m[2mmain[22m [2m | [22m[36m347.61 kB[39m[2m | [22m

Application bundle generation complete. [10.731 seconds] - 2026-08-02T15:57:59.116Z

[1m[33m[33m▲ [43;33m[[43;30mWARNING[43;33m][0m [1mNG8113: PortfolioFooterComponent is not used within the template of LandingPageComponent[0m [1m[35m[plugin angular-compiler][0m

    src/app/features/landing/landing-page.component.ts:23:4:
[37m      23 │     [32mPortfolioFooterComponent[37m,
         ╵     [32m~~~~~~~~~~~~~~~~~~~~~~~~[0m

[39m[22m
Page reload sent to client(s).
[33m>[39m Changes detected. Rebuilding...
[32m√[39m Changes detected. Rebuilding...
[1mInitial chunk files[22m[2m | [22m[1mNames[22m[2m | [22m [1mRaw size[22m
[32mmain.js[39m            [2m | [22m[2mmain[22m [2m | [22m[36m346.21 kB[39m[2m | [22m

Application bundle generation complete. [3.127 seconds] - 2026-08-02T15:58:04.245Z

Component update sent to client(s).
[33m>[39m Changes detected. Rebuilding...
[32m√[39m Changes detected. Rebuilding...
[1mInitial chunk files[22m[2m | [22m[1mNames[22m[2m | [22m [1mRaw size[22m
[32mmain.js[39m            [2m | [22m[2mmain[22m [2m | [22m[36m345.22 kB[39m[2m | [22m

Application bundle generation complete. [2.437 seconds] - 2026-08-02T15:58:30.817Z

Component update sent to client(s).
[33m>[39m Changes detected. Rebuilding...
[32m√[39m Changes detected. Rebuilding...
[1mInitial chunk files[22m[2m | [22m[1mNames[22m[2m | [22m [1mRaw size[22m
[32mmain.js[39m            [2m | [22m[2mmain[22m [2m | [22m[36m344.90 kB[39m[2m | [22m

Application bundle generation complete. [1.684 seconds] - 2026-08-02T15:58:53.763Z

Component update sent to client(s).
[33m>[39m Changes detected. Rebuilding...
[32m√[39m Changes detected. Rebuilding...
[1mInitial chunk files[22m[2m | [22m[1mNames[22m[2m | [22m [1mRaw size[22m
[32mmain.js[39m            [2m | [22m[2mmain[22m [2m | [22m[36m279.53 kB[39m[2m | [22m

Application bundle generation complete. [10.431 seconds] - 2026-08-02T16:00:04.543Z

Page reload sent to client(s).
[33m>[39m Changes detected. Rebuilding...
[32m√[39m Changes detected. Rebuilding...
[1mInitial chunk files[22m[2m | [22m[1mNames[22m        [2m | [22m [1mRaw size[22m
[32mmain.js[39m            [2m | [22m[2mmain[22m         [2m | [22m[36m279.53 kB[39m[2m | [22m
[32mstyles.css[39m         [2m | [22m[2mstyles[22m       [2m | [22m[36m903 bytes[39m[2m | [22m

[1m [22m                  [2m | [22m[1mInitial total[22m[2m | [22m[1m280.44 kB[22m

Application bundle generation complete. [0.038 seconds] - 2026-08-02T16:01:25.653Z

[33m>[39m Changes detected. Rebuilding...
[32m√[39m Changes detected. Rebuilding...
[1mInitial chunk files[22m[2m | [22m[1mNames[22m        [2m | [22m [1mRaw size[22m
[32mmain.js[39m            [2m | [22m[2mmain[22m         [2m | [22m[36m279.53 kB[39m[2m | [22m
[32mstyles.css[39m         [2m | [22m[2mstyles[22m       [2m | [22m[36m903 bytes[39m[2m | [22m

[1m [22m                  [2m | [22m[1mInitial total[22m[2m | [22m[1m280.44 kB[22m

Application bundle generation complete. [0.077 seconds] - 2026-08-02T16:01:36.067Z

[33m>[39m Changes detected. Rebuilding...
[32m√[39m Changes detected. Rebuilding...

No output file changes.

Application bundle generation complete. [11.058 seconds] - 2026-08-02T16:02:03.423Z

Component update sent to client(s).
[33m>[39m Changes detected. Rebuilding...
[32m√[39m Changes detected. Rebuilding...
[1mInitial chunk files[22m[2m | [22m[1mNames[22m[2m | [22m [1mRaw size[22m
[32mmain.js[39m            [2m | [22m[2mmain[22m [2m | [22m[36m332.32 kB[39m[2m | [22m

Application bundle generation complete. [7.318 seconds] - 2026-08-02T16:02:15.182Z

[1m[33m[33m▲ [43;33m[[43;30mWARNING[43;33m][0m [1mNG8113: PortfolioFooterComponent is not used within the template of LandingPageComponent[0m [1m[35m[plugin angular-compiler][0m

    src/app/features/landing/landing-page.component.ts:23:4:
[37m      23 │     [32mPortfolioFooterComponent[37m,
         ╵     [32m~~~~~~~~~~~~~~~~~~~~~~~~[0m

[39m[22m
Page reload sent to client(s).
[33m>[39m Changes detected. Rebuilding...
[32m√[39m Changes detected. Rebuilding...
[1mInitial chunk files[22m[2m | [22m[1mNames[22m[2m | [22m [1mRaw size[22m
[32mmain.js[39m            [2m | [22m[2mmain[22m [2m | [22m[36m330.93 kB[39m[2m | [22m

Application bundle generation complete. [3.465 seconds] - 2026-08-02T16:02:23.871Z

Component update sent to client(s).
[33m>[39m Changes detected. Rebuilding...
[32m√[39m Changes detected. Rebuilding...
[1mInitial chunk files[22m[2m | [22m[1mNames[22m[2m | [22m [1mRaw size[22m
[32mmain.js[39m            [2m | [22m[2mmain[22m [2m | [22m[36m348.70 kB[39m[2m | [22m

Application bundle generation complete. [11.788 seconds] - 2026-08-02T16:11:41.814Z

Component update sent to client(s).
[33m>[39m Changes detected. Rebuilding...
[32m√[39m Changes detected. Rebuilding...
[1mInitial chunk files[22m[2m | [22m[1mNames[22m[2m | [22m [1mRaw size[22m
[32mmain.js[39m            [2m | [22m[2mmain[22m [2m | [22m[36m353.83 kB[39m[2m | [22m

Application bundle generation complete. [2.464 seconds] - 2026-08-02T16:11:49.862Z

Component update sent to client(s).
[33m>[39m Changes detected. Rebuilding...
[32m√[39m Changes detected. Rebuilding...
[1mInitial chunk files[22m[2m | [22m[1mNames[22m[2m | [22m [1mRaw size[22m
[32mmain.js[39m            [2m | [22m[2mmain[22m [2m | [22m[36m353.67 kB[39m[2m | [22m

Application bundle generation complete. [5.817 seconds] - 2026-08-02T16:13:28.907Z

Component update sent to client(s).
[33m>[39m Changes detected. Rebuilding...
[32m√[39m Changes detected. Rebuilding...
[1mInitial chunk files[22m[2m | [22m[1mNames[22m[2m | [22m [1mRaw size[22m
[32mmain.js[39m            [2m | [22m[2mmain[22m [2m | [22m[36m352.88 kB[39m[2m | [22m

Application bundle generation complete. [1.822 seconds] - 2026-08-02T16:13:40.725Z

Component update sent to client(s).
[33m>[39m Changes detected. Rebuilding...
[32m√[39m Changes detected. Rebuilding...
[1mInitial chunk files[22m[2m | [22m[1mNames[22m[2m | [22m [1mRaw size[22m
[32mmain.js[39m            [2m | [22m[2mmain[22m [2m | [22m[36m353.96 kB[39m[2m | [22m

Application bundle generation complete. [6.194 seconds] - 2026-08-02T16:16:13.711Z

Page reload sent to client(s).
[33m>[39m Changes detected. Rebuilding...
[32m√[39m Changes detected. Rebuilding...
[1mInitial chunk files[22m[2m | [22m[1mNames[22m[2m | [22m [1mRaw size[22m
[32mmain.js[39m            [2m | [22m[2mmain[22m [2m | [22m[36m359.40 kB[39m[2m | [22m

Application bundle generation complete. [2.695 seconds] - 2026-08-02T16:16:27.113Z

Component update sent to client(s).
[33m>[39m Changes detected. Rebuilding...
[32m√[39m Changes detected. Rebuilding...
[1mInitial chunk files[22m[2m | [22m[1mNames[22m[2m | [22m [1mRaw size[22m
[32mmain.js[39m            [2m | [22m[2mmain[22m [2m | [22m[36m362.04 kB[39m[2m | [22m

Application bundle generation complete. [1.740 seconds] - 2026-08-02T16:16:41.609Z

Component update sent to client(s).
[33m>[39m Changes detected. Rebuilding...
[32m√[39m Changes detected. Rebuilding...
[1mInitial chunk files[22m[2m | [22m[1mNames[22m[2m | [22m [1mRaw size[22m
[32mmain.js[39m            [2m | [22m[2mmain[22m [2m | [22m[36m360.85 kB[39m[2m | [22m

Application bundle generation complete. [4.529 seconds] - 2026-08-02T16:18:47.938Z

Component update sent to client(s).
[33m>[39m Changes detected. Rebuilding...
[32m√[39m Changes detected. Rebuilding...
[1mInitial chunk files[22m[2m | [22m[1mNames[22m[2m | [22m [1mRaw size[22m
[32mmain.js[39m            [2m | [22m[2mmain[22m [2m | [22m[36m363.57 kB[39m[2m | [22m

Application bundle generation complete. [1.444 seconds] - 2026-08-02T16:19:01.945Z

Component update sent to client(s).
[33m>[39m Changes detected. Rebuilding...
[32m√[39m Changes detected. Rebuilding...
[1mInitial chunk files[22m[2m | [22m[1mNames[22m[2m | [22m [1mRaw size[22m
[32mmain.js[39m            [2m | [22m[2mmain[22m [2m | [22m[36m363.56 kB[39m[2m | [22m

Application bundle generation complete. [11.094 seconds] - 2026-08-02T16:21:02.331Z

Page reload sent to client(s).
[33m>[39m Changes detected. Rebuilding...
[32m√[39m Changes detected. Rebuilding...
[1mInitial chunk files[22m[2m | [22m[1mNames[22m[2m | [22m [1mRaw size[22m
[32mmain.js[39m            [2m | [22m[2mmain[22m [2m | [22m[36m363.62 kB[39m[2m | [22m

Application bundle generation complete. [2.527 seconds] - 2026-08-02T16:21:08.237Z

Component update sent to client(s).
[33m>[39m Changes detected. Rebuilding...
[32m√[39m Changes detected. Rebuilding...
[1mInitial chunk files[22m[2m | [22m[1mNames[22m[2m | [22m [1mRaw size[22m
[32mmain.js[39m            [2m | [22m[2mmain[22m [2m | [22m[36m365.38 kB[39m[2m | [22m

Application bundle generation complete. [2.854 seconds] - 2026-08-02T16:21:27.977Z

Component update sent to client(s).
[33m>[39m Changes detected. Rebuilding...
[32m√[39m Changes detected. Rebuilding...
[1mInitial chunk files[22m[2m | [22m[1mNames[22m[2m | [22m [1mRaw size[22m
[32mmain.js[39m            [2m | [22m[2mmain[22m [2m | [22m[36m360.80 kB[39m[2m | [22m

Application bundle generation complete. [5.470 seconds] - 2026-08-02T16:22:36.850Z

Component update sent to client(s).
[33m>[39m Changes detected. Rebuilding...
[32m√[39m Changes detected. Rebuilding...
[1mInitial chunk files[22m[2m | [22m[1mNames[22m[2m | [22m [1mRaw size[22m
[32mmain.js[39m            [2m | [22m[2mmain[22m [2m | [22m[36m359.48 kB[39m[2m | [22m

Application bundle generation complete. [2.822 seconds] - 2026-08-02T16:22:47.000Z

Page reload sent to client(s).
[33m>[39m Changes detected. Rebuilding...
[32m√[39m Changes detected. Rebuilding...
[1mInitial chunk files[22m[2m | [22m[1mNames[22m[2m | [22m [1mRaw size[22m
[32mmain.js[39m            [2m | [22m[2mmain[22m [2m | [22m[36m358.31 kB[39m[2m | [22m

Application bundle generation complete. [1.366 seconds] - 2026-08-02T16:23:17.320Z

Component update sent to client(s).
[33m>[39m Changes detected. Rebuilding...
[32m√[39m Changes detected. Rebuilding...
Application bundle generation failed. [6.664 seconds] - 2026-08-02T16:29:52.742Z

[1m[31m[31mX [41;31m[[41;97mERROR[41;31m][0m [1mTS2307: Cannot find module './features/resume/resume-page.component' or its corresponding type declarations.[0m [1m[35m[plugin angular-compiler][0m

    src/app/app.routes.ts:3:36:
[37m      3 │ ...sumePageComponent } from [32m'./features/resume/resume-page.component'[37m;
        ╵                             [32m~~~~~~~~~~~~~~~~~~~~~~~~~~~~~~~~~~~~~~~~~[0m


[31mX [41;31m[[41;97mERROR[41;31m][0m [1mCould not resolve "./features/resume/resume-page.component"[0m

    src/app/app.routes.ts:2:36:
[37m      2 │ ...sumePageComponent } from [32m'./features/resume/resume-page.component'[37m;
        ╵                             [32m~~~~~~~~~~~~~~~~~~~~~~~~~~~~~~~~~~~~~~~~~[0m

[39m[22m
[33m>[39m Changes detected. Rebuilding...
[32m√[39m Changes detected. Rebuilding...
Application bundle generation failed. [2.145 seconds] - 2026-08-02T16:29:54.934Z

[1m[33m[33m▲ [43;33m[[43;30mWARNING[43;33m][0m [1mNG8113: RouterLink is not used within the template of LandingPageComponent[0m [1m[35m[plugin angular-compiler][0m

    src/app/features/landing/landing-page.component.ts:19:4:
[37m      19 │     [32mRouterLink[37m,
         ╵     [32m~~~~~~~~~~[0m

[39m[22m
[1m[31m[31mX [41;31m[[41;97mERROR[41;31m][0m [1mTS2307: Cannot find module './features/resume/resume-page.component' or its corresponding type declarations.[0m [1m[35m[plugin angular-compiler][0m

    src/app/app.routes.ts:3:36:
[37m      3 │ ...sumePageComponent } from [32m'./features/resume/resume-page.component'[37m;
        ╵                             [32m~~~~~~~~~~~~~~~~~~~~~~~~~~~~~~~~~~~~~~~~~[0m


[31mX [41;31m[[41;97mERROR[41;31m][0m [1mCould not resolve "./features/resume/resume-page.component"[0m

    src/app/app.routes.ts:2:36:
[37m      2 │ ...sumePageComponent } from [32m'./features/resume/resume-page.component'[37m;
        ╵                             [32m~~~~~~~~~~~~~~~~~~~~~~~~~~~~~~~~~~~~~~~~~[0m

[39m[22m
[33m>[39m Changes detected. Rebuilding...
[32m√[39m Changes detected. Rebuilding...
Application bundle generation failed. [2.512 seconds] - 2026-08-02T16:30:04.506Z

[1m[31m[31mX [41;31m[[41;97mERROR[41;31m][0m [1mTS2307: Cannot find module './features/resume/resume-page.component' or its corresponding type declarations.[0m [1m[35m[plugin angular-compiler][0m

    src/app/app.routes.ts:3:36:
[37m      3 │ ...sumePageComponent } from [32m'./features/resume/resume-page.component'[37m;
        ╵                             [32m~~~~~~~~~~~~~~~~~~~~~~~~~~~~~~~~~~~~~~~~~[0m


[31mX [41;31m[[41;97mERROR[41;31m][0m [1mCould not resolve "./features/resume/resume-page.component"[0m

    src/app/app.routes.ts:2:36:
[37m      2 │ ...sumePageComponent } from [32m'./features/resume/resume-page.component'[37m;
        ╵                             [32m~~~~~~~~~~~~~~~~~~~~~~~~~~~~~~~~~~~~~~~~~[0m

[39m[22m
[33m>[39m Changes detected. Rebuilding...
[32m√[39m Changes detected. Rebuilding...
Application bundle generation failed. [2.809 seconds] - 2026-08-02T16:30:07.494Z

[1m[31m[31mX [41;31m[[41;97mERROR[41;31m][0m [1mTS2307: Cannot find module './features/resume/resume-page.component' or its corresponding type declarations.[0m [1m[35m[plugin angular-compiler][0m

    src/app/app.routes.ts:3:36:
[37m      3 │ ...sumePageComponent } from [32m'./features/resume/resume-page.component'[37m;
        ╵                             [32m~~~~~~~~~~~~~~~~~~~~~~~~~~~~~~~~~~~~~~~~~[0m


[31mX [41;31m[[41;97mERROR[41;31m][0m [1mCould not resolve "./features/resume/resume-page.component"[0m

    src/app/app.routes.ts:2:36:
[37m      2 │ ...sumePageComponent } from [32m'./features/resume/resume-page.component'[37m;
        ╵                             [32m~~~~~~~~~~~~~~~~~~~~~~~~~~~~~~~~~~~~~~~~~[0m

[39m[22m
[33m>[39m Changes detected. Rebuilding...
[32m√[39m Changes detected. Rebuilding...
[1mInitial chunk files[22m[2m | [22m[1mNames[22m        [2m | [22m [1mRaw size[22m
[32mmain.js[39m            [2m | [22m[2mmain[22m         [2m | [22m[36m411.04 kB[39m[2m | [22m
[32mstyles.css[39m         [2m | [22m[2mstyles[22m       [2m | [22m[36m903 bytes[39m[2m | [22m

[1m [22m                  [2m | [22m[1mInitial total[22m[2m | [22m[1m411.95 kB[22m

Application bundle generation complete. [5.382 seconds] - 2026-08-02T16:40:19.645Z

Page reload sent to client(s).
[33m>[39m Changes detected. Rebuilding...
[32m√[39m Changes detected. Rebuilding...
[1mInitial chunk files[22m[2m | [22m[1mNames[22m[2m | [22m [1mRaw size[22m
[32mmain.js[39m            [2m | [22m[2mmain[22m [2m | [22m[36m411.12 kB[39m[2m | [22m

Application bundle generation complete. [3.193 seconds] - 2026-08-02T16:40:28.240Z

Component update sent to client(s).
[33m>[39m Changes detected. Rebuilding...
[32m√[39m Changes detected. Rebuilding...
[1mInitial chunk files[22m[2m | [22m[1mNames[22m[2m | [22m [1mRaw size[22m
[32mmain.js[39m            [2m | [22m[2mmain[22m [2m | [22m[36m410.98 kB[39m[2m | [22m

Application bundle generation complete. [2.309 seconds] - 2026-08-02T16:40:40.518Z

Component update sent to client(s).
[33m>[39m Changes detected. Rebuilding...
[32m√[39m Changes detected. Rebuilding...
[1mInitial chunk files[22m[2m | [22m[1mNames[22m[2m | [22m [1mRaw size[22m
[32mmain.js[39m            [2m | [22m[2mmain[22m [2m | [22m[36m411.06 kB[39m[2m | [22m

Application bundle generation complete. [1.942 seconds] - 2026-08-02T16:40:43.483Z

Component update sent to client(s).
[33m>[39m Changes detected. Rebuilding...
[32m√[39m Changes detected. Rebuilding...
[1mInitial chunk files[22m[2m | [22m[1mNames[22m[2m | [22m [1mRaw size[22m
[32mmain.js[39m            [2m | [22m[2mmain[22m [2m | [22m[36m410.75 kB[39m[2m | [22m

Application bundle generation complete. [0.578 seconds] - 2026-08-02T16:41:14.249Z

Component update sent to client(s).
[33m>[39m Changes detected. Rebuilding...
[32m√[39m Changes detected. Rebuilding...
[1mInitial chunk files[22m[2m | [22m[1mNames[22m[2m | [22m [1mRaw size[22m
[32mmain.js[39m            [2m | [22m[2mmain[22m [2m | [22m[36m410.68 kB[39m[2m | [22m

Application bundle generation complete. [0.695 seconds] - 2026-08-02T16:41:33.916Z

Component update sent to client(s).
[33m>[39m Changes detected. Rebuilding...
[32m√[39m Changes detected. Rebuilding...
[1mInitial chunk files[22m[2m | [22m[1mNames[22m[2m | [22m [1mRaw size[22m
[32mmain.js[39m            [2m | [22m[2mmain[22m [2m | [22m[36m410.54 kB[39m[2m | [22m

Application bundle generation complete. [2.238 seconds] - 2026-08-02T16:43:22.388Z

Page reload sent to client(s).
[33m>[39m Changes detected. Rebuilding...
[32m√[39m Changes detected. Rebuilding...
[1mInitial chunk files[22m[2m | [22m[1mNames[22m[2m | [22m [1mRaw size[22m
[32mmain.js[39m            [2m | [22m[2mmain[22m [2m | [22m[36m410.55 kB[39m[2m | [22m

Application bundle generation complete. [0.845 seconds] - 2026-08-02T16:43:23.283Z

Component update sent to client(s).
[33m>[39m Changes detected. Rebuilding...
[32m√[39m Changes detected. Rebuilding...
[1mInitial chunk files[22m[2m | [22m[1mNames[22m[2m | [22m [1mRaw size[22m
[32mmain.js[39m            [2m | [22m[2mmain[22m [2m | [22m[36m410.56 kB[39m[2m | [22m

Application bundle generation complete. [2.075 seconds] - 2026-08-02T16:43:40.453Z

Component update sent to client(s).
[33m>[39m Changes detected. Rebuilding...
[32m√[39m Changes detected. Rebuilding...
[1mInitial chunk files[22m[2m | [22m[1mNames[22m[2m | [22m [1mRaw size[22m
[32mmain.js[39m            [2m | [22m[2mmain[22m [2m | [22m[36m410.56 kB[39m[2m | [22m

Application bundle generation complete. [0.724 seconds] - 2026-08-02T16:43:57.144Z

Page reload sent to client(s).
[33m>[39m Changes detected. Rebuilding...
[32m√[39m Changes detected. Rebuilding...
[1mInitial chunk files[22m[2m | [22m[1mNames[22m[2m | [22m [1mRaw size[22m
[32mmain.js[39m            [2m | [22m[2mmain[22m [2m | [22m[36m410.54 kB[39m[2m | [22m

Application bundle generation complete. [10.128 seconds] - 2026-08-02T16:46:59.684Z

Component update sent to client(s).
[33m>[39m Changes detected. Rebuilding...
[32m√[39m Changes detected. Rebuilding...
[1mInitial chunk files[22m[2m | [22m[1mNames[22m[2m | [22m [1mRaw size[22m
[32mmain.js[39m            [2m | [22m[2mmain[22m [2m | [22m[36m410.91 kB[39m[2m | [22m

Application bundle generation complete. [3.542 seconds] - 2026-08-02T16:47:18.389Z

Component update sent to client(s).
[33m>[39m Changes detected. Rebuilding...
[32m√[39m Changes detected. Rebuilding...
[1mInitial chunk files[22m[2m | [22m[1mNames[22m[2m | [22m [1mRaw size[22m
[32mmain.js[39m            [2m | [22m[2mmain[22m [2m | [22m[36m411.24 kB[39m[2m | [22m

Application bundle generation complete. [2.641 seconds] - 2026-08-02T16:47:29.037Z

Component update sent to client(s).
[33m>[39m Changes detected. Rebuilding...
[32m√[39m Changes detected. Rebuilding...
[1mInitial chunk files[22m[2m | [22m[1mNames[22m[2m | [22m [1mRaw size[22m
[32mmain.js[39m            [2m | [22m[2mmain[22m [2m | [22m[36m411.67 kB[39m[2m | [22m

Application bundle generation complete. [1.801 seconds] - 2026-08-02T16:47:38.599Z

Component update sent to client(s).
[33m>[39m Changes detected. Rebuilding...
[32m√[39m Changes detected. Rebuilding...
[1mInitial chunk files[22m[2m | [22m[1mNames[22m[2m | [22m [1mRaw size[22m
[32mmain.js[39m            [2m | [22m[2mmain[22m [2m | [22m[36m412.98 kB[39m[2m | [22m

Application bundle generation complete. [0.876 seconds] - 2026-08-02T16:47:53.946Z

Component update sent to client(s).
[33m>[39m Changes detected. Rebuilding...
[32m√[39m Changes detected. Rebuilding...
[1mInitial chunk files[22m[2m | [22m[1mNames[22m[2m | [22m [1mRaw size[22m
[32mmain.js[39m            [2m | [22m[2mmain[22m [2m | [22m[36m418.46 kB[39m[2m | [22m

Application bundle generation complete. [5.261 seconds] - 2026-08-02T16:54:30.942Z

Component update sent to client(s).
[33m>[39m Changes detected. Rebuilding...
[32m√[39m Changes detected. Rebuilding...
[1mInitial chunk files[22m[2m | [22m[1mNames[22m[2m | [22m [1mRaw size[22m
[32mmain.js[39m            [2m | [22m[2mmain[22m [2m | [22m[36m425.82 kB[39m[2m | [22m

Application bundle generation complete. [2.274 seconds] - 2026-08-02T16:54:51.266Z

[1m[33m[33m▲ [43;33m[[43;30mWARNING[43;33m][0m [1mUnexpected "}"[0m [1m[35m[plugin angular-compiler][0m [css-syntax-error]

    src/app/features/landing/landing-page.component.css:714:2:
[37m      714 │   [32m}[37m
          ╵   [32m^[0m

[39m[22m
Component update sent to client(s).
[33m>[39m Changes detected. Rebuilding...
[32m√[39m Changes detected. Rebuilding...
[1mInitial chunk files[22m[2m | [22m[1mNames[22m[2m | [22m [1mRaw size[22m
[32mmain.js[39m            [2m | [22m[2mmain[22m [2m | [22m[36m425.42 kB[39m[2m | [22m

Application bundle generation complete. [1.917 seconds] - 2026-08-02T16:55:32.386Z

Component update sent to client(s).
[33m>[39m Changes detected. Rebuilding...
[32m√[39m Changes detected. Rebuilding...
[1mInitial chunk files[22m[2m | [22m[1mNames[22m[2m | [22m [1mRaw size[22m
[32mmain.js[39m            [2m | [22m[2mmain[22m [2m | [22m[36m425.25 kB[39m[2m | [22m

Application bundle generation complete. [1.220 seconds] - 2026-08-02T16:56:16.196Z

Component update sent to client(s).
[33m>[39m Changes detected. Rebuilding...
[32m√[39m Changes detected. Rebuilding...
[1mInitial chunk files[22m[2m | [22m[1mNames[22m[2m | [22m [1mRaw size[22m
[32mmain.js[39m            [2m | [22m[2mmain[22m [2m | [22m[36m430.31 kB[39m[2m | [22m

Application bundle generation complete. [1.755 seconds] - 2026-08-02T16:56:54.414Z

[1m[33m[33m▲ [43;33m[[43;30mWARNING[43;33m][0m [1mExpected "}" to go with "{"[0m [1m[35m[plugin angular-compiler][0m [css-syntax-error]

    src/app/features/landing/landing-page.component.css:1554:0:
[37m      1554 │ [32m[37m
           │ [32m^[37m
           ╵ [32m}[0m

  The unbalanced "{" is here:

    src/app/features/landing/landing-page.component.css:684:7:
[37m      684 │ .month [32m{[37m
          ╵        [32m^[0m

[39m[22m
Component update sent to client(s).
[33m>[39m Changes detected. Rebuilding...
[32m√[39m Changes detected. Rebuilding...
[1mInitial chunk files[22m[2m | [22m[1mNames[22m[2m | [22m [1mRaw size[22m
[32mmain.js[39m            [2m | [22m[2mmain[22m [2m | [22m[36m432.70 kB[39m[2m | [22m

Application bundle generation complete. [1.578 seconds] - 2026-08-02T16:57:23.982Z

[1m[33m[33m▲ [43;33m[[43;30mWARNING[43;33m][0m [1mExpected "}" to go with "{"[0m [1m[35m[plugin angular-compiler][0m [css-syntax-error]

    src/app/features/landing/landing-page.component.css:1549:0:
[37m      1549 │ [32m[37m
           │ [32m^[37m
           ╵ [32m}[0m

  The unbalanced "{" is here:

    src/app/features/landing/landing-page.component.css:679:15:
[37m      679 │ .selected-time [32m{[37m
          ╵                [32m^[0m

[39m[22m
Component update sent to client(s).
[33m>[39m Changes detected. Rebuilding...
[32m√[39m Changes detected. Rebuilding...
[1mInitial chunk files[22m[2m | [22m[1mNames[22m[2m | [22m [1mRaw size[22m
[32mmain.js[39m            [2m | [22m[2mmain[22m [2m | [22m[36m432.32 kB[39m[2m | [22m

Application bundle generation complete. [1.191 seconds] - 2026-08-02T16:57:45.157Z

[1m[33m[33m▲ [43;33m[[43;30mWARNING[43;33m][0m [1mExpected "}" to go with "{"[0m [1m[35m[plugin angular-compiler][0m [css-syntax-error]

    src/app/features/landing/landing-page.component.css:1539:0:
[37m      1539 │ [32m[37m
           │ [32m^[37m
           ╵ [32m}[0m

  The unbalanced "{" is here:

    src/app/features/landing/landing-page.component.css:679:15:
[37m      679 │ .selected-time [32m{[37m
          ╵                [32m^[0m

[39m[22m
Component update sent to client(s).
[33m>[39m Changes detected. Rebuilding...
[32m√[39m Changes detected. Rebuilding...
[1mInitial chunk files[22m[2m | [22m[1mNames[22m[2m | [22m [1mRaw size[22m
[32mmain.js[39m            [2m | [22m[2mmain[22m [2m | [22m[36m417.49 kB[39m[2m | [22m

Application bundle generation complete. [1.279 seconds] - 2026-08-02T16:57:59.073Z

Component update sent to client(s).
[33m>[39m Changes detected. Rebuilding...
[32m√[39m Changes detected. Rebuilding...
[1mInitial chunk files[22m[2m | [22m[1mNames[22m[2m | [22m [1mRaw size[22m
[32mmain.js[39m            [2m | [22m[2mmain[22m [2m | [22m[36m417.19 kB[39m[2m | [22m

Application bundle generation complete. [0.743 seconds] - 2026-08-02T16:58:16.229Z

Component update sent to client(s).
[33m>[39m Changes detected. Rebuilding...
[32m√[39m Changes detected. Rebuilding...
[1mInitial chunk files[22m[2m | [22m[1mNames[22m[2m | [22m [1mRaw size[22m
[32mmain.js[39m            [2m | [22m[2mmain[22m [2m | [22m[36m416.60 kB[39m[2m | [22m

Application bundle generation complete. [0.808 seconds] - 2026-08-02T16:58:33.134Z

Component update sent to client(s).
[33m>[39m Changes detected. Rebuilding...
[32m√[39m Changes detected. Rebuilding...
[1mInitial chunk files[22m[2m | [22m[1mNames[22m[2m | [22m [1mRaw size[22m
[32mmain.js[39m            [2m | [22m[2mmain[22m [2m | [22m[36m416.15 kB[39m[2m | [22m

Application bundle generation complete. [0.738 seconds] - 2026-08-02T16:58:51.260Z

Component update sent to client(s).
[33m>[39m Changes detected. Rebuilding...
[32m√[39m Changes detected. Rebuilding...
[1mInitial chunk files[22m[2m | [22m[1mNames[22m[2m | [22m [1mRaw size[22m
[32mmain.js[39m            [2m | [22m[2mmain[22m [2m | [22m[36m415.87 kB[39m[2m | [22m

Application bundle generation complete. [0.654 seconds] - 2026-08-02T16:59:10.093Z

Component update sent to client(s).
[33m>[39m Changes detected. Rebuilding...
[32m√[39m Changes detected. Rebuilding...
[1mInitial chunk files[22m[2m | [22m[1mNames[22m[2m | [22m [1mRaw size[22m
[32mmain.js[39m            [2m | [22m[2mmain[22m [2m | [22m[36m415.29 kB[39m[2m | [22m

Application bundle generation complete. [0.643 seconds] - 2026-08-02T16:59:31.971Z

Component update sent to client(s).
[33m>[39m Changes detected. Rebuilding...
[32m√[39m Changes detected. Rebuilding...
[1mInitial chunk files[22m[2m | [22m[1mNames[22m[2m | [22m [1mRaw size[22m
[32mmain.js[39m            [2m | [22m[2mmain[22m [2m | [22m[36m419.40 kB[39m[2m | [22m

Application bundle generation complete. [1.559 seconds] - 2026-08-02T16:59:43.425Z

Component update sent to client(s).
[33m>[39m Changes detected. Rebuilding...
[32m√[39m Changes detected. Rebuilding...
[1mInitial chunk files[22m[2m | [22m[1mNames[22m[2m | [22m [1mRaw size[22m
[32mmain.js[39m            [2m | [22m[2mmain[22m [2m | [22m[36m418.30 kB[39m[2m | [22m

Application bundle generation complete. [0.662 seconds] - 2026-08-02T17:00:06.293Z

[1m[33m[33m▲ [43;33m[[43;30mWARNING[43;33m][0m [1mUnexpected "}"[0m [1m[35m[plugin angular-compiler][0m [css-syntax-error]

    src/app/features/landing/landing-page.component.css:1311:0:
[37m      1311 │ [32m}[37m
           ╵ [32m^[0m

[39m[22m
Component update sent to client(s).
[33m>[39m Changes detected. Rebuilding...
[32m√[39m Changes detected. Rebuilding...
[1mInitial chunk files[22m[2m | [22m[1mNames[22m[2m | [22m [1mRaw size[22m
[32mmain.js[39m            [2m | [22m[2mmain[22m [2m | [22m[36m417.71 kB[39m[2m | [22m

Application bundle generation complete. [0.804 seconds] - 2026-08-02T17:00:23.515Z

[1m[33m[33m▲ [43;33m[[43;30mWARNING[43;33m][0m [1mUnexpected "}"[0m [1m[35m[plugin angular-compiler][0m [css-syntax-error]

    src/app/features/landing/landing-page.component.css:1296:0:
[37m      1296 │ [32m}[37m
           ╵ [32m^[0m

[39m[22m
Component update sent to client(s).
[33m>[39m Changes detected. Rebuilding...
[32m√[39m Changes detected. Rebuilding...
[1mInitial chunk files[22m[2m | [22m[1mNames[22m[2m | [22m [1mRaw size[22m
[32mmain.js[39m            [2m | [22m[2mmain[22m [2m | [22m[36m417.44 kB[39m[2m | [22m

Application bundle generation complete. [0.706 seconds] - 2026-08-02T17:00:37.881Z

Component update sent to client(s).
[33m>[39m Changes detected. Rebuilding...
[32m√[39m Changes detected. Rebuilding...
[1mInitial chunk files[22m[2m | [22m[1mNames[22m[2m | [22m [1mRaw size[22m
[32mmain.js[39m            [2m | [22m[2mmain[22m [2m | [22m[36m416.72 kB[39m[2m | [22m

Application bundle generation complete. [1.244 seconds] - 2026-08-02T17:00:51.919Z

[1m[33m[33m▲ [43;33m[[43;30mWARNING[43;33m][0m [1mUnexpected "}"[0m [1m[35m[plugin angular-compiler][0m [css-syntax-error]

    src/app/features/landing/landing-page.component.css:1264:0:
[37m      1264 │ [32m}[37m
           ╵ [32m^[0m

[39m[22m
Component update sent to client(s).
[33m>[39m Changes detected. Rebuilding...
[32m√[39m Changes detected. Rebuilding...
[1mInitial chunk files[22m[2m | [22m[1mNames[22m[2m | [22m [1mRaw size[22m
[32mmain.js[39m            [2m | [22m[2mmain[22m [2m | [22m[36m416.72 kB[39m[2m | [22m

Application bundle generation complete. [3.316 seconds] - 2026-08-02T17:04:12.848Z

[1m[33m[33m▲ [43;33m[[43;30mWARNING[43;33m][0m [1mUnexpected "}"[0m [1m[35m[plugin angular-compiler][0m [css-syntax-error]

    src/app/features/landing/landing-page.component.css:1264:0:
[37m      1264 │ [32m}[37m
           ╵ [32m^[0m

[39m[22m
Component update sent to client(s).
[33m>[39m Changes detected. Rebuilding...
[32m√[39m Changes detected. Rebuilding...
[1mInitial chunk files[22m[2m | [22m[1mNames[22m[2m | [22m [1mRaw size[22m
[32mmain.js[39m            [2m | [22m[2mmain[22m [2m | [22m[36m416.71 kB[39m[2m | [22m

Application bundle generation complete. [1.038 seconds] - 2026-08-02T17:04:16.855Z

Component update sent to client(s).
[33m>[39m Changes detected. Rebuilding...
[32m√[39m Changes detected. Rebuilding...
[1mInitial chunk files[22m[2m | [22m[1mNames[22m[2m | [22m [1mRaw size[22m
[32mmain.js[39m            [2m | [22m[2mmain[22m [2m | [22m[36m416.71 kB[39m[2m | [22m

Application bundle generation complete. [1.022 seconds] - 2026-08-02T17:05:35.559Z

Component update sent to client(s).
[33m>[39m Changes detected. Rebuilding...
[32m√[39m Changes detected. Rebuilding...
[1mInitial chunk files[22m[2m | [22m[1mNames[22m[2m | [22m [1mRaw size[22m
[32mmain.js[39m            [2m | [22m[2mmain[22m [2m | [22m[36m417.85 kB[39m[2m | [22m

Application bundle generation complete. [0.998 seconds] - 2026-08-02T17:05:56.331Z

Component update sent to client(s).
[33m>[39m Changes detected. Rebuilding...
[32m√[39m Changes detected. Rebuilding...
[1mInitial chunk files[22m[2m | [22m[1mNames[22m[2m | [22m [1mRaw size[22m
[32mmain.js[39m            [2m | [22m[2mmain[22m [2m | [22m[36m417.91 kB[39m[2m | [22m

Application bundle generation complete. [7.613 seconds] - 2026-08-02T17:08:11.242Z

Component update sent to client(s).
[33m>[39m Changes detected. Rebuilding...
[32m√[39m Changes detected. Rebuilding...
[1mInitial chunk files[22m[2m | [22m[1mNames[22m[2m | [22m [1mRaw size[22m
[32mmain.js[39m            [2m | [22m[2mmain[22m [2m | [22m[36m494.14 kB[39m[2m | [22m

Application bundle generation complete. [10.425 seconds] - 2026-08-02T17:12:56.128Z

[1m[33m[33m▲ [43;33m[[43;30mWARNING[43;33m][0m [1mNG8113: ContactSectionComponent is not used within the template of LandingPageComponent[0m [1m[35m[plugin angular-compiler][0m

    src/app/features/landing/landing-page.component.ts:26:4:
[37m      26 │     [32mContactSectionComponent[37m,
         ╵     [32m~~~~~~~~~~~~~~~~~~~~~~~[0m

[39m[22m
Page reload sent to client(s).
[33m>[39m Changes detected. Rebuilding...
[32m√[39m Changes detected. Rebuilding...
[1mInitial chunk files[22m[2m | [22m[1mNames[22m[2m | [22m [1mRaw size[22m
[32mmain.js[39m            [2m | [22m[2mmain[22m [2m | [22m[36m493.98 kB[39m[2m | [22m

Application bundle generation complete. [3.436 seconds] - 2026-08-02T17:13:06.571Z

[1m[33m[33m▲ [43;33m[[43;30mWARNING[43;33m][0m [1mNG8113: ContactSectionComponent is not used within the template of LandingPageComponent[0m [1m[35m[plugin angular-compiler][0m

    src/app/features/landing/landing-page.component.ts:26:4:
[37m      26 │     [32mContactSectionComponent[37m,
         ╵     [32m~~~~~~~~~~~~~~~~~~~~~~~[0m

[39m[22m
Component update sent to client(s).
[33m>[39m Changes detected. Rebuilding...
[32m√[39m Changes detected. Rebuilding...
[1mInitial chunk files[22m[2m | [22m[1mNames[22m[2m | [22m [1mRaw size[22m
[32mmain.js[39m            [2m | [22m[2mmain[22m [2m | [22m[36m494.03 kB[39m[2m | [22m

Application bundle generation complete. [3.290 seconds] - 2026-08-02T17:13:19.331Z

Component update sent to client(s).
[33m>[39m Changes detected. Rebuilding...
[32m√[39m Changes detected. Rebuilding...
[1mInitial chunk files[22m[2m | [22m[1mNames[22m[2m | [22m [1mRaw size[22m
[32mmain.js[39m            [2m | [22m[2mmain[22m [2m | [22m[36m494.04 kB[39m[2m | [22m

Application bundle generation complete. [2.189 seconds] - 2026-08-02T17:13:29.350Z

Component update sent to client(s).
[33m>[39m Changes detected. Rebuilding...
[32m√[39m Changes detected. Rebuilding...
[1mInitial chunk files[22m[2m | [22m[1mNames[22m[2m | [22m [1mRaw size[22m
[32mmain.js[39m            [2m | [22m[2mmain[22m [2m | [22m[36m489.25 kB[39m[2m | [22m

Application bundle generation complete. [2.153 seconds] - 2026-08-02T17:13:44.595Z

Component update sent to client(s).
[33m>[39m Changes detected. Rebuilding...
[32m√[39m Changes detected. Rebuilding...
[1mInitial chunk files[22m[2m | [22m[1mNames[22m[2m | [22m [1mRaw size[22m
[32mmain.js[39m            [2m | [22m[2mmain[22m [2m | [22m[36m491.26 kB[39m[2m | [22m

Application bundle generation complete. [9.244 seconds] - 2026-08-02T17:15:58.586Z

Page reload sent to client(s).
[33m>[39m Changes detected. Rebuilding...
[32m√[39m Changes detected. Rebuilding...
[1mInitial chunk files[22m[2m | [22m[1mNames[22m[2m | [22m [1mRaw size[22m
[32mmain.js[39m            [2m | [22m[2mmain[22m [2m | [22m[36m490.34 kB[39m[2m | [22m

Application bundle generation complete. [4.174 seconds] - 2026-08-02T17:16:03.320Z

Component update sent to client(s).
[33m>[39m Changes detected. Rebuilding...
[32m√[39m Changes detected. Rebuilding...
[1mInitial chunk files[22m[2m | [22m[1mNames[22m[2m | [22m [1mRaw size[22m
[32mmain.js[39m            [2m | [22m[2mmain[22m [2m | [22m[36m492.07 kB[39m[2m | [22m

Application bundle generation complete. [11.447 seconds] - 2026-08-02T17:16:25.646Z

Component update sent to client(s).
[33m>[39m Changes detected. Rebuilding...
[32m√[39m Changes detected. Rebuilding...
Application bundle generation failed. [3.367 seconds] - 2026-08-02T17:16:50.193Z

[1m[33m[33m▲ [43;33m[[43;30mWARNING[43;33m][0m [1mNG8113: RouterLink is not used within the template of LandingPageComponent[0m [1m[35m[plugin angular-compiler][0m

    src/app/features/landing/landing-page.component.ts:20:4:
[37m      20 │     [32mRouterLink[37m,
         ╵     [32m~~~~~~~~~~[0m


[33m▲ [43;33m[[43;30mWARNING[43;33m][0m [1mNG8113: RevealDirective is not used within the template of LandingPageComponent[0m [1m[35m[plugin angular-compiler][0m

    src/app/features/landing/landing-page.component.ts:21:4:
[37m      21 │     [32mRevealDirective[37m,
         ╵     [32m~~~~~~~~~~~~~~~[0m


[33m▲ [43;33m[[43;30mWARNING[43;33m][0m [1mNG8113: AboutSectionComponent is not used within the template of LandingPageComponent[0m [1m[35m[plugin angular-compiler][0m

    src/app/features/landing/landing-page.component.ts:22:4:
[37m      22 │     [32mAboutSectionComponent[37m,
         ╵     [32m~~~~~~~~~~~~~~~~~~~~~[0m


[33m▲ [43;33m[[43;30mWARNING[43;33m][0m [1mNG8113: PortfolioHeroComponent is not used within the template of LandingPageComponent[0m [1m[35m[plugin angular-compiler][0m

    src/app/features/landing/landing-page.component.ts:23:4:
[37m      23 │     [32mPortfolioHeroComponent[37m,
         ╵     [32m~~~~~~~~~~~~~~~~~~~~~~[0m


[33m▲ [43;33m[[43;30mWARNING[43;33m][0m [1mNG8113: ProjectsSectionComponent is not used within the template of LandingPageComponent[0m [1m[35m[plugin angular-compiler][0m

    src/app/features/landing/landing-page.component.ts:24:4:
[37m      24 │     [32mProjectsSectionComponent[37m,
         ╵     [32m~~~~~~~~~~~~~~~~~~~~~~~~[0m


[33m▲ [43;33m[[43;30mWARNING[43;33m][0m [1mNG8113: SkillsSectionComponent is not used within the template of LandingPageComponent[0m [1m[35m[plugin angular-compiler][0m

    src/app/features/landing/landing-page.component.ts:25:4:
[37m      25 │     [32mSkillsSectionComponent[37m,
         ╵     [32m~~~~~~~~~~~~~~~~~~~~~~[0m


[33m▲ [43;33m[[43;30mWARNING[43;33m][0m [1mNG8113: ContactSectionComponent is not used within the template of LandingPageComponent[0m [1m[35m[plugin angular-compiler][0m

    src/app/features/landing/landing-page.component.ts:26:4:
[37m      26 │     [32mContactSectionComponent[37m,
         ╵     [32m~~~~~~~~~~~~~~~~~~~~~~~[0m


[33m▲ [43;33m[[43;30mWARNING[43;33m][0m [1mNG8113: PortfolioFooterComponent is not used within the template of LandingPageComponent[0m [1m[35m[plugin angular-compiler][0m

    src/app/features/landing/landing-page.component.ts:27:4:
[37m      27 │     [32mPortfolioFooterComponent[37m,
         ╵     [32m~~~~~~~~~~~~~~~~~~~~~~~~[0m

[39m[22m
[1m[31m[31mX [41;31m[[41;97mERROR[41;31m][0m [1mNG5002: Unexpected character "<"[0m [1m[35m[plugin angular-compiler][0m

    src/app/features/landing/landing-page.component.html:492:15:
[37m      492 │       </arti   [32m<[37m/p>
          ╵                [32m^[0m

  Error occurs in the template of component LandingPageComponent.

    src/app/features/landing/landing-page.component.ts:29:15:
[37m      29 │   templateUrl: [32m'./landing-page.component.html'[37m,
         ╵                [32m~~~~~~~~~~~~~~~~~~~~~~~~~~~~~~~[0m


[31mX [41;31m[[41;97mERROR[41;31m][0m [1mNG5002: Unexpected closing tag "p". It may happen when the tag has already been closed by another tag. For more info see https://www.w3.org/TR/html5/syntax.html#closing-elements-that-have-implied-end-tags[0m [1m[35m[plugin angular-compiler][0m

    src/app/features/landing/landing-page.component.html:492:15:
[37m      492 │       </arti   [32m</p>[37m
          ╵                [32m~~~~[0m

  Error occurs in the template of component LandingPageComponent.

    src/app/features/landing/landing-page.component.ts:29:15:
[37m      29 │   templateUrl: [32m'./landing-page.component.html'[37m,
         ╵                [32m~~~~~~~~~~~~~~~~~~~~~~~~~~~~~~~[0m


[31mX [41;31m[[41;97mERROR[41;31m][0m [1mNG5002: Unexpected closing block. The block may have been closed earlier. If you meant to write the `}` character, you should use the "&#125;" HTML entity instead.[0m [1m[35m[plugin angular-compiler][0m

    src/app/features/landing/landing-page.component.html:493:6:
[37m      493 │       [32m}[37m
          ╵       [32m^[0m

  Error occurs in the template of component LandingPageComponent.

    src/app/features/landing/landing-page.component.ts:29:15:
[37m      29 │   templateUrl: [32m'./landing-page.component.html'[37m,
         ╵                [32m~~~~~~~~~~~~~~~~~~~~~~~~~~~~~~~[0m


[31mX [41;31m[[41;97mERROR[41;31m][0m [1mNG5002: Unexpected closing tag "form". It may happen when the tag has already been closed by another tag. For more info see https://www.w3.org/TR/html5/syntax.html#closing-elements-that-have-implied-end-tags[0m [1m[35m[plugin angular-compiler][0m

    src/app/features/landing/landing-page.component.html:494:4:
[37m      494 │     [32m</form>[37m
          ╵     [32m~~~~~~~[0m

  Error occurs in the template of component LandingPageComponent.

    src/app/features/landing/landing-page.component.ts:29:15:
[37m      29 │   templateUrl: [32m'./landing-page.component.html'[37m,
         ╵                [32m~~~~~~~~~~~~~~~~~~~~~~~~~~~~~~~[0m


[31mX [41;31m[[41;97mERROR[41;31m][0m [1mNG5002: Unexpected closing tag "section". It may happen when the tag has already been closed by another tag. For more info see https://www.w3.org/TR/html5/syntax.html#closing-elements-that-have-implied-end-tags[0m [1m[35m[plugin angular-compiler][0m

    src/app/features/landing/landing-page.component.html:495:2:
[37m      495 │   [32m</section>[37m
          ╵   [32m~~~~~~~~~~[0m

  Error occurs in the template of component LandingPageComponent.

    src/app/features/landing/landing-page.component.ts:29:15:
[37m      29 │   templateUrl: [32m'./landing-page.component.html'[37m,
         ╵                [32m~~~~~~~~~~~~~~~~~~~~~~~~~~~~~~~[0m

[39m[22m
[33m>[39m Changes detected. Rebuilding...
[32m√[39m Changes detected. Rebuilding...
[1mInitial chunk files[22m[2m | [22m[1mNames[22m        [2m | [22m [1mRaw size[22m
[32mmain.js[39m            [2m | [22m[2mmain[22m         [2m | [22m[36m482.25 kB[39m[2m | [22m
[32mstyles.css[39m         [2m | [22m[2mstyles[22m       [2m | [22m[36m903 bytes[39m[2m | [22m

[1m [22m                  [2m | [22m[1mInitial total[22m[2m | [22m[1m483.15 kB[22m

Application bundle generation complete. [3.734 seconds] - 2026-08-02T17:17:04.545Z

Page reload sent to client(s).
[33m>[39m Changes detected. Rebuilding...
[32m√[39m Changes detected. Rebuilding...
[1mInitial chunk files[22m[2m | [22m[1mNames[22m[2m | [22m [1mRaw size[22m
[32mmain.js[39m            [2m | [22m[2mmain[22m [2m | [22m[36m482.18 kB[39m[2m | [22m

Application bundle generation complete. [8.962 seconds] - 2026-08-02T17:19:54.287Z

Component update sent to client(s).
[33m>[39m Changes detected. Rebuilding...
[32m√[39m Changes detected. Rebuilding...
[1mInitial chunk files[22m[2m | [22m[1mNames[22m[2m | [22m [1mRaw size[22m
[32mmain.js[39m            [2m | [22m[2mmain[22m [2m | [22m[36m482.47 kB[39m[2m | [22m

Application bundle generation complete. [3.087 seconds] - 2026-08-02T17:20:01.790Z

Component update sent to client(s).
[33m>[39m Changes detected. Rebuilding...
[32m√[39m Changes detected. Rebuilding...
[1mInitial chunk files[22m[2m | [22m[1mNames[22m[2m | [22m [1mRaw size[22m
[32mmain.js[39m            [2m | [22m[2mmain[22m [2m | [22m[36m482.47 kB[39m[2m | [22m

Application bundle generation complete. [11.725 seconds] - 2026-08-02T17:20:33.462Z

Page reload sent to client(s).
[33m>[39m Changes detected. Rebuilding...
[32m√[39m Changes detected. Rebuilding...
[1mInitial chunk files[22m[2m | [22m[1mNames[22m        [2m | [22m [1mRaw size[22m
[32mmain.js[39m            [2m | [22m[2mmain[22m         [2m | [22m[36m482.47 kB[39m[2m | [22m
[32mstyles.css[39m         [2m | [22m[2mstyles[22m       [2m | [22m[36m903 bytes[39m[2m | [22m

[1m [22m                  [2m | [22m[1mInitial total[22m[2m | [22m[1m483.37 kB[22m

Application bundle generation complete. [11.845 seconds] - 2026-08-02T17:22:35.398Z

[33m>[39m Changes detected. Rebuilding...
[32m√[39m Changes detected. Rebuilding...
Application bundle generation failed. [4.111 seconds] - 2026-08-02T17:22:39.551Z

[1m[31m[31mX [41;31m[[41;97mERROR[41;31m][0m [1mTS2339: Property 'studio' does not exist on type 'ɵNonNullableFormControls<{ name: (string | ((control: AbstractControl<any, any, any>) => ValidationErrors | null)[])[]; email: (string | ((control: AbstractControl<any, any, any>) => ValidationErrors | null)[])[]; subject: (string | ((control: AbstractControl<...>) => ValidationErrors | null)[])[]; description: (str...'.[0m [1m[35m[plugin angular-compiler][0m

    src/app/features/home/contact-section/contact-section.component.html:124:31:
[37m      124 │             @if (form.controls.[32mstudio[37m.touched && form.controls.st...
          ╵                                [32m~~~~~~[0m

  Error occurs in the template of component ContactSectionComponent.

    src/app/features/home/contact-section/contact-section.component.ts:21:15:
[37m      21 │   templateUrl: [32m'./contact-section.component.html'[37m,
         ╵                [32m~~~~~~~~~~~~~~~~~~~~~~~~~~~~~~~~~~[0m


[31mX [41;31m[[41;97mERROR[41;31m][0m [1mTS2339: Property 'studio' does not exist on type 'ɵNonNullableFormControls<{ name: (string | ((control: AbstractControl<any, any, any>) => ValidationErrors | null)[])[]; email: (string | ((control: AbstractControl<any, any, any>) => ValidationErrors | null)[])[]; subject: (string | ((control: AbstractControl<...>) => ValidationErrors | null)[])[]; description: (str...'.[0m [1m[35m[plugin angular-compiler][0m

    src/app/features/home/contact-section/contact-section.component.html:124:63:
[37m      124 │ ... (form.controls.studio.touched && form.controls.[32mstudio[37m.invalid) {
          ╵                                                    [32m~~~~~~[0m

  Error occurs in the template of component ContactSectionComponent.

    src/app/features/home/contact-section/contact-section.component.ts:21:15:
[37m      21 │   templateUrl: [32m'./contact-section.component.html'[37m,
         ╵                [32m~~~~~~~~~~~~~~~~~~~~~~~~~~~~~~~~~~[0m

[39m[22m
[33m>[39m Changes detected. Rebuilding...
[32m√[39m Changes detected. Rebuilding...
[1mInitial chunk files[22m[2m | [22m[1mNames[22m        [2m | [22m [1mRaw size[22m
[32mmain.js[39m            [2m | [22m[2mmain[22m         [2m | [22m[36m498.61 kB[39m[2m | [22m
[32mstyles.css[39m         [2m | [22m[2mstyles[22m       [2m | [22m[36m903 bytes[39m[2m | [22m

[1m [22m                  [2m | [22m[1mInitial total[22m[2m | [22m[1m499.51 kB[22m

Application bundle generation complete. [2.766 seconds] - 2026-08-02T17:22:48.529Z

Page reload sent to client(s).
[33m>[39m Changes detected. Rebuilding...
[32m√[39m Changes detected. Rebuilding...
[1mInitial chunk files[22m[2m | [22m[1mNames[22m[2m | [22m [1mRaw size[22m
[32mmain.js[39m            [2m | [22m[2mmain[22m [2m | [22m[36m507.70 kB[39m[2m | [22m

Application bundle generation complete. [5.448 seconds] - 2026-08-02T17:23:09.027Z

Component update sent to client(s).
[33m>[39m Changes detected. Rebuilding...
[32m√[39m Changes detected. Rebuilding...
[1mInitial chunk files[22m[2m | [22m[1mNames[22m[2m | [22m [1mRaw size[22m
[32mmain.js[39m            [2m | [22m[2mmain[22m [2m | [22m[36m508.33 kB[39m[2m | [22m

Application bundle generation complete. [25.046 seconds] - 2026-08-02T17:24:59.141Z

Page reload sent to client(s).
[33m>[39m Changes detected. Rebuilding...
[32m√[39m Changes detected. Rebuilding...
[1mInitial chunk files[22m[2m | [22m[1mNames[22m[2m | [22m [1mRaw size[22m
[32mmain.js[39m            [2m | [22m[2mmain[22m [2m | [22m[36m509.11 kB[39m[2m | [22m

Application bundle generation complete. [2.097 seconds] - 2026-08-02T17:25:01.369Z

Component update sent to client(s).
[33m>[39m Changes detected. Rebuilding...
[32m√[39m Changes detected. Rebuilding...
[1mInitial chunk files[22m[2m | [22m[1mNames[22m[2m | [22m [1mRaw size[22m
[32mmain.js[39m            [2m | [22m[2mmain[22m [2m | [22m[36m509.81 kB[39m[2m | [22m

Application bundle generation complete. [1.877 seconds] - 2026-08-02T17:25:12.201Z

Component update sent to client(s).
[33m>[39m Changes detected. Rebuilding...
[32m√[39m Changes detected. Rebuilding...
[1mInitial chunk files[22m[2m | [22m[1mNames[22m[2m | [22m [1mRaw size[22m
[32mmain.js[39m            [2m | [22m[2mmain[22m [2m | [22m[36m511.10 kB[39m[2m | [22m

Application bundle generation complete. [16.078 seconds] - 2026-08-02T17:27:14.093Z

Page reload sent to client(s).
[33m>[39m Changes detected. Rebuilding...
[32m√[39m Changes detected. Rebuilding...
[1mInitial chunk files[22m[2m | [22m[1mNames[22m[2m | [22m [1mRaw size[22m
[32mmain.js[39m            [2m | [22m[2mmain[22m [2m | [22m[36m511.12 kB[39m[2m | [22m

Application bundle generation complete. [1.925 seconds] - 2026-08-02T17:27:16.134Z

Component update sent to client(s).
[33m>[39m Changes detected. Rebuilding...
[32m√[39m Changes detected. Rebuilding...
[1mInitial chunk files[22m[2m | [22m[1mNames[22m[2m | [22m [1mRaw size[22m
[32mmain.js[39m            [2m | [22m[2mmain[22m [2m | [22m[36m511.30 kB[39m[2m | [22m

Application bundle generation complete. [6.486 seconds] - 2026-08-02T17:27:31.332Z

Component update sent to client(s).
[33m>[39m Changes detected. Rebuilding...
[32m√[39m Changes detected. Rebuilding...
Application bundle generation failed. [11.934 seconds] - 2026-08-02T17:30:11.446Z

[1m[31m[31mX [41;31m[[41;97mERROR[41;31m][0m [1mTS2339: Property 'captchaError' does not exist on type 'ContactSectionComponent'.[0m [1m[35m[plugin angular-compiler][0m

    src/app/features/home/contact-section/contact-section.component.html:152:91:
[37m      152 │ ....captcha-card--invalid]="isInvalid('captcha') || [32mcaptchaError[37m()">
          ╵                                                     [32m~~~~~~~~~~~~[0m

  Error occurs in the template of component ContactSectionComponent.

    src/app/features/home/contact-section/contact-section.component.ts:21:15:
[37m      21 │   templateUrl: [32m'./contact-section.component.html'[37m,
         ╵                [32m~~~~~~~~~~~~~~~~~~~~~~~~~~~~~~~~~~[0m


[31mX [41;31m[[41;97mERROR[41;31m][0m [1mTS2339: Property 'captchaError' does not exist on type 'ContactSectionComponent'.[0m [1m[35m[plugin angular-compiler][0m

    src/app/features/home/contact-section/contact-section.component.html:187:64:
[37m      187 │ ...  [class.input--invalid]="isInvalid('captcha') || [32mcaptchaError[37m()"
          ╵                                                      [32m~~~~~~~~~~~~[0m

  Error occurs in the template of component ContactSectionComponent.

    src/app/features/home/contact-section/contact-section.component.ts:21:15:
[37m      21 │   templateUrl: [32m'./contact-section.component.html'[37m,
         ╵                [32m~~~~~~~~~~~~~~~~~~~~~~~~~~~~~~~~~~[0m


[31mX [41;31m[[41;97mERROR[41;31m][0m [1mTS2339: Property 'captchaError' does not exist on type 'ContactSectionComponent'.[0m [1m[35m[plugin angular-compiler][0m

    src/app/features/home/contact-section/contact-section.component.html:193:41:
[37m      193 │             @if (isInvalid('captcha') || [32mcaptchaError[37m()) {
          ╵                                          [32m~~~~~~~~~~~~[0m

  Error occurs in the template of component ContactSectionComponent.

    src/app/features/home/contact-section/contact-section.component.ts:21:15:
[37m      21 │   templateUrl: [32m'./contact-section.component.html'[37m,
         ╵                [32m~~~~~~~~~~~~~~~~~~~~~~~~~~~~~~~~~~[0m

[39m[22m
[33m>[39m Changes detected. Rebuilding...
[32m√[39m Changes detected. Rebuilding...
[1mInitial chunk files[22m[2m | [22m[1mNames[22m        [2m | [22m [1mRaw size[22m
[32mmain.js[39m            [2m | [22m[2mmain[22m         [2m | [22m[36m517.51 kB[39m[2m | [22m
[32mstyles.css[39m         [2m | [22m[2mstyles[22m       [2m | [22m[36m903 bytes[39m[2m | [22m

[1m [22m                  [2m | [22m[1mInitial total[22m[2m | [22m[1m518.42 kB[22m

Application bundle generation complete. [3.744 seconds] - 2026-08-02T17:30:17.409Z

Page reload sent to client(s).
[33m>[39m Changes detected. Rebuilding...
[32m√[39m Changes detected. Rebuilding...
[1mInitial chunk files[22m[2m | [22m[1mNames[22m[2m | [22m [1mRaw size[22m
[32mmain.js[39m            [2m | [22m[2mmain[22m [2m | [22m[36m520.66 kB[39m[2m | [22m

Application bundle generation complete. [4.762 seconds] - 2026-08-02T17:30:39.523Z

Component update sent to client(s).
[33m>[39m Changes detected. Rebuilding...
[32m√[39m Changes detected. Rebuilding...
[1mInitial chunk files[22m[2m | [22m[1mNames[22m[2m | [22m [1mRaw size[22m
[32mmain.js[39m            [2m | [22m[2mmain[22m [2m | [22m[36m520.81 kB[39m[2m | [22m

Application bundle generation complete. [4.655 seconds] - 2026-08-02T17:31:29.024Z

Component update sent to client(s).
[33m>[39m Changes detected. Rebuilding...
[32m√[39m Changes detected. Rebuilding...
[1mInitial chunk files[22m[2m | [22m[1mNames[22m[2m | [22m [1mRaw size[22m
[32mmain.js[39m            [2m | [22m[2mmain[22m [2m | [22m[36m520.56 kB[39m[2m | [22m

Application bundle generation complete. [21.480 seconds] - 2026-08-02T17:32:42.116Z

Component update sent to client(s).
[33m>[39m Changes detected. Rebuilding...
[32m√[39m Changes detected. Rebuilding...
[1mInitial chunk files[22m[2m | [22m[1mNames[22m        [2m | [22m [1mRaw size[22m
[32mmain.js[39m            [2m | [22m[2mmain[22m         [2m | [22m[36m520.56 kB[39m[2m | [22m
[32mstyles.css[39m         [2m | [22m[2mstyles[22m       [2m | [22m[36m903 bytes[39m[2m | [22m

[1m [22m                  [2m | [22m[1mInitial total[22m[2m | [22m[1m521.47 kB[22m

Application bundle generation complete. [3.888 seconds] - 2026-08-02T17:32:46.173Z

Component update sent to client(s).
[33m>[39m Changes detected. Rebuilding...
[32m√[39m Changes detected. Rebuilding...
[1mInitial chunk files[22m[2m | [22m[1mNames[22m[2m | [22m [1mRaw size[22m
[32mmain.js[39m            [2m | [22m[2mmain[22m [2m | [22m[36m520.97 kB[39m[2m | [22m

Application bundle generation complete. [34.586 seconds] - 2026-08-02T17:33:55.725Z

Component update sent to client(s).
[33m>[39m Changes detected. Rebuilding...
[32m√[39m Changes detected. Rebuilding...
[1mInitial chunk files[22m[2m | [22m[1mNames[22m[2m | [22m [1mRaw size[22m
[32mmain.js[39m            [2m | [22m[2mmain[22m [2m | [22m[36m520.97 kB[39m[2m | [22m

Application bundle generation complete. [15.934 seconds] - 2026-08-02T17:35:09.664Z

Component update sent to client(s).
[2m11:06:16 pm[22m [36m[1m[vite][22m[39m [90m[2m(client)[22m[39m [32m✨ new dependencies optimized: [33md3-geo[32m[39m
[2m11:06:16 pm[22m [36m[1m[vite][22m[39m [90m[2m(client)[22m[39m [32m✨ optimized dependencies changed. reloading[39m
[33m>[39m Changes detected. Rebuilding...
[32m√[39m Changes detected. Rebuilding...
[1mInitial chunk files[22m[2m | [22m[1mNames[22m[2m | [22m [1mRaw size[22m
[32mmain.js[39m            [2m | [22m[2mmain[22m [2m | [22m[36m538.62 kB[39m[2m | [22m

Application bundle generation complete. [7.112 seconds] - 2026-08-02T17:39:45.491Z

Component update sent to client(s).
[33m>[39m Changes detected. Rebuilding...
[32m√[39m Changes detected. Rebuilding...
[1mInitial chunk files[22m[2m | [22m[1mNames[22m[2m | [22m [1mRaw size[22m
[32mmain.js[39m            [2m | [22m[2mmain[22m [2m | [22m[36m545.87 kB[39m[2m | [22m

Application bundle generation complete. [6.762 seconds] - 2026-08-02T17:41:19.804Z

Component update sent to client(s).
[33m>[39m Changes detected. Rebuilding...
[32m√[39m Changes detected. Rebuilding...
[1mInitial chunk files[22m[2m | [22m[1mNames[22m[2m | [22m [1mRaw size[22m
[32mmain.js[39m            [2m | [22m[2mmain[22m [2m | [22m[36m546.07 kB[39m[2m | [22m

Application bundle generation complete. [1.065 seconds] - 2026-08-02T17:41:55.526Z

Component update sent to client(s).
[33m>[39m Changes detected. Rebuilding...
[32m√[39m Changes detected. Rebuilding...
[1mInitial chunk files[22m[2m | [22m[1mNames[22m[2m | [22m [1mRaw size[22m
[32mmain.js[39m            [2m | [22m[2mmain[22m [2m | [22m[36m546.15 kB[39m[2m | [22m

Application bundle generation complete. [4.174 seconds] - 2026-08-02T17:46:00.658Z

Component update sent to client(s).
[33m>[39m Changes detected. Rebuilding...
[32m√[39m Changes detected. Rebuilding...
[1mInitial chunk files[22m[2m | [22m[1mNames[22m[2m | [22m [1mRaw size[22m
[32mmain.js[39m            [2m | [22m[2mmain[22m [2m | [22m[36m546.73 kB[39m[2m | [22m

Application bundle generation complete. [2.607 seconds] - 2026-08-02T17:47:35.446Z

Component update sent to client(s).
[33m>[39m Changes detected. Rebuilding...
[32m√[39m Changes detected. Rebuilding...
[1mInitial chunk files[22m[2m | [22m[1mNames[22m[2m | [22m [1mRaw size[22m
[32mmain.js[39m            [2m | [22m[2mmain[22m [2m | [22m[36m555.91 kB[39m[2m | [22m

Application bundle generation complete. [1.306 seconds] - 2026-08-02T17:50:18.523Z

Component update sent to client(s).
[33m>[39m Changes detected. Rebuilding...
[32m√[39m Changes detected. Rebuilding...
[1mInitial chunk files[22m[2m | [22m[1mNames[22m[2m | [22m [1mRaw size[22m
[32mmain.js[39m            [2m | [22m[2mmain[22m [2m | [22m[36m555.99 kB[39m[2m | [22m

Application bundle generation complete. [0.681 seconds] - 2026-08-02T17:50:59.383Z

Component update sent to client(s).
[33m>[39m Changes detected. Rebuilding...
[32m√[39m Changes detected. Rebuilding...
[1mInitial chunk files[22m[2m | [22m[1mNames[22m[2m | [22m [1mRaw size[22m
[32mmain.js[39m            [2m | [22m[2mmain[22m [2m | [22m[36m555.07 kB[39m[2m | [22m

Application bundle generation complete. [2.144 seconds] - 2026-08-02T17:52:38.780Z

Component update sent to client(s).
[33m>[39m Changes detected. Rebuilding...
[32m√[39m Changes detected. Rebuilding...
[1mInitial chunk files[22m[2m | [22m[1mNames[22m[2m | [22m [1mRaw size[22m
[32mmain.js[39m            [2m | [22m[2mmain[22m [2m | [22m[36m558.02 kB[39m[2m | [22m

Application bundle generation complete. [3.852 seconds] - 2026-08-02T17:58:32.832Z

Page reload sent to client(s).
[33m>[39m Changes detected. Rebuilding...
[32m√[39m Changes detected. Rebuilding...

No output file changes.

Application bundle generation complete. [0.792 seconds] - 2026-08-02T17:59:22.188Z

[33m>[39m Changes detected. Rebuilding...
[32m√[39m Changes detected. Rebuilding...
Application bundle generation failed. [0.378 seconds] - 2026-08-02T17:59:31.538Z

[1m[33m[33m▲ [43;33m[[43;30mWARNING[43;33m][0m [1mNG8113: All imports are unused[0m [1m[35m[plugin angular-compiler][0m

    src/app/features/resume/resume-page.component.ts:6:2:
[37m      6 │   [32mimports[37m: [RouterLink],
        ╵   [32m~~~~~~~[0m

[39m[22m
[1m[31m[31mX [41;31m[[41;97mERROR[41;31m][0m [1mNG5002: Unexpected closing tag "section". It may happen when the tag has already been closed by another tag. For more info see https://www.w3.org/TR/html5/syntax.html#closing-elements-that-have-implied-end-tags[0m [1m[35m[plugin angular-compiler][0m

    src/app/features/resume/resume-page.component.html:124:2:
[37m      124 │   [32m</section>[37m
          ╵   [32m~~~~~~~~~~[0m

  Error occurs in the template of component ResumePageComponent.

    src/app/features/resume/resume-page.component.ts:7:15:
[37m      7 │   templateUrl: [32m'./resume-page.component.html'[37m,
        ╵                [32m~~~~~~~~~~~~~~~~~~~~~~~~~~~~~~[0m

[39m[22m
[33m>[39m Changes detected. Rebuilding...
[32m√[39m Changes detected. Rebuilding...
Application bundle generation failed. [3.518 seconds] - 2026-08-02T17:59:56.384Z

[1m[33m[33m▲ [43;33m[[43;30mWARNING[43;33m][0m [1mNG8113: All imports are unused[0m [1m[35m[plugin angular-compiler][0m

    src/app/features/resume/resume-page.component.ts:6:2:
[37m      6 │   [32mimports[37m: [RouterLink],
        ╵   [32m~~~~~~~[0m

[39m[22m
[1m[31m[31mX [41;31m[[41;97mERROR[41;31m][0m [1mNG5002: Unexpected closing tag "section". It may happen when the tag has already been closed by another tag. For more info see https://www.w3.org/TR/html5/syntax.html#closing-elements-that-have-implied-end-tags[0m [1m[35m[plugin angular-compiler][0m

    src/app/features/resume/resume-page.component.html:124:2:
[37m      124 │   [32m</section>[37m
          ╵   [32m~~~~~~~~~~[0m

  Error occurs in the template of component ResumePageComponent.

    src/app/features/resume/resume-page.component.ts:7:15:
[37m      7 │   templateUrl: [32m'./resume-page.component.html'[37m,
        ╵                [32m~~~~~~~~~~~~~~~~~~~~~~~~~~~~~~[0m

[39m[22m
[33m>[39m Changes detected. Rebuilding...
[32m√[39m Changes detected. Rebuilding...
Application bundle generation failed. [0.333 seconds] - 2026-08-02T18:00:27.822Z

[1m[33m[33m▲ [43;33m[[43;30mWARNING[43;33m][0m [1mNG8113: All imports are unused[0m [1m[35m[plugin angular-compiler][0m

    src/app/features/resume/resume-page.component.ts:6:2:
[37m      6 │   [32mimports[37m: [RouterLink],
        ╵   [32m~~~~~~~[0m

[39m[22m
[1m[31m[31mX [41;31m[[41;97mERROR[41;31m][0m [1mNG5002: Unexpected closing tag "div". It may happen when the tag has already been closed by another tag. For more info see https://www.w3.org/TR/html5/syntax.html#closing-elements-that-have-implied-end-tags[0m [1m[35m[plugin angular-compiler][0m

    src/app/features/resume/resume-page.component.html:122:4:
[37m      122 │     [32m</div>[37m
          ╵     [32m~~~~~~[0m

  Error occurs in the template of component ResumePageComponent.

    src/app/features/resume/resume-page.component.ts:7:15:
[37m      7 │   templateUrl: [32m'./resume-page.component.html'[37m,
        ╵                [32m~~~~~~~~~~~~~~~~~~~~~~~~~~~~~~[0m


[31mX [41;31m[[41;97mERROR[41;31m][0m [1mNG5002: Unexpected closing tag "section". It may happen when the tag has already been closed by another tag. For more info see https://www.w3.org/TR/html5/syntax.html#closing-elements-that-have-implied-end-tags[0m [1m[35m[plugin angular-compiler][0m

    src/app/features/resume/resume-page.component.html:123:2:
[37m      123 │   [32m</section>[37m
          ╵   [32m~~~~~~~~~~[0m

  Error occurs in the template of component ResumePageComponent.

    src/app/features/resume/resume-page.component.ts:7:15:
[37m      7 │   templateUrl: [32m'./resume-page.component.html'[37m,
        ╵                [32m~~~~~~~~~~~~~~~~~~~~~~~~~~~~~~[0m


[31mX [41;31m[[41;97mERROR[41;31m][0m [1mNG5002: Unexpected closing tag "div". It may happen when the tag has already been closed by another tag. For more info see https://www.w3.org/TR/html5/syntax.html#closing-elements-that-have-implied-end-tags[0m [1m[35m[plugin angular-compiler][0m

    src/app/features/resume/resume-page.component.html:210:2:
[37m      210 │   [32m</div>[37m
          ╵   [32m~~~~~~[0m

  Error occurs in the template of component ResumePageComponent.

    src/app/features/resume/resume-page.component.ts:7:15:
[37m      7 │   templateUrl: [32m'./resume-page.component.html'[37m,
        ╵                [32m~~~~~~~~~~~~~~~~~~~~~~~~~~~~~~[0m

[39m[22m
[33m>[39m Changes detected. Rebuilding...
[32m√[39m Changes detected. Rebuilding...
[1mInitial chunk files[22m[2m | [22m[1mNames[22m        [2m | [22m [1mRaw size[22m
[32mmain.js[39m            [2m | [22m[2mmain[22m         [2m | [22m[36m559.30 kB[39m[2m | [22m
[32mstyles.css[39m         [2m | [22m[2mstyles[22m       [2m | [22m[36m903 bytes[39m[2m | [22m

[1m [22m                  [2m | [22m[1mInitial total[22m[2m | [22m[1m560.21 kB[22m

Application bundle generation complete. [0.891 seconds] - 2026-08-02T18:00:53.550Z

Page reload sent to client(s).
[33m>[39m Changes detected. Rebuilding...
[32m√[39m Changes detected. Rebuilding...
[1mInitial chunk files[22m[2m | [22m[1mNames[22m[2m | [22m [1mRaw size[22m
[32mmain.js[39m            [2m | [22m[2mmain[22m [2m | [22m[36m559.92 kB[39m[2m | [22m

Application bundle generation complete. [7.385 seconds] - 2026-08-02T18:04:10.533Z

Component update sent to client(s).
[33m>[39m Changes detected. Rebuilding...
[32m√[39m Changes detected. Rebuilding...
[1mInitial chunk files[22m[2m | [22m[1mNames[22m        [2m | [22m [1mRaw size[22m
[32mmain.js[39m            [2m | [22m[2mmain[22m         [2m | [22m[36m559.92 kB[39m[2m | [22m
[32mstyles.css[39m         [2m | [22m[2mstyles[22m       [2m | [22m[36m903 bytes[39m[2m | [22m

[1m [22m                  [2m | [22m[1mInitial total[22m[2m | [22m[1m560.82 kB[22m

Application bundle generation complete. [1.763 seconds] - 2026-08-02T18:04:12.400Z

Component update sent to client(s).
[33m>[39m Changes detected. Rebuilding...
[32m√[39m Changes detected. Rebuilding...
[1mInitial chunk files[22m[2m | [22m[1mNames[22m[2m | [22m [1mRaw size[22m
[32mmain.js[39m            [2m | [22m[2mmain[22m [2m | [22m[36m562.27 kB[39m[2m | [22m

Application bundle generation complete. [3.076 seconds] - 2026-08-02T18:05:54.433Z

Component update sent to client(s).
[33m>[39m Changes detected. Rebuilding...
[32m√[39m Changes detected. Rebuilding...
[1mInitial chunk files[22m[2m | [22m[1mNames[22m[2m | [22m [1mRaw size[22m
[32mmain.js[39m            [2m | [22m[2mmain[22m [2m | [22m[36m562.36 kB[39m[2m | [22m

Application bundle generation complete. [0.708 seconds] - 2026-08-02T18:06:17.445Z

Component update sent to client(s).
[33m>[39m Changes detected. Rebuilding...
[32m√[39m Changes detected. Rebuilding...
[1mInitial chunk files[22m[2m | [22m[1mNames[22m[2m | [22m [1mRaw size[22m
[32mmain.js[39m            [2m | [22m[2mmain[22m [2m | [22m[36m562.34 kB[39m[2m | [22m

Application bundle generation complete. [1.118 seconds] - 2026-08-02T18:06:27.338Z

Component update sent to client(s).
[33m>[39m Changes detected. Rebuilding...
[32m√[39m Changes detected. Rebuilding...
[1mInitial chunk files[22m[2m | [22m[1mNames[22m[2m | [22m [1mRaw size[22m
[32mmain.js[39m            [2m | [22m[2mmain[22m [2m | [22m[36m559.25 kB[39m[2m | [22m

Application bundle generation complete. [3.601 seconds] - 2026-08-02T18:07:42.583Z

Component update sent to client(s).
[33m>[39m Changes detected. Rebuilding...
[32m√[39m Changes detected. Rebuilding...
[1mInitial chunk files[22m[2m | [22m[1mNames[22m[2m | [22m [1mRaw size[22m
[32mmain.js[39m            [2m | [22m[2mmain[22m [2m | [22m[36m559.06 kB[39m[2m | [22m

Application bundle generation complete. [2.037 seconds] - 2026-08-02T18:08:25.335Z

Component update sent to client(s).
[33m>[39m Changes detected. Rebuilding...
[32m√[39m Changes detected. Rebuilding...
[1mInitial chunk files[22m[2m | [22m[1mNames[22m[2m | [22m [1mRaw size[22m
[32mmain.js[39m            [2m | [22m[2mmain[22m [2m | [22m[36m558.96 kB[39m[2m | [22m

Application bundle generation complete. [4.455 seconds] - 2026-08-02T18:09:52.020Z

Component update sent to client(s).
[33m>[39m Changes detected. Rebuilding...
[32m√[39m Changes detected. Rebuilding...
[1mInitial chunk files[22m[2m | [22m[1mNames[22m[2m | [22m [1mRaw size[22m
[32mmain.js[39m            [2m | [22m[2mmain[22m [2m | [22m[36m559.20 kB[39m[2m | [22m

Application bundle generation complete. [0.520 seconds] - 2026-08-02T18:10:24.954Z

Component update sent to client(s).
[33m>[39m Changes detected. Rebuilding...
[32m√[39m Changes detected. Rebuilding...
[1mInitial chunk files[22m[2m | [22m[1mNames[22m[2m | [22m [1mRaw size[22m
[32mmain.js[39m            [2m | [22m[2mmain[22m [2m | [22m[36m557.99 kB[39m[2m | [22m

Application bundle generation complete. [2.421 seconds] - 2026-08-02T18:12:17.496Z

Component update sent to client(s).
[33m>[39m Changes detected. Rebuilding...
[32m√[39m Changes detected. Rebuilding...
[1mInitial chunk files[22m[2m | [22m[1mNames[22m[2m | [22m [1mRaw size[22m
[32mmain.js[39m            [2m | [22m[2mmain[22m [2m | [22m[36m557.99 kB[39m[2m | [22m

Application bundle generation complete. [2.466 seconds] - 2026-08-02T18:14:29.957Z

Component update sent to client(s).
[33m>[39m Changes detected. Rebuilding...
[32m√[39m Changes detected. Rebuilding...
[1mInitial chunk files[22m[2m | [22m[1mNames[22m[2m | [22m [1mRaw size[22m
[32mmain.js[39m            [2m | [22m[2mmain[22m [2m | [22m[36m557.99 kB[39m[2m | [22m

Application bundle generation complete. [0.867 seconds] - 2026-08-02T18:14:51.323Z

Component update sent to client(s).
[33m>[39m Changes detected. Rebuilding...
[32m√[39m Changes detected. Rebuilding...
[1mInitial chunk files[22m[2m | [22m[1mNames[22m[2m | [22m [1mRaw size[22m
[32mmain.js[39m            [2m | [22m[2mmain[22m [2m | [22m[36m557.99 kB[39m[2m | [22m

Application bundle generation complete. [1.167 seconds] - 2026-08-02T18:14:53.491Z

Component update sent to client(s).
[33m>[39m Changes detected. Rebuilding...
[32m√[39m Changes detected. Rebuilding...
[1mInitial chunk files[22m[2m | [22m[1mNames[22m[2m | [22m [1mRaw size[22m
[32mmain.js[39m            [2m | [22m[2mmain[22m [2m | [22m[36m557.99 kB[39m[2m | [22m

Application bundle generation complete. [3.768 seconds] - 2026-08-02T18:15:52.368Z

Component update sent to client(s).
[33m>[39m Changes detected. Rebuilding...
[32m√[39m Changes detected. Rebuilding...
[1mInitial chunk files[22m[2m | [22m[1mNames[22m[2m | [22m [1mRaw size[22m
[32mmain.js[39m            [2m | [22m[2mmain[22m [2m | [22m[36m557.99 kB[39m[2m | [22m

Application bundle generation complete. [0.644 seconds] - 2026-08-02T18:16:06.528Z

Component update sent to client(s).
[33m>[39m Changes detected. Rebuilding...
[32m√[39m Changes detected. Rebuilding...
[1mInitial chunk files[22m[2m | [22m[1mNames[22m[2m | [22m [1mRaw size[22m
[32mmain.js[39m            [2m | [22m[2mmain[22m [2m | [22m[36m557.99 kB[39m[2m | [22m

Application bundle generation complete. [0.919 seconds] - 2026-08-02T18:16:22.802Z

Component update sent to client(s).
[33m>[39m Changes detected. Rebuilding...
[32m√[39m Changes detected. Rebuilding...
[1mInitial chunk files[22m[2m | [22m[1mNames[22m[2m | [22m [1mRaw size[22m
[32mmain.js[39m            [2m | [22m[2mmain[22m [2m | [22m[36m557.99 kB[39m[2m | [22m

Application bundle generation complete. [0.462 seconds] - 2026-08-02T18:16:26.859Z

Component update sent to client(s).
[33m>[39m Changes detected. Rebuilding...
[32m√[39m Changes detected. Rebuilding...
[1mInitial chunk files[22m[2m | [22m[1mNames[22m[2m | [22m [1mRaw size[22m
[32mmain.js[39m            [2m | [22m[2mmain[22m [2m | [22m[36m557.94 kB[39m[2m | [22m

Application bundle generation complete. [6.436 seconds] - 2026-08-02T18:18:59.923Z

Page reload sent to client(s).
[33m>[39m Changes detected. Rebuilding...
[32m√[39m Changes detected. Rebuilding...
[1mInitial chunk files[22m[2m | [22m[1mNames[22m[2m | [22m [1mRaw size[22m
[32mmain.js[39m            [2m | [22m[2mmain[22m [2m | [22m[36m557.99 kB[39m[2m | [22m

Application bundle generation complete. [1.805 seconds] - 2026-08-02T18:20:22.208Z

Component update sent to client(s).
[33m>[39m Changes detected. Rebuilding...
[32m√[39m Changes detected. Rebuilding...
[1mInitial chunk files[22m[2m | [22m[1mNames[22m[2m | [22m [1mRaw size[22m
[32mmain.js[39m            [2m | [22m[2mmain[22m [2m | [22m[36m558.22 kB[39m[2m | [22m

Application bundle generation complete. [1.663 seconds] - 2026-08-02T18:22:23.244Z

Component update sent to client(s).
[33m>[39m Changes detected. Rebuilding...
[32m√[39m Changes detected. Rebuilding...
[1mInitial chunk files[22m[2m | [22m[1mNames[22m[2m | [22m [1mRaw size[22m
[32mmain.js[39m            [2m | [22m[2mmain[22m [2m | [22m[36m558.49 kB[39m[2m | [22m

Application bundle generation complete. [2.417 seconds] - 2026-08-02T18:24:00.636Z

Page reload sent to client(s).
[33m>[39m Changes detected. Rebuilding...
[32m√[39m Changes detected. Rebuilding...
[1mInitial chunk files[22m[2m | [22m[1mNames[22m[2m | [22m [1mRaw size[22m
[32mmain.js[39m            [2m | [22m[2mmain[22m [2m | [22m[36m560.10 kB[39m[2m | [22m

Application bundle generation complete. [24.900 seconds] - 2026-08-02T18:24:39.117Z

Component update sent to client(s).
[33m>[39m Changes detected. Rebuilding...
[32m√[39m Changes detected. Rebuilding...
[1mInitial chunk files[22m[2m | [22m[1mNames[22m[2m | [22m [1mRaw size[22m
[32mmain.js[39m            [2m | [22m[2mmain[22m [2m | [22m[36m571.85 kB[39m[2m | [22m

Application bundle generation complete. [10.626 seconds] - 2026-08-02T18:25:05.929Z

[1m[33m[33m▲ [43;33m[[43;30mWARNING[43;33m][0m [1mExpected "}" to go with "{"[0m [1m[35m[plugin angular-compiler][0m [css-syntax-error]

    src/app/features/resume/resume-page.component.css:871:0:
[37m      871 │ [32m[37m
          │ [32m^[37m
          ╵ [32m}[0m

  The unbalanced "{" is here:

    src/app/features/resume/resume-page.component.css:257:24:
[37m      257 │ .btn-download-prominent [32m{[37m
          ╵                         [32m^[0m

[39m[22m
Component update sent to client(s).
[33m>[39m Changes detected. Rebuilding...
[32m√[39m Changes detected. Rebuilding...
[1mInitial chunk files[22m[2m | [22m[1mNames[22m[2m | [22m [1mRaw size[22m
[32mmain.js[39m            [2m | [22m[2mmain[22m [2m | [22m[36m561.16 kB[39m[2m | [22m

Application bundle generation complete. [2.673 seconds] - 2026-08-02T18:25:22.555Z

Component update sent to client(s).
[33m>[39m Changes detected. Rebuilding...
[32m√[39m Changes detected. Rebuilding...
Application bundle generation failed. [0.903 seconds] - 2026-08-02T18:26:22.347Z

[1m[31m[31mX [41;31m[[41;97mERROR[41;31m][0m [1mTS2554: Expected 1 arguments, but got 0.[0m [1m[35m[plugin angular-compiler][0m

    src/app/features/resume/resume-page.component.html:59:77:
[37m      59 │ ...load-prominent" (click)="[32mhandleDownload[37m()" [class.is-downloaded...
         ╵                             [32m~~~~~~~~~~~~~~[0m

  Error occurs in the template of component ResumePageComponent.

    src/app/features/resume/resume-page.component.ts:7:15:
[37m      7 │   templateUrl: [32m'./resume-page.component.html'[37m,
        ╵                [32m~~~~~~~~~~~~~~~~~~~~~~~~~~~~~~[0m

[39m[22m
[33m>[39m Changes detected. Rebuilding...
[32m√[39m Changes detected. Rebuilding...
[1mInitial chunk files[22m[2m | [22m[1mNames[22m        [2m | [22m [1mRaw size[22m
[32mmain.js[39m            [2m | [22m[2mmain[22m         [2m | [22m[36m561.47 kB[39m[2m | [22m
[32mstyles.css[39m         [2m | [22m[2mstyles[22m       [2m | [22m[36m903 bytes[39m[2m | [22m

[1m [22m                  [2m | [22m[1mInitial total[22m[2m | [22m[1m562.37 kB[22m

Application bundle generation complete. [1.523 seconds] - 2026-08-02T18:26:31.461Z

Page reload sent to client(s).
[33m>[39m Changes detected. Rebuilding...
[32m√[39m Changes detected. Rebuilding...
[1mInitial chunk files[22m[2m | [22m[1mNames[22m[2m | [22m [1mRaw size[22m
[32mmain.js[39m            [2m | [22m[2mmain[22m [2m | [22m[36m561.54 kB[39m[2m | [22m

Application bundle generation complete. [2.999 seconds] - 2026-08-02T18:28:22.565Z

[1m[33m[33m▲ [43;33m[[43;30mWARNING[43;33m][0m [1mNG8113: PortfolioFooterComponent is not used within the template of ResumePageComponent[0m [1m[35m[plugin angular-compiler][0m

    src/app/features/resume/resume-page.component.ts:7:24:
[37m      7 │   imports: [RouterLink, [32mPortfolioFooterComponent[37m],
        ╵                         [32m~~~~~~~~~~~~~~~~~~~~~~~~[0m

[39m[22m
Page reload sent to client(s).
[33m>[39m Changes detected. Rebuilding...
[32m√[39m Changes detected. Rebuilding...
[1mInitial chunk files[22m[2m | [22m[1mNames[22m[2m | [22m [1mRaw size[22m
[32mmain.js[39m            [2m | [22m[2mmain[22m [2m | [22m[36m561.66 kB[39m[2m | [22m

Application bundle generation complete. [0.751 seconds] - 2026-08-02T18:29:02.038Z

[1m[33m[33m▲ [43;33m[[43;30mWARNING[43;33m][0m [1mNG8113: PortfolioFooterComponent is not used within the template of ResumePageComponent[0m [1m[35m[plugin angular-compiler][0m

    src/app/features/resume/resume-page.component.ts:7:24:
[37m      7 │   imports: [RouterLink, [32mPortfolioFooterComponent[37m],
        ╵                         [32m~~~~~~~~~~~~~~~~~~~~~~~~[0m

[39m[22m
Page reload sent to client(s).
[33m>[39m Changes detected. Rebuilding...
[32m√[39m Changes detected. Rebuilding...
[1mInitial chunk files[22m[2m | [22m[1mNames[22m[2m | [22m [1mRaw size[22m
[32mmain.js[39m            [2m | [22m[2mmain[22m [2m | [22m[36m564.98 kB[39m[2m | [22m

Application bundle generation complete. [3.424 seconds] - 2026-08-02T18:29:17.563Z

Component update sent to client(s).
[33m>[39m Changes detected. Rebuilding...
[32m√[39m Changes detected. Rebuilding...
[1mInitial chunk files[22m[2m | [22m[1mNames[22m[2m | [22m [1mRaw size[22m
[32mmain.js[39m            [2m | [22m[2mmain[22m [2m | [22m[36m561.75 kB[39m[2m | [22m

Application bundle generation complete. [2.965 seconds] - 2026-08-02T18:30:34.984Z

Component update sent to client(s).
[33m>[39m Changes detected. Rebuilding...
[32m√[39m Changes detected. Rebuilding...
Application bundle generation failed. [0.427 seconds] - 2026-08-02T18:31:19.113Z

[1m[31m[31mX [41;31m[[41;97mERROR[41;31m][0m [1mTS2305: Module '"./features/resume/resume-page.component"' has no exported member 'ResumePageComponent'.[0m [1m[35m[plugin angular-compiler][0m

    src/app/app.routes.ts:3:9:
[37m      3 │ import { [32mResumePageComponent[37m } from './features/resume/resume-page....
        ╵          [32m~~~~~~~~~~~~~~~~~~~[0m


[31mX [41;31m[[41;97mERROR[41;31m][0m [1mTS1146: Declaration expected.[0m [1m[35m[plugin angular-compiler][0m

    src/app/features/resume/resume-page.component.ts:12:11:
[37m      12 │   protected[32m[37m isDownloaded = signal(false);
         ╵            [32m^[0m


[31mX [41;31m[[41;97mERROR[41;31m][0m [1mTS2304: Cannot find name 'isDownloaded'.[0m [1m[35m[plugin angular-compiler][0m

    src/app/features/resume/resume-page.component.ts:12:12:
[37m      12 │   protected [32misDownloaded[37m = signal(false);
         ╵             [32m~~~~~~~~~~~~[0m


[31mX [41;31m[[41;97mERROR[41;31m][0m [1mTS1128: Declaration or statement expected.[0m [1m[35m[plugin angular-compiler][0m

    src/app/features/resume/resume-page.component.ts:13:2:
[37m      13 │   [32mprotected[37m isLoading = signal(false);
         ╵   [32m~~~~~~~~~[0m


[31mX [41;31m[[41;97mERROR[41;31m][0m [1mTS2304: Cannot find name 'isLoading'.[0m [1m[35m[plugin angular-compiler][0m

    src/app/features/resume/resume-page.component.ts:13:12:
[37m      13 │   protected [32misLoading[37m = signal(false);
         ╵             [32m~~~~~~~~~[0m


[31mX [41;31m[[41;97mERROR[41;31m][0m [1mTS1128: Declaration or statement expected.[0m [1m[35m[plugin angular-compiler][0m

    src/app/features/resume/resume-page.component.ts:14:2:
[37m      14 │   [32mprotected[37m menuOpen = signal(false);
         ╵   [32m~~~~~~~~~[0m


[31mX [41;31m[[41;97mERROR[41;31m][0m [1mTS2304: Cannot find name 'menuOpen'.[0m [1m[35m[plugin angular-compiler][0m

    src/app/features/resume/resume-page.component.ts:14:12:
[37m      14 │   protected [32mmenuOpen[37m = signal(false);
         ╵             [32m~~~~~~~~[0m


[31mX [41;31m[[41;97mERROR[41;31m][0m [1mTS1128: Declaration or statement expected.[0m [1m[35m[plugin angular-compiler][0m

    src/app/features/resume/resume-page.component.ts:16:2:
[37m      16 │   [32mprotected[37m handleDownload(event: Event) {
         ╵   [32m~~~~~~~~~[0m


[31mX [41;31m[[41;97mERROR[41;31m][0m [1mTS2304: Cannot find name 'handleDownload'.[0m [1m[35m[plugin angular-compiler][0m

    src/app/features/resume/resume-page.component.ts:16:12:
[37m      16 │   protected [32mhandleDownload[37m(event: Event) {
         ╵             [32m~~~~~~~~~~~~~~[0m


[31mX [41;31m[[41;97mERROR[41;31m][0m [1mTS1005: ',' expected.[0m [1m[35m[plugin angular-compiler][0m

    src/app/features/resume/resume-page.component.ts:16:32:
[37m      16 │   protected handleDownload(event[32m:[37m Event) {
         ╵                                 [32m^[0m


[31mX [41;31m[[41;97mERROR[41;31m][0m [1mTS1005: ';' expected.[0m [1m[35m[plugin angular-compiler][0m

    src/app/features/resume/resume-page.component.ts:16:41:
[37m      16 │   protected handleDownload(event: Event) [32m{[37m
         ╵                                          [32m^[0m


[31mX [41;31m[[41;97mERROR[41;31m][0m [1mTS18048: 'event' is possibly 'undefined'.[0m [1m[35m[plugin angular-compiler][0m

    src/app/features/resume/resume-page.component.ts:17:4:
[37m      17 │     [32mevent[37m.preventDefault();
         ╵     [32m~~~~~[0m


[31mX [41;31m[[41;97mERROR[41;31m][0m [1mTS2532: Object is possibly 'undefined'.[0m [1m[35m[plugin angular-compiler][0m

    src/app/features/resume/resume-page.component.ts:18:4:
[37m      18 │     [32mthis[37m.isLoading.set(true);
         ╵     [32m~~~~[0m


[31mX [41;31m[[41;97mERROR[41;31m][0m [1mTS2532: Object is possibly 'undefined'.[0m [1m[35m[plugin angular-compiler][0m

    src/app/features/resume/resume-page.component.ts:22:6:
[37m      22 │       [32mthis[37m.isLoading.set(false);
         ╵       [32m~~~~[0m


[31mX [41;31m[[41;97mERROR[41;31m][0m [1mTS2532: Object is possibly 'undefined'.[0m [1m[35m[plugin angular-compiler][0m

    src/app/features/resume/resume-page.component.ts:23:6:
[37m      23 │       [32mthis[37m.isDownloaded.set(true);
         ╵       [32m~~~~[0m


[31mX [41;31m[[41;97mERROR[41;31m][0m [1mTS2532: Object is possibly 'undefined'.[0m [1m[35m[plugin angular-compiler][0m

    src/app/features/resume/resume-page.component.ts:34:8:
[37m      34 │         [32mthis[37m.isDownloaded.set(false);
         ╵         [32m~~~~[0m


[31mX [41;31m[[41;97mERROR[41;31m][0m [1mTS1128: Declaration or statement expected.[0m [1m[35m[plugin angular-compiler][0m

    src/app/features/resume/resume-page.component.ts:38:2:
[37m      38 │   [32mprotected[37m readonly skills = [
         ╵   [32m~~~~~~~~~[0m


[31mX [41;31m[[41;97mERROR[41;31m][0m [1mTS1128: Declaration or statement expected.[0m [1m[35m[plugin angular-compiler][0m

    src/app/features/resume/resume-page.component.ts:38:12:
[37m      38 │   protected [32mreadonly[37m skills = [
         ╵             [32m~~~~~~~~[0m


[31mX [41;31m[[41;97mERROR[41;31m][0m [1mTS2304: Cannot find name 'skills'.[0m [1m[35m[plugin angular-compiler][0m

    src/app/features/resume/resume-page.component.ts:38:21:
[37m      38 │   protected readonly [32mskills[37m = [
         ╵                      [32m~~~~~~[0m


[31mX [41;31m[[41;97mERROR[41;31m][0m [1mTS1128: Declaration or statement expected.[0m [1m[35m[plugin angular-compiler][0m

    src/app/features/resume/resume-page.component.ts:44:2:
[37m      44 │   [32mprotected[37m readonly projects = [
         ╵   [32m~~~~~~~~~[0m


[31mX [41;31m[[41;97mERROR[41;31m][0m [1mTS1128: Declaration or statement expected.[0m [1m[35m[plugin angular-compiler][0m

    src/app/features/resume/resume-page.component.ts:44:12:
[37m      44 │   protected [32mreadonly[37m projects = [
         ╵             [32m~~~~~~~~[0m


[31mX [41;31m[[41;97mERROR[41;31m][0m [1mTS2304: Cannot find name 'projects'.[0m [1m[35m[plugin angular-compiler][0m

    src/app/features/resume/resume-page.component.ts:44:21:
[37m      44 │   protected readonly [32mprojects[37m = [
         ╵                      [32m~~~~~~~~[0m


[31mX [41;31m[[41;97mERROR[41;31m][0m [1mTS1128: Declaration or statement expected.[0m [1m[35m[plugin angular-compiler][0m

    src/app/features/resume/resume-page.component.ts:107:0:
[37m      107 │ [32m}[37m
          ╵ [32m^[0m

[39m[22m
[33m>[39m Changes detected. Rebuilding...
[32m√[39m Changes detected. Rebuilding...
Application bundle generation failed. [0.406 seconds] - 2026-08-02T18:31:35.071Z

[1m[31m[31mX [41;31m[[41;97mERROR[41;31m][0m [1mTS2305: Module '"./features/resume/resume-page.component"' has no exported member 'ResumePageComponent'.[0m [1m[35m[plugin angular-compiler][0m

    src/app/app.routes.ts:3:9:
[37m      3 │ import { [32mResumePageComponent[37m } from './features/resume/resume-page....
        ╵          [32m~~~~~~~~~~~~~~~~~~~[0m


[31mX [41;31m[[41;97mERROR[41;31m][0m [1mTS1005: ':' expected.[0m [1m[35m[plugin angular-compiler][0m

    src/app/features/resume/resume-page.component.ts:11:13:
[37m      11 │ export class [32mResumePageComponent[37m {
         ╵              [32m~~~~~~~~~~~~~~~~~~~[0m


[31mX [41;31m[[41;97mERROR[41;31m][0m [1mTS1005: ',' expected.[0m [1m[35m[plugin angular-compiler][0m

    src/app/features/resume/resume-page.component.ts:11:33:
[37m      11 │ export class ResumePageComponent [32m{[37m
         ╵                                  [32m^[0m


[31mX [41;31m[[41;97mERROR[41;31m][0m [1mTS1005: ',' expected.[0m [1m[35m[plugin angular-compiler][0m

    src/app/features/resume/resume-page.component.ts:12:40:
[37m      12 │   protected isDownloaded = signal(false)[32m;[37m
         ╵                                         [32m^[0m


[31mX [41;31m[[41;97mERROR[41;31m][0m [1mTS1005: ',' expected.[0m [1m[35m[plugin angular-compiler][0m

    src/app/features/resume/resume-page.component.ts:13:37:
[37m      13 │   protected isLoading = signal(false)[32m;[37m
         ╵                                      [32m^[0m


[31mX [41;31m[[41;97mERROR[41;31m][0m [1mTS1005: ',' expected.[0m [1m[35m[plugin angular-compiler][0m

    src/app/features/resume/resume-page.component.ts:14:36:
[37m      14 │   protected menuOpen = signal(false)[32m;[37m
         ╵                                     [32m^[0m


[31mX [41;31m[[41;97mERROR[41;31m][0m [1mTS1005: ',' expected.[0m [1m[35m[plugin angular-compiler][0m

    src/app/features/resume/resume-page.component.ts:38:2:
[37m      38 │   [32mprotected[37m readonly skills = [
         ╵   [32m~~~~~~~~~[0m


[31mX [41;31m[[41;97mERROR[41;31m][0m [1mTS1005: ',' expected.[0m [1m[35m[plugin angular-compiler][0m

    src/app/features/resume/resume-page.component.ts:42:3:
[37m      42 │   ][32m;[37m
         ╵    [32m^[0m


[31mX [41;31m[[41;97mERROR[41;31m][0m [1mTS1005: ',' expected.[0m [1m[35m[plugin angular-compiler][0m

    src/app/features/resume/resume-page.component.ts:106:3:
[37m      106 │   ][32m;[37m
          ╵    [32m^[0m


[31mX [41;31m[[41;97mERROR[41;31m][0m [1mTS1146: Declaration expected.[0m [1m[35m[plugin angular-compiler][0m

    src/app/features/resume/resume-page.component.ts:107:1:
[37m      107 │ }[32m[37m
          ╵  [32m^[0m


[31mX [41;31m[[41;97mERROR[41;31m][0m [1mTS1005: ')' expected.[0m [1m[35m[plugin angular-compiler][0m

    src/app/features/resume/resume-page.component.ts:108:0:
[37m      108 │ [32m[37m
          ╵ [32m^[0m

[39m[22m
[33m>[39m Changes detected. Rebuilding...
[32m√[39m Changes detected. Rebuilding...
[1mInitial chunk files[22m[2m | [22m[1mNames[22m        [2m | [22m [1mRaw size[22m
[32mmain.js[39m            [2m | [22m[2mmain[22m         [2m | [22m[36m561.99 kB[39m[2m | [22m
[32mstyles.css[39m         [2m | [22m[2mstyles[22m       [2m | [22m[36m903 bytes[39m[2m | [22m

[1m [22m                  [2m | [22m[1mInitial total[22m[2m | [22m[1m562.89 kB[22m

Application bundle generation complete. [2.191 seconds] - 2026-08-02T18:31:52.123Z

Page reload sent to client(s).
[33m>[39m Changes detected. Rebuilding...
[32m√[39m Changes detected. Rebuilding...
[1mInitial chunk files[22m[2m | [22m[1mNames[22m[2m | [22m [1mRaw size[22m
[32mmain.js[39m            [2m | [22m[2mmain[22m [2m | [22m[36m562.68 kB[39m[2m | [22m

Application bundle generation complete. [0.732 seconds] - 2026-08-02T18:32:09.372Z

Component update sent to client(s).
[33m>[39m Changes detected. Rebuilding...
[32m√[39m Changes detected. Rebuilding...
[1mInitial chunk files[22m[2m | [22m[1mNames[22m[2m | [22m [1mRaw size[22m
[32mmain.js[39m            [2m | [22m[2mmain[22m [2m | [22m[36m563.34 kB[39m[2m | [22m

Application bundle generation complete. [0.672 seconds] - 2026-08-02T18:32:23.099Z

Component update sent to client(s).
[33m>[39m Changes detected. Rebuilding...
[32m√[39m Changes detected. Rebuilding...
[1mInitial chunk files[22m[2m | [22m[1mNames[22m[2m | [22m [1mRaw size[22m
[32mmain.js[39m            [2m | [22m[2mmain[22m [2m | [22m[36m562.40 kB[39m[2m | [22m

Application bundle generation complete. [1.009 seconds] - 2026-08-02T18:33:30.249Z

[1m[33m[33m▲ [43;33m[[43;30mWARNING[43;33m][0m [1mNG8113: RouterLink is not used within the template of ResumePageComponent[0m [1m[35m[plugin angular-compiler][0m

    src/app/features/resume/resume-page.component.ts:7:12:
[37m      7 │   imports: [[32mRouterLink[37m, PortfolioFooterComponent],
        ╵             [32m~~~~~~~~~~[0m

[39m[22m
Component update sent to client(s).
[33m>[39m Changes detected. Rebuilding...
[32m√[39m Changes detected. Rebuilding...
[1mInitial chunk files[22m[2m | [22m[1mNames[22m[2m | [22m [1mRaw size[22m
[32mmain.js[39m            [2m | [22m[2mmain[22m [2m | [22m[36m568.50 kB[39m[2m | [22m

Application bundle generation complete. [4.364 seconds] - 2026-08-02T18:35:46.039Z

[1m[33m[33m▲ [43;33m[[43;30mWARNING[43;33m][0m [1mNG8113: RouterLink is not used within the template of ResumePageComponent[0m [1m[35m[plugin angular-compiler][0m

    src/app/features/resume/resume-page.component.ts:7:12:
[37m      7 │   imports: [[32mRouterLink[37m, PortfolioFooterComponent],
        ╵             [32m~~~~~~~~~~[0m

[39m[22m
Component update sent to client(s).
[33m>[39m Changes detected. Rebuilding...
[32m√[39m Changes detected. Rebuilding...
[1mInitial chunk files[22m[2m | [22m[1mNames[22m[2m | [22m [1mRaw size[22m
[32mmain.js[39m            [2m | [22m[2mmain[22m [2m | [22m[36m572.70 kB[39m[2m | [22m

Application bundle generation complete. [2.513 seconds] - 2026-08-02T18:35:57.626Z

Component update sent to client(s).
[33m>[39m Changes detected. Rebuilding...
[32m√[39m Changes detected. Rebuilding...
[1mInitial chunk files[22m[2m | [22m[1mNames[22m[2m | [22m [1mRaw size[22m
[32mmain.js[39m            [2m | [22m[2mmain[22m [2m | [22m[36m572.70 kB[39m[2m | [22m

Application bundle generation complete. [0.753 seconds] - 2026-08-02T18:37:37.591Z

Page reload sent to client(s).
[33m>[39m Changes detected. Rebuilding...
[32m√[39m Changes detected. Rebuilding...
[1mInitial chunk files[22m[2m | [22m[1mNames[22m[2m | [22m [1mRaw size[22m
[32mmain.js[39m            [2m | [22m[2mmain[22m [2m | [22m[36m572.70 kB[39m[2m | [22m

Application bundle generation complete. [0.306 seconds] - 2026-08-02T18:37:41.010Z

Page reload sent to client(s).
[33m>[39m Changes detected. Rebuilding...
[32m√[39m Changes detected. Rebuilding...
Application bundle generation failed. [1.459 seconds] - 2026-08-02T18:37:43.986Z

[1m[31m[31mX [41;31m[[41;97mERROR[41;31m][0m [1mNG2008: Could not find template file './site-header.component.html'.[0m [1m[35m[plugin angular-compiler][0m

    src/app/shared/components/site-header/site-header.component.ts:8:15:
[37m      8 │   templateUrl: [32m'./site-header.component.html'[37m,
        ╵                [32m~~~~~~~~~~~~~~~~~~~~~~~~~~~~~~[0m

[39m[22m
[33m>[39m Changes detected. Rebuilding...
[32m√[39m Changes detected. Rebuilding...
Application bundle generation failed. [1.117 seconds] - 2026-08-02T18:38:20.430Z

[1m[33m[33m▲ [43;33m[[43;30mWARNING[43;33m][0m [1mNG8113: SiteHeaderComponent is not used within the template of LandingPageComponent[0m [1m[35m[plugin angular-compiler][0m

    src/app/features/landing/landing-page.component.ts:30:4:
[37m      30 │     [32mSiteHeaderComponent[37m,
         ╵     [32m~~~~~~~~~~~~~~~~~~~[0m

[39m[22m
[1m[31m[31mX [41;31m[[41;97mERROR[41;31m][0m [1mNG2008: Could not find template file './site-header.component.html'.[0m [1m[35m[plugin angular-compiler][0m

    src/app/shared/components/site-header/site-header.component.ts:8:15:
[37m      8 │   templateUrl: [32m'./site-header.component.html'[37m,
        ╵                [32m~~~~~~~~~~~~~~~~~~~~~~~~~~~~~~[0m

[39m[22m
[33m>[39m Changes detected. Rebuilding...
[32m√[39m Changes detected. Rebuilding...
Application bundle generation failed. [1.153 seconds] - 2026-08-02T18:38:29.898Z

[1m[33m[33m▲ [43;33m[[43;30mWARNING[43;33m][0m [1mNG8113: RouterLink is not used within the template of LandingPageComponent[0m [1m[35m[plugin angular-compiler][0m

    src/app/features/landing/landing-page.component.ts:22:4:
[37m      22 │     [32mRouterLink[37m,
         ╵     [32m~~~~~~~~~~[0m

[39m[22m
[1m[31m[31mX [41;31m[[41;97mERROR[41;31m][0m [1mNG2008: Could not find template file './site-header.component.html'.[0m [1m[35m[plugin angular-compiler][0m

    src/app/shared/components/site-header/site-header.component.ts:8:15:
[37m      8 │   templateUrl: [32m'./site-header.component.html'[37m,
        ╵                [32m~~~~~~~~~~~~~~~~~~~~~~~~~~~~~~[0m

[39m[22m
[33m>[39m Changes detected. Rebuilding...
[32m√[39m Changes detected. Rebuilding...
Application bundle generation failed. [1.632 seconds] - 2026-08-02T18:38:40.634Z

[1m[33m[33m▲ [43;33m[[43;30mWARNING[43;33m][0m [1mNG8113: RouterLink is not used within the template of LandingPageComponent[0m [1m[35m[plugin angular-compiler][0m

    src/app/features/landing/landing-page.component.ts:22:4:
[37m      22 │     [32mRouterLink[37m,
         ╵     [32m~~~~~~~~~~[0m


[33m▲ [43;33m[[43;30mWARNING[43;33m][0m [1mNG8113: SiteHeaderComponent is not used within the template of ResumePageComponent[0m [1m[35m[plugin angular-compiler][0m

    src/app/features/resume/resume-page.component.ts:8:50:
[37m      8 │ ...ports: [RouterLink, PortfolioFooterComponent, [32mSiteHeaderComponent[37m],
        ╵                                                  [32m~~~~~~~~~~~~~~~~~~~[0m

[39m[22m
[1m[31m[31mX [41;31m[[41;97mERROR[41;31m][0m [1mNG2008: Could not find template file './site-header.component.html'.[0m [1m[35m[plugin angular-compiler][0m

    src/app/shared/components/site-header/site-header.component.ts:8:15:
[37m      8 │   templateUrl: [32m'./site-header.component.html'[37m,
        ╵                [32m~~~~~~~~~~~~~~~~~~~~~~~~~~~~~~[0m

[39m[22m
[33m>[39m Changes detected. Rebuilding...
[32m√[39m Changes detected. Rebuilding...
[1mInitial chunk files[22m[2m | [22m[1mNames[22m        [2m | [22m [1mRaw size[22m
[32mmain.js[39m            [2m | [22m[2mmain[22m         [2m | [22m[36m577.86 kB[39m[2m | [22m
[32mstyles.css[39m         [2m | [22m[2mstyles[22m       [2m | [22m[36m903 bytes[39m[2m | [22m

[1m [22m                  [2m | [22m[1mInitial total[22m[2m | [22m[1m578.76 kB[22m

Application bundle generation complete. [1.302 seconds] - 2026-08-02T18:38:50.713Z

[1m[33m[33m▲ [43;33m[[43;30mWARNING[43;33m][0m [1mNG8113: RouterLink is not used within the template of LandingPageComponent[0m [1m[35m[plugin angular-compiler][0m

    src/app/features/landing/landing-page.component.ts:22:4:
[37m      22 │     [32mRouterLink[37m,
         ╵     [32m~~~~~~~~~~[0m


[33m▲ [43;33m[[43;30mWARNING[43;33m][0m [1mNG8113: RouterLink is not used within the template of ResumePageComponent[0m [1m[35m[plugin angular-compiler][0m

    src/app/features/resume/resume-page.component.ts:8:12:
[37m      8 │   imports: [[32mRouterLink[37m, PortfolioFooterComponent, SiteHeaderCompone...
        ╵             [32m~~~~~~~~~~[0m

[39m[22m
Page reload sent to client(s).
[33m>[39m Changes detected. Rebuilding...
[32m√[39m Changes detected. Rebuilding...
[1mInitial chunk files[22m[2m | [22m[1mNames[22m[2m | [22m [1mRaw size[22m
[32mmain.js[39m            [2m | [22m[2mmain[22m [2m | [22m[36m571.76 kB[39m[2m | [22m

Application bundle generation complete. [3.118 seconds] - 2026-08-02T18:39:08.001Z

[1m[33m[33m▲ [43;33m[[43;30mWARNING[43;33m][0m [1mNG8113: RouterLink is not used within the template of LandingPageComponent[0m [1m[35m[plugin angular-compiler][0m

    src/app/features/landing/landing-page.component.ts:22:4:
[37m      22 │     [32mRouterLink[37m,
         ╵     [32m~~~~~~~~~~[0m


[33m▲ [43;33m[[43;30mWARNING[43;33m][0m [1mNG8113: RouterLink is not used within the template of ResumePageComponent[0m [1m[35m[plugin angular-compiler][0m

    src/app/features/resume/resume-page.component.ts:8:12:
[37m      8 │   imports: [[32mRouterLink[37m, PortfolioFooterComponent, SiteHeaderCompone...
        ╵             [32m~~~~~~~~~~[0m

[39m[22m
Component update sent to client(s).
[33m>[39m Changes detected. Rebuilding...
[32m√[39m Changes detected. Rebuilding...
[1mInitial chunk files[22m[2m | [22m[1mNames[22m[2m | [22m [1mRaw size[22m
[32mmain.js[39m            [2m | [22m[2mmain[22m [2m | [22m[36m565.09 kB[39m[2m | [22m

Application bundle generation complete. [7.197 seconds] - 2026-08-02T18:39:36.876Z

[1m[33m[33m▲ [43;33m[[43;30mWARNING[43;33m][0m [1mNG8113: RouterLink is not used within the template of LandingPageComponent[0m [1m[35m[plugin angular-compiler][0m

    src/app/features/landing/landing-page.component.ts:22:4:
[37m      22 │     [32mRouterLink[37m,
         ╵     [32m~~~~~~~~~~[0m


[33m▲ [43;33m[[43;30mWARNING[43;33m][0m [1mNG8113: RouterLink is not used within the template of ResumePageComponent[0m [1m[35m[plugin angular-compiler][0m

    src/app/features/resume/resume-page.component.ts:8:12:
[37m      8 │   imports: [[32mRouterLink[37m, PortfolioFooterComponent, SiteHeaderCompone...
        ╵             [32m~~~~~~~~~~[0m

[39m[22m
Component update sent to client(s).
[33m>[39m Changes detected. Rebuilding...
[32m√[39m Changes detected. Rebuilding...
[1mInitial chunk files[22m[2m | [22m[1mNames[22m[2m | [22m [1mRaw size[22m
[32mmain.js[39m            [2m | [22m[2mmain[22m [2m | [22m[36m565.04 kB[39m[2m | [22m

Application bundle generation complete. [5.225 seconds] - 2026-08-02T18:41:39.912Z

[1m[33m[33m▲ [43;33m[[43;30mWARNING[43;33m][0m [1mNG8113: RouterLink is not used within the template of LandingPageComponent[0m [1m[35m[plugin angular-compiler][0m

    src/app/features/landing/landing-page.component.ts:22:4:
[37m      22 │     [32mRouterLink[37m,
         ╵     [32m~~~~~~~~~~[0m


[33m▲ [43;33m[[43;30mWARNING[43;33m][0m [1mNG8113: RouterLink is not used within the template of ResumePageComponent[0m [1m[35m[plugin angular-compiler][0m

    src/app/features/resume/resume-page.component.ts:8:12:
[37m      8 │   imports: [[32mRouterLink[37m, PortfolioFooterComponent, SiteHeaderCompone...
        ╵             [32m~~~~~~~~~~[0m

[39m[22m
Component update sent to client(s).
[33m>[39m Changes detected. Rebuilding...
[32m√[39m Changes detected. Rebuilding...
[1mInitial chunk files[22m[2m | [22m[1mNames[22m[2m | [22m [1mRaw size[22m
[32mmain.js[39m            [2m | [22m[2mmain[22m [2m | [22m[36m565.69 kB[39m[2m | [22m

Application bundle generation complete. [0.603 seconds] - 2026-08-02T18:41:56.095Z

[1m[33m[33m▲ [43;33m[[43;30mWARNING[43;33m][0m [1mNG8113: RouterLink is not used within the template of LandingPageComponent[0m [1m[35m[plugin angular-compiler][0m

    src/app/features/landing/landing-page.component.ts:22:4:
[37m      22 │     [32mRouterLink[37m,
         ╵     [32m~~~~~~~~~~[0m


[33m▲ [43;33m[[43;30mWARNING[43;33m][0m [1mNG8113: RouterLink is not used within the template of ResumePageComponent[0m [1m[35m[plugin angular-compiler][0m

    src/app/features/resume/resume-page.component.ts:8:12:
[37m      8 │   imports: [[32mRouterLink[37m, PortfolioFooterComponent, SiteHeaderCompone...
        ╵             [32m~~~~~~~~~~[0m

[39m[22m
Component update sent to client(s).
[33m>[39m Changes detected. Rebuilding...
[32m√[39m Changes detected. Rebuilding...
[1mInitial chunk files[22m[2m | [22m[1mNames[22m[2m | [22m [1mRaw size[22m
[32mmain.js[39m            [2m | [22m[2mmain[22m [2m | [22m[36m565.90 kB[39m[2m | [22m

Application bundle generation complete. [16.995 seconds] - 2026-08-02T18:48:22.704Z

[1m[33m[33m▲ [43;33m[[43;30mWARNING[43;33m][0m [1mNG8113: RouterLink is not used within the template of LandingPageComponent[0m [1m[35m[plugin angular-compiler][0m

    src/app/features/landing/landing-page.component.ts:22:4:
[37m      22 │     [32mRouterLink[37m,
         ╵     [32m~~~~~~~~~~[0m


[33m▲ [43;33m[[43;30mWARNING[43;33m][0m [1mNG8113: RouterLink is not used within the template of ResumePageComponent[0m [1m[35m[plugin angular-compiler][0m

    src/app/features/resume/resume-page.component.ts:8:12:
[37m      8 │   imports: [[32mRouterLink[37m, PortfolioFooterComponent, SiteHeaderCompone...
        ╵             [32m~~~~~~~~~~[0m

[39m[22m
Page reload sent to client(s).
[33m>[39m Changes detected. Rebuilding...
[32m√[39m Changes detected. Rebuilding...
[1mInitial chunk files[22m[2m | [22m[1mNames[22m        [2m | [22m [1mRaw size[22m
[32mmain.js[39m            [2m | [22m[2mmain[22m         [2m | [22m[36m565.90 kB[39m[2m | [22m
[32mstyles.css[39m         [2m | [22m[2mstyles[22m       [2m | [22m[36m903 bytes[39m[2m | [22m

[1m [22m                  [2m | [22m[1mInitial total[22m[2m | [22m[1m566.81 kB[22m

Application bundle generation complete. [0.036 seconds] - 2026-08-02T18:50:06.998Z

[1m[33m[33m▲ [43;33m[[43;30mWARNING[43;33m][0m [1mNG8113: RouterLink is not used within the template of LandingPageComponent[0m [1m[35m[plugin angular-compiler][0m

    src/app/features/landing/landing-page.component.ts:22:4:
[37m      22 │     [32mRouterLink[37m,
         ╵     [32m~~~~~~~~~~[0m


[33m▲ [43;33m[[43;30mWARNING[43;33m][0m [1mNG8113: RouterLink is not used within the template of ResumePageComponent[0m [1m[35m[plugin angular-compiler][0m

    src/app/features/resume/resume-page.component.ts:8:12:
[37m      8 │   imports: [[32mRouterLink[37m, PortfolioFooterComponent, SiteHeaderCompone...
        ╵             [32m~~~~~~~~~~[0m

[39m[22m
[33m>[39m Changes detected. Rebuilding...
[32m√[39m Changes detected. Rebuilding...
Application bundle generation failed. [5.495 seconds] - 2026-08-02T18:51:41.233Z

[1m[33m[33m▲ [43;33m[[43;30mWARNING[43;33m][0m [1mNG8113: RouterLink is not used within the template of LandingPageComponent[0m [1m[35m[plugin angular-compiler][0m

    src/app/features/landing/landing-page.component.ts:22:4:
[37m      22 │     [32mRouterLink[37m,
         ╵     [32m~~~~~~~~~~[0m


[33m▲ [43;33m[[43;30mWARNING[43;33m][0m [1mNG8113: RouterLink is not used within the template of ResumePageComponent[0m [1m[35m[plugin angular-compiler][0m

    src/app/features/resume/resume-page.component.ts:8:12:
[37m      8 │   imports: [[32mRouterLink[37m, PortfolioFooterComponent, SiteHeaderCompone...
        ╵             [32m~~~~~~~~~~[0m

[39m[22m
[1m[31m[31mX [41;31m[[41;97mERROR[41;31m][0m [1mNG5002: Unexpected closing block. The block may have been closed earlier. Did you forget to close the <div> element? If you meant to write the `}` character, you should use the "&#125;" HTML entity instead.[0m [1m[35m[plugin angular-compiler][0m

    src/app/features/home/projects-section/projects-section.component.html:51:18:
[37m      51 │                   [32m}[37m
         ╵                   [32m^[0m

  Error occurs in the template of component ProjectsSectionComponent.

    src/app/features/home/projects-section/projects-section.component.ts:19:15:
[37m      19 │   templateUrl: [32m'./projects-section.component.html'[37m,
         ╵                [32m~~~~~~~~~~~~~~~~~~~~~~~~~~~~~~~~~~~[0m


[31mX [41;31m[[41;97mERROR[41;31m][0m [1mNG5002: Unexpected closing block. The block may have been closed earlier. If you meant to write the `}` character, you should use the "&#125;" HTML entity instead.[0m [1m[35m[plugin angular-compiler][0m

    src/app/features/home/projects-section/projects-section.component.html:52:16:
[37m      52 │                 [32m}[37m
         ╵                 [32m^[0m

  Error occurs in the template of component ProjectsSectionComponent.

    src/app/features/home/projects-section/projects-section.component.ts:19:15:
[37m      19 │   templateUrl: [32m'./projects-section.component.html'[37m,
         ╵                [32m~~~~~~~~~~~~~~~~~~~~~~~~~~~~~~~~~~~[0m


[31mX [41;31m[[41;97mERROR[41;31m][0m [1mNG5002: Unexpected closing tag ":svg:svg". It may happen when the tag has already been closed by another tag. For more info see https://www.w3.org/TR/html5/syntax.html#closing-elements-that-have-implied-end-tags[0m [1m[35m[plugin angular-compiler][0m

    src/app/features/home/projects-section/projects-section.component.html:53:14:
[37m      53 │               [32m</svg>[37m
         ╵               [32m~~~~~~[0m

  Error occurs in the template of component ProjectsSectionComponent.

    src/app/features/home/projects-section/projects-section.component.ts:19:15:
[37m      19 │   templateUrl: [32m'./projects-section.component.html'[37m,
         ╵                [32m~~~~~~~~~~~~~~~~~~~~~~~~~~~~~~~~~~~[0m


[31mX [41;31m[[41;97mERROR[41;31m][0m [1mNG5002: Unexpected closing tag "article". It may happen when the tag has already been closed by another tag. For more info see https://www.w3.org/TR/html5/syntax.html#closing-elements-that-have-implied-end-tags[0m [1m[35m[plugin angular-compiler][0m

    src/app/features/home/projects-section/projects-section.component.html:104:8:
[37m      104 │         [32m</article>[37m
          ╵         [32m~~~~~~~~~~[0m

  Error occurs in the template of component ProjectsSectionComponent.

    src/app/features/home/projects-section/projects-section.component.ts:19:15:
[37m      19 │   templateUrl: [32m'./projects-section.component.html'[37m,
         ╵                [32m~~~~~~~~~~~~~~~~~~~~~~~~~~~~~~~~~~~[0m


[31mX [41;31m[[41;97mERROR[41;31m][0m [1mNG5002: Unexpected closing block. The block may have been closed earlier. If you meant to write the `}` character, you should use the "&#125;" HTML entity instead.[0m [1m[35m[plugin angular-compiler][0m

    src/app/features/home/projects-section/projects-section.component.html:105:6:
[37m      105 │       [32m}[37m
          ╵       [32m^[0m

  Error occurs in the template of component ProjectsSectionComponent.

    src/app/features/home/projects-section/projects-section.component.ts:19:15:
[37m      19 │   templateUrl: [32m'./projects-section.component.html'[37m,
         ╵                [32m~~~~~~~~~~~~~~~~~~~~~~~~~~~~~~~~~~~[0m


[31mX [41;31m[[41;97mERROR[41;31m][0m [1mNG5002: Unexpected closing tag "div". It may happen when the tag has already been closed by another tag. For more info see https://www.w3.org/TR/html5/syntax.html#closing-elements-that-have-implied-end-tags[0m [1m[35m[plugin angular-compiler][0m

    src/app/features/home/projects-section/projects-section.component.html:106:4:
[37m      106 │     [32m</div>[37m
          ╵     [32m~~~~~~[0m

  Error occurs in the template of component ProjectsSectionComponent.

    src/app/features/home/projects-section/projects-section.component.ts:19:15:
[37m      19 │   templateUrl: [32m'./projects-section.component.html'[37m,
         ╵                [32m~~~~~~~~~~~~~~~~~~~~~~~~~~~~~~~~~~~[0m


[31mX [41;31m[[41;97mERROR[41;31m][0m [1mNG5002: Unexpected closing tag "div". It may happen when the tag has already been closed by another tag. For more info see https://www.w3.org/TR/html5/syntax.html#closing-elements-that-have-implied-end-tags[0m [1m[35m[plugin angular-compiler][0m

    src/app/features/home/projects-section/projects-section.component.html:107:2:
[37m      107 │   [32m</div>[37m
          ╵   [32m~~~~~~[0m

  Error occurs in the template of component ProjectsSectionComponent.

    src/app/features/home/projects-section/projects-section.component.ts:19:15:
[37m      19 │   templateUrl: [32m'./projects-section.component.html'[37m,
         ╵                [32m~~~~~~~~~~~~~~~~~~~~~~~~~~~~~~~~~~~[0m

[39m[22m
[33m>[39m Changes detected. Rebuilding...
[32m√[39m Changes detected. Rebuilding...
[1mInitial chunk files[22m[2m | [22m[1mNames[22m        [2m | [22m [1mRaw size[22m
[32mmain.js[39m            [2m | [22m[2mmain[22m         [2m | [22m[36m554.95 kB[39m[2m | [22m
[32mstyles.css[39m         [2m | [22m[2mstyles[22m       [2m | [22m[36m903 bytes[39m[2m | [22m

[1m [22m                  [2m | [22m[1mInitial total[22m[2m | [22m[1m555.86 kB[22m

Application bundle generation complete. [3.702 seconds] - 2026-08-02T18:52:27.686Z

[1m[33m[33m▲ [43;33m[[43;30mWARNING[43;33m][0m [1mNG8113: RouterLink is not used within the template of LandingPageComponent[0m [1m[35m[plugin angular-compiler][0m

    src/app/features/landing/landing-page.component.ts:22:4:
[37m      22 │     [32mRouterLink[37m,
         ╵     [32m~~~~~~~~~~[0m


[33m▲ [43;33m[[43;30mWARNING[43;33m][0m [1mNG8113: RouterLink is not used within the template of ResumePageComponent[0m [1m[35m[plugin angular-compiler][0m

    src/app/features/resume/resume-page.component.ts:8:12:
[37m      8 │   imports: [[32mRouterLink[37m, PortfolioFooterComponent, SiteHeaderCompone...
        ╵             [32m~~~~~~~~~~[0m

[39m[22m
Page reload sent to client(s).
[33m>[39m Changes detected. Rebuilding...
[32m√[39m Changes detected. Rebuilding...
[1mInitial chunk files[22m[2m | [22m[1mNames[22m[2m | [22m [1mRaw size[22m
[32mmain.js[39m            [2m | [22m[2mmain[22m [2m | [22m[36m555.05 kB[39m[2m | [22m

Application bundle generation complete. [4.350 seconds] - 2026-08-02T18:53:13.193Z

[1m[33m[33m▲ [43;33m[[43;30mWARNING[43;33m][0m [1mNG8113: RouterLink is not used within the template of LandingPageComponent[0m [1m[35m[plugin angular-compiler][0m

    src/app/features/landing/landing-page.component.ts:22:4:
[37m      22 │     [32mRouterLink[37m,
         ╵     [32m~~~~~~~~~~[0m


[33m▲ [43;33m[[43;30mWARNING[43;33m][0m [1mNG8113: RouterLink is not used within the template of ResumePageComponent[0m [1m[35m[plugin angular-compiler][0m

    src/app/features/resume/resume-page.component.ts:8:12:
[37m      8 │   imports: [[32mRouterLink[37m, PortfolioFooterComponent, SiteHeaderCompone...
        ╵             [32m~~~~~~~~~~[0m

[39m[22m
Component update sent to client(s).
[33m>[39m Changes detected. Rebuilding...
[32m√[39m Changes detected. Rebuilding...
[1mInitial chunk files[22m[2m | [22m[1mNames[22m[2m | [22m [1mRaw size[22m
[32mmain.js[39m            [2m | [22m[2mmain[22m [2m | [22m[36m554.27 kB[39m[2m | [22m

Application bundle generation complete. [5.655 seconds] - 2026-08-02T18:54:24.424Z

[1m[33m[33m▲ [43;33m[[43;30mWARNING[43;33m][0m [1mNG8113: RouterLink is not used within the template of LandingPageComponent[0m [1m[35m[plugin angular-compiler][0m

    src/app/features/landing/landing-page.component.ts:22:4:
[37m      22 │     [32mRouterLink[37m,
         ╵     [32m~~~~~~~~~~[0m


[33m▲ [43;33m[[43;30mWARNING[43;33m][0m [1mNG8113: RouterLink is not used within the template of ResumePageComponent[0m [1m[35m[plugin angular-compiler][0m

    src/app/features/resume/resume-page.component.ts:8:12:
[37m      8 │   imports: [[32mRouterLink[37m, PortfolioFooterComponent, SiteHeaderCompone...
        ╵             [32m~~~~~~~~~~[0m

[39m[22m
Component update sent to client(s).
[33m>[39m Changes detected. Rebuilding...
[32m√[39m Changes detected. Rebuilding...
[1mInitial chunk files[22m[2m | [22m[1mNames[22m[2m | [22m [1mRaw size[22m
[32mmain.js[39m            [2m | [22m[2mmain[22m [2m | [22m[36m554.27 kB[39m[2m | [22m

Application bundle generation complete. [5.997 seconds] - 2026-08-02T18:58:57.434Z

[1m[33m[33m▲ [43;33m[[43;30mWARNING[43;33m][0m [1mNG8113: RouterLink is not used within the template of LandingPageComponent[0m [1m[35m[plugin angular-compiler][0m

    src/app/features/landing/landing-page.component.ts:22:4:
[37m      22 │     [32mRouterLink[37m,
         ╵     [32m~~~~~~~~~~[0m


[33m▲ [43;33m[[43;30mWARNING[43;33m][0m [1mNG8113: RouterLink is not used within the template of ResumePageComponent[0m [1m[35m[plugin angular-compiler][0m

    src/app/features/resume/resume-page.component.ts:8:12:
[37m      8 │   imports: [[32mRouterLink[37m, PortfolioFooterComponent, SiteHeaderCompone...
        ╵             [32m~~~~~~~~~~[0m

[39m[22m
Component update sent to client(s).
[33m>[39m Changes detected. Rebuilding...
[32m√[39m Changes detected. Rebuilding...
[1mInitial chunk files[22m[2m | [22m[1mNames[22m[2m | [22m [1mRaw size[22m
[32mmain.js[39m            [2m | [22m[2mmain[22m [2m | [22m[36m554.38 kB[39m[2m | [22m

Application bundle generation complete. [1.550 seconds] - 2026-08-02T18:59:38.455Z

[1m[33m[33m▲ [43;33m[[43;30mWARNING[43;33m][0m [1mNG8113: RouterLink is not used within the template of LandingPageComponent[0m [1m[35m[plugin angular-compiler][0m

    src/app/features/landing/landing-page.component.ts:22:4:
[37m      22 │     [32mRouterLink[37m,
         ╵     [32m~~~~~~~~~~[0m


[33m▲ [43;33m[[43;30mWARNING[43;33m][0m [1mNG8113: RouterLink is not used within the template of ResumePageComponent[0m [1m[35m[plugin angular-compiler][0m

    src/app/features/resume/resume-page.component.ts:8:12:
[37m      8 │   imports: [[32mRouterLink[37m, PortfolioFooterComponent, SiteHeaderCompone...
        ╵             [32m~~~~~~~~~~[0m

[39m[22m
Page reload sent to client(s).
[33m>[39m Changes detected. Rebuilding...
[32m√[39m Changes detected. Rebuilding...
[1mInitial chunk files[22m[2m | [22m[1mNames[22m[2m | [22m [1mRaw size[22m
[32mmain.js[39m            [2m | [22m[2mmain[22m [2m | [22m[36m554.37 kB[39m[2m | [22m

Application bundle generation complete. [7.874 seconds] - 2026-08-02T19:03:33.604Z

[1m[33m[33m▲ [43;33m[[43;30mWARNING[43;33m][0m [1mNG8113: RouterLink is not used within the template of LandingPageComponent[0m [1m[35m[plugin angular-compiler][0m

    src/app/features/landing/landing-page.component.ts:22:4:
[37m      22 │     [32mRouterLink[37m,
         ╵     [32m~~~~~~~~~~[0m


[33m▲ [43;33m[[43;30mWARNING[43;33m][0m [1mNG8113: RouterLink is not used within the template of ResumePageComponent[0m [1m[35m[plugin angular-compiler][0m

    src/app/features/resume/resume-page.component.ts:8:12:
[37m      8 │   imports: [[32mRouterLink[37m, PortfolioFooterComponent, SiteHeaderCompone...
        ╵             [32m~~~~~~~~~~[0m

[39m[22m
Component update sent to client(s).
[33m>[39m Changes detected. Rebuilding...
[32m√[39m Changes detected. Rebuilding...
[1mInitial chunk files[22m[2m | [22m[1mNames[22m[2m | [22m [1mRaw size[22m
[32mmain.js[39m            [2m | [22m[2mmain[22m [2m | [22m[36m554.40 kB[39m[2m | [22m

Application bundle generation complete. [4.164 seconds] - 2026-08-02T19:04:04.129Z

[1m[33m[33m▲ [43;33m[[43;30mWARNING[43;33m][0m [1mNG8113: RouterLink is not used within the template of LandingPageComponent[0m [1m[35m[plugin angular-compiler][0m

    src/app/features/landing/landing-page.component.ts:22:4:
[37m      22 │     [32mRouterLink[37m,
         ╵     [32m~~~~~~~~~~[0m


[33m▲ [43;33m[[43;30mWARNING[43;33m][0m [1mNG8113: RouterLink is not used within the template of ResumePageComponent[0m [1m[35m[plugin angular-compiler][0m

    src/app/features/resume/resume-page.component.ts:8:12:
[37m      8 │   imports: [[32mRouterLink[37m, PortfolioFooterComponent, SiteHeaderCompone...
        ╵             [32m~~~~~~~~~~[0m

[39m[22m
Component update sent to client(s).
[33m>[39m Changes detected. Rebuilding...
[32m√[39m Changes detected. Rebuilding...
[1mInitial chunk files[22m[2m | [22m[1mNames[22m[2m | [22m [1mRaw size[22m
[32mmain.js[39m            [2m | [22m[2mmain[22m [2m | [22m[36m554.47 kB[39m[2m | [22m

Application bundle generation complete. [10.424 seconds] - 2026-08-02T19:08:19.503Z

[1m[33m[33m▲ [43;33m[[43;30mWARNING[43;33m][0m [1mNG8113: RouterLink is not used within the template of LandingPageComponent[0m [1m[35m[plugin angular-compiler][0m

    src/app/features/landing/landing-page.component.ts:22:4:
[37m      22 │     [32mRouterLink[37m,
         ╵     [32m~~~~~~~~~~[0m


[33m▲ [43;33m[[43;30mWARNING[43;33m][0m [1mNG8113: RouterLink is not used within the template of ResumePageComponent[0m [1m[35m[plugin angular-compiler][0m

    src/app/features/resume/resume-page.component.ts:8:12:
[37m      8 │   imports: [[32mRouterLink[37m, PortfolioFooterComponent, SiteHeaderCompone...
        ╵             [32m~~~~~~~~~~[0m

[39m[22m
Component update sent to client(s).
[33m>[39m Changes detected. Rebuilding...
[32m√[39m Changes detected. Rebuilding...
Application bundle generation failed. [11.647 seconds] - 2026-08-02T19:11:22.734Z

[1m[33m[33m▲ [43;33m[[43;30mWARNING[43;33m][0m [1mNG8113: RouterLink is not used within the template of LandingPageComponent[0m [1m[35m[plugin angular-compiler][0m

    src/app/features/landing/landing-page.component.ts:22:4:
[37m      22 │     [32mRouterLink[37m,
         ╵     [32m~~~~~~~~~~[0m


[33m▲ [43;33m[[43;30mWARNING[43;33m][0m [1mNG8113: RouterLink is not used within the template of ResumePageComponent[0m [1m[35m[plugin angular-compiler][0m

    src/app/features/resume/resume-page.component.ts:8:12:
[37m      8 │   imports: [[32mRouterLink[37m, PortfolioFooterComponent, SiteHeaderCompone...
        ╵             [32m~~~~~~~~~~[0m

[39m[22m
[1m[31m[31mX [41;31m[[41;97mERROR[41;31m][0m [1mTS1128: Declaration or statement expected.[0m [1m[35m[plugin angular-compiler][0m

    src/app/features/home/projects-section/projects-section.component.ts:146:0:
[37m      146 │ [32m}[37m
          ╵ [32m^[0m

[39m[22m
[33m>[39m Changes detected. Rebuilding...
[32m√[39m Changes detected. Rebuilding...
[1mInitial chunk files[22m[2m | [22m[1mNames[22m        [2m | [22m [1mRaw size[22m
[32mmain.js[39m            [2m | [22m[2mmain[22m         [2m | [22m[36m554.13 kB[39m[2m | [22m
[32mstyles.css[39m         [2m | [22m[2mstyles[22m       [2m | [22m[36m903 bytes[39m[2m | [22m

[1m [22m                  [2m | [22m[1mInitial total[22m[2m | [22m[1m555.03 kB[22m

Application bundle generation complete. [2.063 seconds] - 2026-08-02T19:11:38.308Z

[1m[33m[33m▲ [43;33m[[43;30mWARNING[43;33m][0m [1mNG8113: RouterLink is not used within the template of LandingPageComponent[0m [1m[35m[plugin angular-compiler][0m

    src/app/features/landing/landing-page.component.ts:22:4:
[37m      22 │     [32mRouterLink[37m,
         ╵     [32m~~~~~~~~~~[0m


[33m▲ [43;33m[[43;30mWARNING[43;33m][0m [1mNG8113: RouterLink is not used within the template of ResumePageComponent[0m [1m[35m[plugin angular-compiler][0m

    src/app/features/resume/resume-page.component.ts:8:12:
[37m      8 │   imports: [[32mRouterLink[37m, PortfolioFooterComponent, SiteHeaderCompone...
        ╵             [32m~~~~~~~~~~[0m

[39m[22m
Page reload sent to client(s).
[33m>[39m Changes detected. Rebuilding...
[32m√[39m Changes detected. Rebuilding...
[1mInitial chunk files[22m[2m | [22m[1mNames[22m[2m | [22m [1mRaw size[22m
[32mmain.js[39m            [2m | [22m[2mmain[22m [2m | [22m[36m554.14 kB[39m[2m | [22m

Application bundle generation complete. [3.671 seconds] - 2026-08-02T19:14:17.340Z

[1m[33m[33m▲ [43;33m[[43;30mWARNING[43;33m][0m [1mNG8113: RouterLink is not used within the template of LandingPageComponent[0m [1m[35m[plugin angular-compiler][0m

    src/app/features/landing/landing-page.component.ts:22:4:
[37m      22 │     [32mRouterLink[37m,
         ╵     [32m~~~~~~~~~~[0m


[33m▲ [43;33m[[43;30mWARNING[43;33m][0m [1mNG8113: RouterLink is not used within the template of ResumePageComponent[0m [1m[35m[plugin angular-compiler][0m

    src/app/features/resume/resume-page.component.ts:8:12:
[37m      8 │   imports: [[32mRouterLink[37m, PortfolioFooterComponent, SiteHeaderCompone...
        ╵             [32m~~~~~~~~~~[0m

[39m[22m
Page reload sent to client(s).
[33m>[39m Changes detected. Rebuilding...
[32m√[39m Changes detected. Rebuilding...
[1mInitial chunk files[22m[2m | [22m[1mNames[22m[2m | [22m [1mRaw size[22m
[32mmain.js[39m            [2m | [22m[2mmain[22m [2m | [22m[36m554.20 kB[39m[2m | [22m

Application bundle generation complete. [7.977 seconds] - 2026-08-02T19:14:56.588Z

[1m[33m[33m▲ [43;33m[[43;30mWARNING[43;33m][0m [1mNG8113: RouterLink is not used within the template of LandingPageComponent[0m [1m[35m[plugin angular-compiler][0m

    src/app/features/landing/landing-page.component.ts:22:4:
[37m      22 │     [32mRouterLink[37m,
         ╵     [32m~~~~~~~~~~[0m


[33m▲ [43;33m[[43;30mWARNING[43;33m][0m [1mNG8113: RouterLink is not used within the template of ResumePageComponent[0m [1m[35m[plugin angular-compiler][0m

    src/app/features/resume/resume-page.component.ts:8:12:
[37m      8 │   imports: [[32mRouterLink[37m, PortfolioFooterComponent, SiteHeaderCompone...
        ╵             [32m~~~~~~~~~~[0m

[39m[22m
Component update sent to client(s).
[33m>[39m Changes detected. Rebuilding...
[32m√[39m Changes detected. Rebuilding...
[1mInitial chunk files[22m[2m | [22m[1mNames[22m[2m | [22m [1mRaw size[22m
[32mmain.js[39m            [2m | [22m[2mmain[22m [2m | [22m[36m554.20 kB[39m[2m | [22m

Application bundle generation complete. [5.001 seconds] - 2026-08-02T19:15:58.233Z

[1m[33m[33m▲ [43;33m[[43;30mWARNING[43;33m][0m [1mNG8113: RouterLink is not used within the template of LandingPageComponent[0m [1m[35m[plugin angular-compiler][0m

    src/app/features/landing/landing-page.component.ts:22:4:
[37m      22 │     [32mRouterLink[37m,
         ╵     [32m~~~~~~~~~~[0m


[33m▲ [43;33m[[43;30mWARNING[43;33m][0m [1mNG8113: RouterLink is not used within the template of ResumePageComponent[0m [1m[35m[plugin angular-compiler][0m

    src/app/features/resume/resume-page.component.ts:8:12:
[37m      8 │   imports: [[32mRouterLink[37m, PortfolioFooterComponent, SiteHeaderCompone...
        ╵             [32m~~~~~~~~~~[0m

[39m[22m
Page reload sent to client(s).
[33m>[39m Changes detected. Rebuilding...
[32m√[39m Changes detected. Rebuilding...
[1mInitial chunk files[22m[2m | [22m[1mNames[22m[2m | [22m [1mRaw size[22m
[32mmain.js[39m            [2m | [22m[2mmain[22m [2m | [22m[36m554.19 kB[39m[2m | [22m

Application bundle generation complete. [6.679 seconds] - 2026-08-02T19:18:31.451Z

[1m[33m[33m▲ [43;33m[[43;30mWARNING[43;33m][0m [1mNG8113: RouterLink is not used within the template of LandingPageComponent[0m [1m[35m[plugin angular-compiler][0m

    src/app/features/landing/landing-page.component.ts:22:4:
[37m      22 │     [32mRouterLink[37m,
         ╵     [32m~~~~~~~~~~[0m


[33m▲ [43;33m[[43;30mWARNING[43;33m][0m [1mNG8113: RouterLink is not used within the template of ResumePageComponent[0m [1m[35m[plugin angular-compiler][0m

    src/app/features/resume/resume-page.component.ts:8:12:
[37m      8 │   imports: [[32mRouterLink[37m, PortfolioFooterComponent, SiteHeaderCompone...
        ╵             [32m~~~~~~~~~~[0m

[39m[22m
Page reload sent to client(s).
[33m>[39m Changes detected. Rebuilding...
[32m√[39m Changes detected. Rebuilding...
[1mInitial chunk files[22m[2m | [22m[1mNames[22m[2m | [22m [1mRaw size[22m
[32mmain.js[39m            [2m | [22m[2mmain[22m [2m | [22m[36m554.45 kB[39m[2m | [22m

Application bundle generation complete. [2.755 seconds] - 2026-08-02T19:18:45.927Z

[1m[33m[33m▲ [43;33m[[43;30mWARNING[43;33m][0m [1mNG8113: RouterLink is not used within the template of LandingPageComponent[0m [1m[35m[plugin angular-compiler][0m

    src/app/features/landing/landing-page.component.ts:22:4:
[37m      22 │     [32mRouterLink[37m,
         ╵     [32m~~~~~~~~~~[0m


[33m▲ [43;33m[[43;30mWARNING[43;33m][0m [1mNG8113: RouterLink is not used within the template of ResumePageComponent[0m [1m[35m[plugin angular-compiler][0m

    src/app/features/resume/resume-page.component.ts:8:12:
[37m      8 │   imports: [[32mRouterLink[37m, PortfolioFooterComponent, SiteHeaderCompone...
        ╵             [32m~~~~~~~~~~[0m

[39m[22m
Page reload sent to client(s).
[33m>[39m Changes detected. Rebuilding...
[32m√[39m Changes detected. Rebuilding...
[1mInitial chunk files[22m[2m | [22m[1mNames[22m[2m | [22m [1mRaw size[22m
[32mmain.js[39m            [2m | [22m[2mmain[22m [2m | [22m[36m554.52 kB[39m[2m | [22m

Application bundle generation complete. [2.152 seconds] - 2026-08-02T19:19:06.690Z

[1m[33m[33m▲ [43;33m[[43;30mWARNING[43;33m][0m [1mNG8113: RouterLink is not used within the template of LandingPageComponent[0m [1m[35m[plugin angular-compiler][0m

    src/app/features/landing/landing-page.component.ts:22:4:
[37m      22 │     [32mRouterLink[37m,
         ╵     [32m~~~~~~~~~~[0m


[33m▲ [43;33m[[43;30mWARNING[43;33m][0m [1mNG8113: RouterLink is not used within the template of ResumePageComponent[0m [1m[35m[plugin angular-compiler][0m

    src/app/features/resume/resume-page.component.ts:8:12:
[37m      8 │   imports: [[32mRouterLink[37m, PortfolioFooterComponent, SiteHeaderCompone...
        ╵             [32m~~~~~~~~~~[0m

[39m[22m
Page reload sent to client(s).
[33m>[39m Changes detected. Rebuilding...
[32m√[39m Changes detected. Rebuilding...
[1mInitial chunk files[22m[2m | [22m[1mNames[22m[2m | [22m [1mRaw size[22m
[32mmain.js[39m            [2m | [22m[2mmain[22m [2m | [22m[36m554.65 kB[39m[2m | [22m

Application bundle generation complete. [1.077 seconds] - 2026-08-02T19:19:24.594Z

[1m[33m[33m▲ [43;33m[[43;30mWARNING[43;33m][0m [1mNG8113: RouterLink is not used within the template of LandingPageComponent[0m [1m[35m[plugin angular-compiler][0m

    src/app/features/landing/landing-page.component.ts:22:4:
[37m      22 │     [32mRouterLink[37m,
         ╵     [32m~~~~~~~~~~[0m


[33m▲ [43;33m[[43;30mWARNING[43;33m][0m [1mNG8113: RouterLink is not used within the template of ResumePageComponent[0m [1m[35m[plugin angular-compiler][0m

    src/app/features/resume/resume-page.component.ts:8:12:
[37m      8 │   imports: [[32mRouterLink[37m, PortfolioFooterComponent, SiteHeaderCompone...
        ╵             [32m~~~~~~~~~~[0m

[39m[22m
Page reload sent to client(s).
[33m>[39m Changes detected. Rebuilding...
[32m√[39m Changes detected. Rebuilding...
[1mInitial chunk files[22m[2m | [22m[1mNames[22m[2m | [22m [1mRaw size[22m
[32mmain.js[39m            [2m | [22m[2mmain[22m [2m | [22m[36m554.62 kB[39m[2m | [22m

Application bundle generation complete. [12.293 seconds] - 2026-08-02T19:20:39.530Z

[1m[33m[33m▲ [43;33m[[43;30mWARNING[43;33m][0m [1mNG8113: RouterLink is not used within the template of LandingPageComponent[0m [1m[35m[plugin angular-compiler][0m

    src/app/features/landing/landing-page.component.ts:22:4:
[37m      22 │     [32mRouterLink[37m,
         ╵     [32m~~~~~~~~~~[0m


[33m▲ [43;33m[[43;30mWARNING[43;33m][0m [1mNG8113: RouterLink is not used within the template of ResumePageComponent[0m [1m[35m[plugin angular-compiler][0m

    src/app/features/resume/resume-page.component.ts:8:12:
[37m      8 │   imports: [[32mRouterLink[37m, PortfolioFooterComponent, SiteHeaderCompone...
        ╵             [32m~~~~~~~~~~[0m

[39m[22m
Page reload sent to client(s).
[33m>[39m Changes detected. Rebuilding...
[32m√[39m Changes detected. Rebuilding...
[1mInitial chunk files[22m[2m | [22m[1mNames[22m[2m | [22m [1mRaw size[22m
[32mmain.js[39m            [2m | [22m[2mmain[22m [2m | [22m[36m556.25 kB[39m[2m | [22m

Application bundle generation complete. [5.068 seconds] - 2026-08-02T19:22:56.607Z

[1m[33m[33m▲ [43;33m[[43;30mWARNING[43;33m][0m [1mNG8113: RouterLink is not used within the template of LandingPageComponent[0m [1m[35m[plugin angular-compiler][0m

    src/app/features/landing/landing-page.component.ts:22:4:
[37m      22 │     [32mRouterLink[37m,
         ╵     [32m~~~~~~~~~~[0m


[33m▲ [43;33m[[43;30mWARNING[43;33m][0m [1mNG8113: RouterLink is not used within the template of ResumePageComponent[0m [1m[35m[plugin angular-compiler][0m

    src/app/features/resume/resume-page.component.ts:8:12:
[37m      8 │   imports: [[32mRouterLink[37m, PortfolioFooterComponent, SiteHeaderCompone...
        ╵             [32m~~~~~~~~~~[0m

[39m[22m
Component update sent to client(s).
[33m>[39m Changes detected. Rebuilding...
[32m√[39m Changes detected. Rebuilding...
[1mInitial chunk files[22m[2m | [22m[1mNames[22m[2m | [22m [1mRaw size[22m
[32mmain.js[39m            [2m | [22m[2mmain[22m [2m | [22m[36m558.54 kB[39m[2m | [22m

Application bundle generation complete. [1.492 seconds] - 2026-08-02T19:23:21.213Z

[1m[33m[33m▲ [43;33m[[43;30mWARNING[43;33m][0m [1mNG8113: RouterLink is not used within the template of LandingPageComponent[0m [1m[35m[plugin angular-compiler][0m

    src/app/features/landing/landing-page.component.ts:22:4:
[37m      22 │     [32mRouterLink[37m,
         ╵     [32m~~~~~~~~~~[0m


[33m▲ [43;33m[[43;30mWARNING[43;33m][0m [1mNG8113: RouterLink is not used within the template of ResumePageComponent[0m [1m[35m[plugin angular-compiler][0m

    src/app/features/resume/resume-page.component.ts:8:12:
[37m      8 │   imports: [[32mRouterLink[37m, PortfolioFooterComponent, SiteHeaderCompone...
        ╵             [32m~~~~~~~~~~[0m

[39m[22m
Component update sent to client(s).
[33m>[39m Changes detected. Rebuilding...
[32m√[39m Changes detected. Rebuilding...
[1mInitial chunk files[22m[2m | [22m[1mNames[22m[2m | [22m [1mRaw size[22m
[32mmain.js[39m            [2m | [22m[2mmain[22m [2m | [22m[36m547.23 kB[39m[2m | [22m

Application bundle generation complete. [4.117 seconds] - 2026-08-02T19:26:47.112Z

[1m[33m[33m▲ [43;33m[[43;30mWARNING[43;33m][0m [1mNG8113: RouterLink is not used within the template of LandingPageComponent[0m [1m[35m[plugin angular-compiler][0m

    src/app/features/landing/landing-page.component.ts:22:4:
[37m      22 │     [32mRouterLink[37m,
         ╵     [32m~~~~~~~~~~[0m


[33m▲ [43;33m[[43;30mWARNING[43;33m][0m [1mNG8113: RouterLink is not used within the template of ResumePageComponent[0m [1m[35m[plugin angular-compiler][0m

    src/app/features/resume/resume-page.component.ts:8:12:
[37m      8 │   imports: [[32mRouterLink[37m, PortfolioFooterComponent, SiteHeaderCompone...
        ╵             [32m~~~~~~~~~~[0m

[39m[22m
Component update sent to client(s).
[33m>[39m Changes detected. Rebuilding...
[32m√[39m Changes detected. Rebuilding...
Application bundle generation failed. [11.686 seconds] - 2026-08-02T19:27:44.734Z

[1m[33m[33m▲ [43;33m[[43;30mWARNING[43;33m][0m [1mNG8113: RouterLink is not used within the template of LandingPageComponent[0m [1m[35m[plugin angular-compiler][0m

    src/app/features/landing/landing-page.component.ts:22:4:
[37m      22 │     [32mRouterLink[37m,
         ╵     [32m~~~~~~~~~~[0m


[33m▲ [43;33m[[43;30mWARNING[43;33m][0m [1mNG8113: RouterLink is not used within the template of ResumePageComponent[0m [1m[35m[plugin angular-compiler][0m

    src/app/features/resume/resume-page.component.ts:8:12:
[37m      8 │   imports: [[32mRouterLink[37m, PortfolioFooterComponent, SiteHeaderCompone...
        ╵             [32m~~~~~~~~~~[0m

[39m[22m
[1m[31m[31mX [41;31m[[41;97mERROR[41;31m][0m [1mNG8004: No pipe found with name 'uppercase'.
To fix this, import the "UpperCasePipe" class from "@angular/common" and add it to the "imports" array of the component.[0m [1m[35m[plugin angular-compiler][0m

    src/app/features/resume/resume-page.component.html:83:57:
[37m      83 │ ... <div class="arsenal-label">{{ category.label | [32muppercase[37m }}</div>
         ╵                                                    [32m~~~~~~~~~[0m

  Error occurs in the template of component ResumePageComponent.

    src/app/features/resume/resume-page.component.ts:9:15:
[37m      9 │   templateUrl: [32m'./resume-page.component.html'[37m,
        ╵                [32m~~~~~~~~~~~~~~~~~~~~~~~~~~~~~~[0m

[39m[22m
[33m>[39m Changes detected. Rebuilding...
[32m√[39m Changes detected. Rebuilding...
Application bundle generation failed. [6.130 seconds] - 2026-08-02T19:28:10.524Z

[1m[33m[33m▲ [43;33m[[43;30mWARNING[43;33m][0m [1mNG8113: RouterLink is not used within the template of LandingPageComponent[0m [1m[35m[plugin angular-compiler][0m

    src/app/features/landing/landing-page.component.ts:22:4:
[37m      22 │     [32mRouterLink[37m,
         ╵     [32m~~~~~~~~~~[0m


[33m▲ [43;33m[[43;30mWARNING[43;33m][0m [1mNG8113: RouterLink is not used within the template of ResumePageComponent[0m [1m[35m[plugin angular-compiler][0m

    src/app/features/resume/resume-page.component.ts:8:12:
[37m      8 │   imports: [[32mRouterLink[37m, PortfolioFooterComponent, SiteHeaderCompone...
        ╵             [32m~~~~~~~~~~[0m

[39m[22m
[1m[31m[31mX [41;31m[[41;97mERROR[41;31m][0m [1mNG8004: No pipe found with name 'uppercase'.
To fix this, import the "UpperCasePipe" class from "@angular/common" and add it to the "imports" array of the component.[0m [1m[35m[plugin angular-compiler][0m

    src/app/features/resume/resume-page.component.html:83:57:
[37m      83 │ ... <div class="arsenal-label">{{ category.label | [32muppercase[37m }}</div>
         ╵                                                    [32m~~~~~~~~~[0m

  Error occurs in the template of component ResumePageComponent.

    src/app/features/resume/resume-page.component.ts:9:15:
[37m      9 │   templateUrl: [32m'./resume-page.component.html'[37m,
        ╵                [32m~~~~~~~~~~~~~~~~~~~~~~~~~~~~~~[0m

[39m[22m
[33m>[39m Changes detected. Rebuilding...
[32m√[39m Changes detected. Rebuilding...
Application bundle generation failed. [9.584 seconds] - 2026-08-02T19:28:43.431Z

[1m[33m[33m▲ [43;33m[[43;30mWARNING[43;33m][0m [1mNG8113: RouterLink is not used within the template of LandingPageComponent[0m [1m[35m[plugin angular-compiler][0m

    src/app/features/landing/landing-page.component.ts:22:4:
[37m      22 │     [32mRouterLink[37m,
         ╵     [32m~~~~~~~~~~[0m


[33m▲ [43;33m[[43;30mWARNING[43;33m][0m [1mNG8113: RouterLink is not used within the template of ResumePageComponent[0m [1m[35m[plugin angular-compiler][0m

    src/app/features/resume/resume-page.component.ts:8:12:
[37m      8 │   imports: [[32mRouterLink[37m, PortfolioFooterComponent, SiteHeaderCompone...
        ╵             [32m~~~~~~~~~~[0m

[39m[22m
[1m[31m[31mX [41;31m[[41;97mERROR[41;31m][0m [1mNG8004: No pipe found with name 'uppercase'.
To fix this, import the "UpperCasePipe" class from "@angular/common" and add it to the "imports" array of the component.[0m [1m[35m[plugin angular-compiler][0m

    src/app/features/resume/resume-page.component.html:83:57:
[37m      83 │ ... <div class="arsenal-label">{{ category.label | [32muppercase[37m }}</div>
         ╵                                                    [32m~~~~~~~~~[0m

  Error occurs in the template of component ResumePageComponent.

    src/app/features/resume/resume-page.component.ts:9:15:
[37m      9 │   templateUrl: [32m'./resume-page.component.html'[37m,
        ╵                [32m~~~~~~~~~~~~~~~~~~~~~~~~~~~~~~[0m

[39m[22m
[33m>[39m Changes detected. Rebuilding...
[32m√[39m Changes detected. Rebuilding...
Application bundle generation failed. [6.200 seconds] - 2026-08-02T19:29:06.222Z

[1m[33m[33m▲ [43;33m[[43;30mWARNING[43;33m][0m [1mNG8113: RouterLink is not used within the template of LandingPageComponent[0m [1m[35m[plugin angular-compiler][0m

    src/app/features/landing/landing-page.component.ts:22:4:
[37m      22 │     [32mRouterLink[37m,
         ╵     [32m~~~~~~~~~~[0m


[33m▲ [43;33m[[43;30mWARNING[43;33m][0m [1mNG8113: RouterLink is not used within the template of ResumePageComponent[0m [1m[35m[plugin angular-compiler][0m

    src/app/features/resume/resume-page.component.ts:8:12:
[37m      8 │   imports: [[32mRouterLink[37m, PortfolioFooterComponent, SiteHeaderCompone...
        ╵             [32m~~~~~~~~~~[0m

[39m[22m
[1m[31m[31mX [41;31m[[41;97mERROR[41;31m][0m [1mNG8004: No pipe found with name 'uppercase'.
To fix this, import the "UpperCasePipe" class from "@angular/common" and add it to the "imports" array of the component.[0m [1m[35m[plugin angular-compiler][0m

    src/app/features/resume/resume-page.component.html:83:57:
[37m      83 │ ... <div class="arsenal-label">{{ category.label | [32muppercase[37m }}</div>
         ╵                                                    [32m~~~~~~~~~[0m

  Error occurs in the template of component ResumePageComponent.

    src/app/features/resume/resume-page.component.ts:9:15:
[37m      9 │   templateUrl: [32m'./resume-page.component.html'[37m,
        ╵                [32m~~~~~~~~~~~~~~~~~~~~~~~~~~~~~~[0m

[39m[22m
[33m>[39m Changes detected. Rebuilding...
[32m√[39m Changes detected. Rebuilding...
Application bundle generation failed. [13.325 seconds] - 2026-08-02T19:30:42.132Z

[1m[33m[33m▲ [43;33m[[43;30mWARNING[43;33m][0m [1mNG8113: RouterLink is not used within the template of ResumePageComponent[0m [1m[35m[plugin angular-compiler][0m

    src/app/features/resume/resume-page.component.ts:8:12:
[37m      8 │   imports: [[32mRouterLink[37m, PortfolioFooterComponent, SiteHeaderCompone...
        ╵             [32m~~~~~~~~~~[0m

[39m[22m
[1m[31m[31mX [41;31m[[41;97mERROR[41;31m][0m [1mNG8004: No pipe found with name 'uppercase'.
To fix this, import the "UpperCasePipe" class from "@angular/common" and add it to the "imports" array of the component.[0m [1m[35m[plugin angular-compiler][0m

    src/app/features/resume/resume-page.component.html:83:57:
[37m      83 │ ... <div class="arsenal-label">{{ category.label | [32muppercase[37m }}</div>
         ╵                                                    [32m~~~~~~~~~[0m

  Error occurs in the template of component ResumePageComponent.

    src/app/features/resume/resume-page.component.ts:9:15:
[37m      9 │   templateUrl: [32m'./resume-page.component.html'[37m,
        ╵                [32m~~~~~~~~~~~~~~~~~~~~~~~~~~~~~~[0m

[39m[22m
[33m>[39m Changes detected. Rebuilding...
[32m√[39m Changes detected. Rebuilding...
[1mInitial chunk files[22m[2m | [22m[1mNames[22m        [2m | [22m [1mRaw size[22m
[32mmain.js[39m            [2m | [22m[2mmain[22m         [2m | [22m[36m526.62 kB[39m[2m | [22m
[32mstyles.css[39m         [2m | [22m[2mstyles[22m       [2m | [22m[36m903 bytes[39m[2m | [22m

[1m [22m                  [2m | [22m[1mInitial total[22m[2m | [22m[1m527.52 kB[22m

Application bundle generation complete. [18.217 seconds] - 2026-08-02T19:31:21.934Z

Page reload sent to client(s).
[33m>[39m Changes detected. Rebuilding...
[32m√[39m Changes detected. Rebuilding...
[1mInitial chunk files[22m[2m | [22m[1mNames[22m[2m | [22m [1mRaw size[22m
[32mmain.js[39m            [2m | [22m[2mmain[22m [2m | [22m[36m528.09 kB[39m[2m | [22m

Application bundle generation complete. [7.894 seconds] - 2026-08-02T19:33:41.959Z

Component update sent to client(s).
[33m>[39m Changes detected. Rebuilding...
[32m√[39m Changes detected. Rebuilding...
[1mInitial chunk files[22m[2m | [22m[1mNames[22m[2m | [22m [1mRaw size[22m
[32mmain.js[39m            [2m | [22m[2mmain[22m [2m | [22m[36m537.34 kB[39m[2m | [22m

Application bundle generation complete. [1.380 seconds] - 2026-08-02T19:34:43.466Z

Component update sent to client(s).
[33m>[39m Changes detected. Rebuilding...
[32m√[39m Changes detected. Rebuilding...
[1mInitial chunk files[22m[2m | [22m[1mNames[22m        [2m | [22m [1mRaw size[22m
[32mmain.js[39m            [2m | [22m[2mmain[22m         [2m | [22m[36m537.34 kB[39m[2m | [22m
[32mstyles.css[39m         [2m | [22m[2mstyles[22m       [2m | [22m[36m903 bytes[39m[2m | [22m

[1m [22m                  [2m | [22m[1mInitial total[22m[2m | [22m[1m538.25 kB[22m

Application bundle generation complete. [1.335 seconds] - 2026-08-02T19:35:16.519Z

Component update sent to client(s).
[33m>[39m Changes detected. Rebuilding...
[32m√[39m Changes detected. Rebuilding...
[1mInitial chunk files[22m[2m | [22m[1mNames[22m[2m | [22m [1mRaw size[22m
[32mmain.js[39m            [2m | [22m[2mmain[22m [2m | [22m[36m495.87 kB[39m[2m | [22m

Application bundle generation complete. [2.143 seconds] - 2026-08-02T19:36:16.469Z

[1m[33m[33m▲ [43;33m[[43;30mWARNING[43;33m][0m [1mNG8113: RevealDirective is not used within the template of LandingPageComponent[0m [1m[35m[plugin angular-compiler][0m

    src/app/features/landing/landing-page.component.ts:22:4:
[37m      22 │     [32mRevealDirective[37m,
         ╵     [32m~~~~~~~~~~~~~~~[0m

[39m[22m
Component update sent to client(s).
[33m>[39m Changes detected. Rebuilding...
[32m√[39m Changes detected. Rebuilding...
[1mInitial chunk files[22m[2m | [22m[1mNames[22m[2m | [22m [1mRaw size[22m
[32mmain.js[39m            [2m | [22m[2mmain[22m [2m | [22m[36m495.81 kB[39m[2m | [22m

Application bundle generation complete. [3.451 seconds] - 2026-08-02T19:37:19.821Z

Page reload sent to client(s).
[33m>[39m Changes detected. Rebuilding...
[32m√[39m Changes detected. Rebuilding...
[1mInitial chunk files[22m[2m | [22m[1mNames[22m                 [2m | [22m [1mRaw size[22m
[32mmain.js[39m            [2m | [22m[2mmain[22m                  [2m | [22m  [36m6.44 kB[39m[2m | [22m
[32mchunk-VUJOFXKG.js[39m  [2m | [22m[2m-[22m                     [2m | [22m[36m938 bytes[39m[2m | [22m
[32mchunk-JRJ74MGL.js[39m  [2m | [22m[2m-[22m                     [2m | [22m[36m398 bytes[39m[2m | [22m

[1mLazy chunk files[22m   [2m | [22m[1mNames[22m                 [2m | [22m [1mRaw size[22m
[32mchunk-ZILDNPRR.js[39m  [2m | [22m[2mlanding-page-component[22m[2m | [22m[36m312.09 kB[39m[2m | [22m
[32mchunk-J6RJOUN3.js[39m  [2m | [22m[2mresume-page-component[22m [2m | [22m [36m90.86 kB[39m[2m | [22m
[32mchunk-7YTSA25C.js[39m  [2m | [22m[2m-[22m                     [2m | [22m [36m84.46 kB[39m[2m | [22m

Application bundle generation complete. [1.026 seconds] - 2026-08-02T19:37:20.991Z

Page reload sent to client(s).
[33m>[39m Changes detected. Rebuilding...
[32m√[39m Changes detected. Rebuilding...
[1mInitial chunk files[22m[2m | [22m[1mNames[22m                 [2m | [22m [1mRaw size[22m
[32mmain.js[39m            [2m | [22m[2mmain[22m                  [2m | [22m  [36m6.44 kB[39m[2m | [22m

[1mLazy chunk files[22m   [2m | [22m[1mNames[22m                 [2m | [22m [1mRaw size[22m
[32mchunk-24CU4ES4.js[39m  [2m | [22m[2mlanding-page-component[22m[2m | [22m[36m312.64 kB[39m[2m | [22m

Application bundle generation complete. [18.327 seconds] - 2026-08-02T19:39:09.499Z

Component update sent to client(s).
[33m>[39m Changes detected. Rebuilding...
[32m√[39m Changes detected. Rebuilding...
[1mInitial chunk files[22m[2m | [22m[1mNames[22m                 [2m | [22m [1mRaw size[22m
[32mmain.js[39m            [2m | [22m[2mmain[22m                  [2m | [22m  [36m6.44 kB[39m[2m | [22m

[1mLazy chunk files[22m   [2m | [22m[1mNames[22m                 [2m | [22m [1mRaw size[22m
[32mchunk-TT656WRH.js[39m  [2m | [22m[2mlanding-page-component[22m[2m | [22m[36m309.27 kB[39m[2m | [22m

Application bundle generation complete. [5.510 seconds] - 2026-08-02T19:40:31.665Z

Component update sent to client(s).
[33m>[39m Changes detected. Rebuilding...
[32m√[39m Changes detected. Rebuilding...
[1mInitial chunk files[22m[2m | [22m[1mNames[22m                 [2m | [22m [1mRaw size[22m
[32mmain.js[39m            [2m | [22m[2mmain[22m                  [2m | [22m  [36m6.44 kB[39m[2m | [22m

[1mLazy chunk files[22m   [2m | [22m[1mNames[22m                 [2m | [22m [1mRaw size[22m
[32mchunk-3UUYTFB3.js[39m  [2m | [22m[2mlanding-page-component[22m[2m | [22m[36m309.19 kB[39m[2m | [22m

Application bundle generation complete. [5.620 seconds] - 2026-08-02T19:40:53.293Z

[1m[33m[33m▲ [43;33m[[43;30mWARNING[43;33m][0m [1mNG8113: All imports are unused[0m [1m[35m[plugin angular-compiler][0m

    src/app/features/home/about-section/about-section.component.ts:7:2:
[37m      7 │   [32mimports[37m: [RevealDirective],
        ╵   [32m~~~~~~~[0m

[39m[22m
Component update sent to client(s).
[33m>[39m Changes detected. Rebuilding...
[32m√[39m Changes detected. Rebuilding...
[1mInitial chunk files[22m[2m | [22m[1mNames[22m                 [2m | [22m [1mRaw size[22m
[32mmain.js[39m            [2m | [22m[2mmain[22m                  [2m | [22m  [36m6.44 kB[39m[2m | [22m

[1mLazy chunk files[22m   [2m | [22m[1mNames[22m                 [2m | [22m [1mRaw size[22m
[32mchunk-JXQ3U6Y7.js[39m  [2m | [22m[2mlanding-page-component[22m[2m | [22m[36m309.01 kB[39m[2m | [22m

Application bundle generation complete. [1.938 seconds] - 2026-08-02T19:41:15.335Z

[1m[33m[33m▲ [43;33m[[43;30mWARNING[43;33m][0m [1mNG8113: All imports are unused[0m [1m[35m[plugin angular-compiler][0m

    src/app/features/home/about-section/about-section.component.ts:7:2:
[37m      7 │   [32mimports[37m: [RevealDirective],
        ╵   [32m~~~~~~~[0m

[39m[22m
Component update sent to client(s).
[33m>[39m Changes detected. Rebuilding...
[32m√[39m Changes detected. Rebuilding...
[1mInitial chunk files[22m[2m | [22m[1mNames[22m                 [2m | [22m [1mRaw size[22m
[32mmain.js[39m            [2m | [22m[2mmain[22m                  [2m | [22m  [36m6.44 kB[39m[2m | [22m

[1mLazy chunk files[22m   [2m | [22m[1mNames[22m                 [2m | [22m [1mRaw size[22m
[32mchunk-NLATPZYK.js[39m  [2m | [22m[2mlanding-page-component[22m[2m | [22m[36m309.13 kB[39m[2m | [22m

Application bundle generation complete. [3.167 seconds] - 2026-08-02T19:41:23.978Z

[1m[33m[33m▲ [43;33m[[43;30mWARNING[43;33m][0m [1mNG8113: All imports are unused[0m [1m[35m[plugin angular-compiler][0m

    src/app/features/home/about-section/about-section.component.ts:7:2:
[37m      7 │   [32mimports[37m: [RevealDirective],
        ╵   [32m~~~~~~~[0m

[39m[22m
Component update sent to client(s).
[33m>[39m Changes detected. Rebuilding...
[32m√[39m Changes detected. Rebuilding...
[1mInitial chunk files[22m[2m | [22m[1mNames[22m [2m | [22m [1mRaw size[22m
[32mstyles.css[39m         [2m | [22m[2mstyles[22m[2m | [22m[36m935 bytes[39m[2m | [22m

Application bundle generation complete. [0.432 seconds] - 2026-08-02T19:43:26.989Z

[1m[33m[33m▲ [43;33m[[43;30mWARNING[43;33m][0m [1mNG8113: All imports are unused[0m [1m[35m[plugin angular-compiler][0m

    src/app/features/home/about-section/about-section.component.ts:7:2:
[37m      7 │   [32mimports[37m: [RevealDirective],
        ╵   [32m~~~~~~~[0m

[39m[22m
Stylesheet update sent to client(s).
[33m>[39m Changes detected. Rebuilding...
[32m√[39m Changes detected. Rebuilding...
[1mInitial chunk files[22m[2m | [22m[1mNames[22m                 [2m | [22m [1mRaw size[22m
[32mmain.js[39m            [2m | [22m[2mmain[22m                  [2m | [22m  [36m6.44 kB[39m[2m | [22m

[1mLazy chunk files[22m   [2m | [22m[1mNames[22m                 [2m | [22m [1mRaw size[22m
[32mchunk-ZX42O5GS.js[39m  [2m | [22m[2mlanding-page-component[22m[2m | [22m[36m309.13 kB[39m[2m | [22m
[32mchunk-GEJULYUW.js[39m  [2m | [22m[2mresume-page-component[22m [2m | [22m [36m90.86 kB[39m[2m | [22m
[32mchunk-GP4C6EZX.js[39m  [2m | [22m[2m-[22m                     [2m | [22m [36m85.53 kB[39m[2m | [22m

Application bundle generation complete. [7.571 seconds] - 2026-08-02T19:43:58.386Z

[1m[33m[33m▲ [43;33m[[43;30mWARNING[43;33m][0m [1mNG8113: All imports are unused[0m [1m[35m[plugin angular-compiler][0m

    src/app/features/home/about-section/about-section.component.ts:7:2:
[37m      7 │   [32mimports[37m: [RevealDirective],
        ╵   [32m~~~~~~~[0m

[39m[22m
Component update sent to client(s).
[33m>[39m Changes detected. Rebuilding...
[32m√[39m Changes detected. Rebuilding...
[1mInitial chunk files[22m[2m | [22m[1mNames[22m                [2m | [22m[1mRaw size[22m
[32mmain.js[39m            [2m | [22m[2mmain[22m                 [2m | [22m [36m6.44 kB[39m[2m | [22m

[1mLazy chunk files[22m   [2m | [22m[1mNames[22m                [2m | [22m[1mRaw size[22m
[32mchunk-2QSSICTS.js[39m  [2m | [22m[2mresume-page-component[22m[2m | [22m[36m91.85 kB[39m[2m | [22m

Application bundle generation complete. [8.395 seconds] - 2026-08-02T19:44:24.457Z

[1m[33m[33m▲ [43;33m[[43;30mWARNING[43;33m][0m [1mNG8113: All imports are unused[0m [1m[35m[plugin angular-compiler][0m

    src/app/features/home/about-section/about-section.component.ts:7:2:
[37m      7 │   [32mimports[37m: [RevealDirective],
        ╵   [32m~~~~~~~[0m

[39m[22m
Component update sent to client(s).
[33m>[39m Changes detected. Rebuilding...
[32m√[39m Changes detected. Rebuilding...
[1mInitial chunk files[22m[2m | [22m[1mNames[22m [2m | [22m[1mRaw size[22m
[32mstyles.css[39m         [2m | [22m[2mstyles[22m[2m | [22m [36m1.02 kB[39m[2m | [22m

Application bundle generation complete. [0.528 seconds] - 2026-08-02T19:45:07.441Z

[1m[33m[33m▲ [43;33m[[43;30mWARNING[43;33m][0m [1mNG8113: All imports are unused[0m [1m[35m[plugin angular-compiler][0m

    src/app/features/home/about-section/about-section.component.ts:7:2:
[37m      7 │   [32mimports[37m: [RevealDirective],
        ╵   [32m~~~~~~~[0m

[39m[22m
Stylesheet update sent to client(s).
[33m>[39m Changes detected. Rebuilding...
[32m√[39m Changes detected. Rebuilding...
[1mInitial chunk files[22m[2m | [22m[1mNames[22m                 [2m | [22m [1mRaw size[22m
[32mmain.js[39m            [2m | [22m[2mmain[22m                  [2m | [22m  [36m6.44 kB[39m[2m | [22m

[1mLazy chunk files[22m   [2m | [22m[1mNames[22m                 [2m | [22m [1mRaw size[22m
[32mchunk-ASXQWV2G.js[39m  [2m | [22m[2mlanding-page-component[22m[2m | [22m[36m309.21 kB[39m[2m | [22m

Application bundle generation complete. [19.186 seconds] - 2026-08-02T19:47:17.643Z

[1m[33m[33m▲ [43;33m[[43;30mWARNING[43;33m][0m [1mNG8113: All imports are unused[0m [1m[35m[plugin angular-compiler][0m

    src/app/features/home/about-section/about-section.component.ts:7:2:
[37m      7 │   [32mimports[37m: [RevealDirective],
        ╵   [32m~~~~~~~[0m

[39m[22m
Component update sent to client(s).
[33m>[39m Changes detected. Rebuilding...
[32m√[39m Changes detected. Rebuilding...
[1mInitial chunk files[22m[2m | [22m[1mNames[22m                 [2m | [22m [1mRaw size[22m
[32mmain.js[39m            [2m | [22m[2mmain[22m                  [2m | [22m  [36m6.44 kB[39m[2m | [22m

[1mLazy chunk files[22m   [2m | [22m[1mNames[22m                 [2m | [22m [1mRaw size[22m
[32mchunk-G7Z7SY5A.js[39m  [2m | [22m[2mlanding-page-component[22m[2m | [22m[36m307.31 kB[39m[2m | [22m

Application bundle generation complete. [2.181 seconds] - 2026-08-02T19:47:19.910Z

Page reload sent to client(s).
[33m>[39m Changes detected. Rebuilding...
[32m√[39m Changes detected. Rebuilding...
[1mInitial chunk files[22m[2m | [22m[1mNames[22m                 [2m | [22m [1mRaw size[22m
[32mmain.js[39m            [2m | [22m[2mmain[22m                  [2m | [22m  [36m6.44 kB[39m[2m | [22m

[1mLazy chunk files[22m   [2m | [22m[1mNames[22m                 [2m | [22m [1mRaw size[22m
[32mchunk-OFL343E4.js[39m  [2m | [22m[2mlanding-page-component[22m[2m | [22m[36m307.23 kB[39m[2m | [22m

Application bundle generation complete. [12.461 seconds] - 2026-08-02T19:48:22.819Z

Component update sent to client(s).
[33m>[39m Changes detected. Rebuilding...
[32m√[39m Changes detected. Rebuilding...
[1mInitial chunk files[22m[2m | [22m[1mNames[22m                 [2m | [22m [1mRaw size[22m
[32mmain.js[39m            [2m | [22m[2mmain[22m                  [2m | [22m  [36m6.44 kB[39m[2m | [22m

[1mLazy chunk files[22m   [2m | [22m[1mNames[22m                 [2m | [22m [1mRaw size[22m
[32mchunk-WM63NTPC.js[39m  [2m | [22m[2mlanding-page-component[22m[2m | [22m[36m307.23 kB[39m[2m | [22m
[32mchunk-LOIQV3VC.js[39m  [2m | [22m[2mresume-page-component[22m [2m | [22m [36m91.85 kB[39m[2m | [22m
[32mchunk-F2BW3H5K.js[39m  [2m | [22m[2m-[22m                     [2m | [22m [36m84.64 kB[39m[2m | [22m

Application bundle generation complete. [19.681 seconds] - 2026-08-02T19:53:41.868Z

Page reload sent to client(s).
[33m>[39m Changes detected. Rebuilding...
[32m√[39m Changes detected. Rebuilding...
[1mInitial chunk files[22m[2m | [22m[1mNames[22m                [2m | [22m[1mRaw size[22m
[32mmain.js[39m            [2m | [22m[2mmain[22m                 [2m | [22m [36m6.44 kB[39m[2m | [22m

[1mLazy chunk files[22m   [2m | [22m[1mNames[22m                [2m | [22m[1mRaw size[22m
[32mchunk-L5BKUBZE.js[39m  [2m | [22m[2mresume-page-component[22m[2m | [22m[36m91.06 kB[39m[2m | [22m

Application bundle generation complete. [2.724 seconds] - 2026-08-02T19:53:44.832Z

Component update sent to client(s).
[33m>[39m Changes detected. Rebuilding...
[32m√[39m Changes detected. Rebuilding...
[1mInitial chunk files[22m[2m | [22m[1mNames[22m                 [2m | [22m [1mRaw size[22m
[32mmain.js[39m            [2m | [22m[2mmain[22m                  [2m | [22m  [36m6.44 kB[39m[2m | [22m

[1mLazy chunk files[22m   [2m | [22m[1mNames[22m                 [2m | [22m [1mRaw size[22m
[32mchunk-MX2XMQAY.js[39m  [2m | [22m[2mlanding-page-component[22m[2m | [22m[36m307.23 kB[39m[2m | [22m
[32mchunk-U6TJ4QS4.js[39m  [2m | [22m[2mresume-page-component[22m [2m | [22m [36m91.06 kB[39m[2m | [22m
[32mchunk-ZPONLCZX.js[39m  [2m | [22m[2m-[22m                     [2m | [22m [36m84.64 kB[39m[2m | [22m

Application bundle generation complete. [11.938 seconds] - 2026-08-02T19:55:00.275Z

Component update sent to client(s).
[33m>[39m Changes detected. Rebuilding...
[32m√[39m Changes detected. Rebuilding...
[1mInitial chunk files[22m[2m | [22m[1mNames[22m                 [2m | [22m [1mRaw size[22m
[32mmain.js[39m            [2m | [22m[2mmain[22m                  [2m | [22m  [36m6.44 kB[39m[2m | [22m
[32mstyles.css[39m         [2m | [22m[2mstyles[22m                [2m | [22m  [36m1.02 kB[39m[2m | [22m
[32mchunk-VUJOFXKG.js[39m  [2m | [22m[2m-[22m                     [2m | [22m[36m938 bytes[39m[2m | [22m
[32mchunk-JRJ74MGL.js[39m  [2m | [22m[2m-[22m                     [2m | [22m[36m398 bytes[39m[2m | [22m

[1m [22m                  [2m | [22m[1mInitial total[22m         [2m | [22m  [1m8.80 kB[22m

[1mLazy chunk files[22m   [2m | [22m[1mNames[22m                 [2m | [22m [1mRaw size[22m
[32mchunk-MX2XMQAY.js[39m  [2m | [22m[2mlanding-page-component[22m[2m | [22m[36m307.23 kB[39m[2m | [22m
[32mchunk-U6TJ4QS4.js[39m  [2m | [22m[2mresume-page-component[22m [2m | [22m [36m91.06 kB[39m[2m | [22m
[32mchunk-ZPONLCZX.js[39m  [2m | [22m[2m-[22m                     [2m | [22m [36m84.64 kB[39m[2m | [22m

Application bundle generation complete. [3.085 seconds] - 2026-08-02T19:55:03.466Z

Component update sent to client(s).
[33m>[39m Changes detected. Rebuilding...
[32m√[39m Changes detected. Rebuilding...
[1mInitial chunk files[22m[2m | [22m[1mNames[22m                 [2m | [22m [1mRaw size[22m
[32mmain.js[39m            [2m | [22m[2mmain[22m                  [2m | [22m  [36m6.44 kB[39m[2m | [22m

[1mLazy chunk files[22m   [2m | [22m[1mNames[22m                 [2m | [22m [1mRaw size[22m
[32mchunk-WM63NTPC.js[39m  [2m | [22m[2mlanding-page-component[22m[2m | [22m[36m307.23 kB[39m[2m | [22m
[32mchunk-L5BKUBZE.js[39m  [2m | [22m[2mresume-page-component[22m [2m | [22m [36m91.06 kB[39m[2m | [22m
[32mchunk-F2BW3H5K.js[39m  [2m | [22m[2m-[22m                     [2m | [22m [36m84.64 kB[39m[2m | [22m

Application bundle generation complete. [0.931 seconds] - 2026-08-02T19:55:05.476Z

Component update sent to client(s).
[33m>[39m Changes detected. Rebuilding...
[32m√[39m Changes detected. Rebuilding...
[1mInitial chunk files[22m[2m | [22m[1mNames[22m                 [2m | [22m [1mRaw size[22m
[32mmain.js[39m            [2m | [22m[2mmain[22m                  [2m | [22m  [36m6.44 kB[39m[2m | [22m

[1mLazy chunk files[22m   [2m | [22m[1mNames[22m                 [2m | [22m [1mRaw size[22m
[32mchunk-KSMWDVL5.js[39m  [2m | [22m[2mlanding-page-component[22m[2m | [22m[36m307.23 kB[39m[2m | [22m
[32mchunk-5RTUY3RC.js[39m  [2m | [22m[2mresume-page-component[22m [2m | [22m [36m91.06 kB[39m[2m | [22m
[32mchunk-SG6ZUGAR.js[39m  [2m | [22m[2m-[22m                     [2m | [22m [36m84.82 kB[39m[2m | [22m

Application bundle generation complete. [28.164 seconds] - 2026-08-02T19:57:28.128Z

Component update sent to client(s).
[33m>[39m Changes detected. Rebuilding...
[32m√[39m Changes detected. Rebuilding...
[1mInitial chunk files[22m[2m | [22m[1mNames[22m                 [2m | [22m [1mRaw size[22m
[32mmain.js[39m            [2m | [22m[2mmain[22m                  [2m | [22m  [36m6.44 kB[39m[2m | [22m

[1mLazy chunk files[22m   [2m | [22m[1mNames[22m                 [2m | [22m [1mRaw size[22m
[32mchunk-INKZBCFD.js[39m  [2m | [22m[2mlanding-page-component[22m[2m | [22m[36m307.23 kB[39m[2m | [22m
[32mchunk-QMWNAQQW.js[39m  [2m | [22m[2mresume-page-component[22m [2m | [22m [36m91.06 kB[39m[2m | [22m
[32mchunk-S7Y3SK6G.js[39m  [2m | [22m[2m-[22m                     [2m | [22m [36m84.86 kB[39m[2m | [22m

Application bundle generation complete. [4.870 seconds] - 2026-08-02T19:57:40.605Z

Component update sent to client(s).
[33m>[39m Changes detected. Rebuilding...
[32m√[39m Changes detected. Rebuilding...
[1mInitial chunk files[22m[2m | [22m[1mNames[22m                 [2m | [22m [1mRaw size[22m
[32mmain.js[39m            [2m | [22m[2mmain[22m                  [2m | [22m  [36m6.44 kB[39m[2m | [22m

[1mLazy chunk files[22m   [2m | [22m[1mNames[22m                 [2m | [22m [1mRaw size[22m
[32mchunk-KSMWDVL5.js[39m  [2m | [22m[2mlanding-page-component[22m[2m | [22m[36m307.23 kB[39m[2m | [22m
[32mchunk-5RTUY3RC.js[39m  [2m | [22m[2mresume-page-component[22m [2m | [22m [36m91.06 kB[39m[2m | [22m
[32mchunk-SG6ZUGAR.js[39m  [2m | [22m[2m-[22m                     [2m | [22m [36m84.82 kB[39m[2m | [22m

Application bundle generation complete. [1.837 seconds] - 2026-08-02T19:57:42.455Z

Component update sent to client(s).
[33m>[39m Changes detected. Rebuilding...
[32m√[39m Changes detected. Rebuilding...
[1mInitial chunk files[22m[2m | [22m[1mNames[22m                 [2m | [22m [1mRaw size[22m
[32mmain.js[39m            [2m | [22m[2mmain[22m                  [2m | [22m  [36m6.44 kB[39m[2m | [22m

[1mLazy chunk files[22m   [2m | [22m[1mNames[22m                 [2m | [22m [1mRaw size[22m
[32mchunk-7SXRDZXK.js[39m  [2m | [22m[2mlanding-page-component[22m[2m | [22m[36m307.23 kB[39m[2m | [22m
[32mchunk-LOZVAFZ4.js[39m  [2m | [22m[2mresume-page-component[22m [2m | [22m [36m91.06 kB[39m[2m | [22m
[32mchunk-UJAG37JM.js[39m  [2m | [22m[2m-[22m                     [2m | [22m [36m84.84 kB[39m[2m | [22m

Application bundle generation complete. [10.405 seconds] - 2026-08-02T19:59:42.813Z

Component update sent to client(s).
[33m>[39m Changes detected. Rebuilding...
[32m√[39m Changes detected. Rebuilding...
[1mInitial chunk files[22m[2m | [22m[1mNames[22m                 [2m | [22m [1mRaw size[22m
[32mmain.js[39m            [2m | [22m[2mmain[22m                  [2m | [22m  [36m6.44 kB[39m[2m | [22m

[1mLazy chunk files[22m   [2m | [22m[1mNames[22m                 [2m | [22m [1mRaw size[22m
[32mchunk-WOW4IZOD.js[39m  [2m | [22m[2mlanding-page-component[22m[2m | [22m[36m307.23 kB[39m[2m | [22m
[32mchunk-2YPLPRSF.js[39m  [2m | [22m[2mresume-page-component[22m [2m | [22m [36m91.06 kB[39m[2m | [22m
[32mchunk-KVWJP4NJ.js[39m  [2m | [22m[2m-[22m                     [2m | [22m [36m85.08 kB[39m[2m | [22m

Application bundle generation complete. [10.932 seconds] - 2026-08-02T20:02:06.806Z

Component update sent to client(s).
[33m>[39m Changes detected. Rebuilding...
[32m√[39m Changes detected. Rebuilding...
[1mInitial chunk files[22m[2m | [22m[1mNames[22m                 [2m | [22m [1mRaw size[22m
[32mmain.js[39m            [2m | [22m[2mmain[22m                  [2m | [22m  [36m6.44 kB[39m[2m | [22m

[1mLazy chunk files[22m   [2m | [22m[1mNames[22m                 [2m | [22m [1mRaw size[22m
[32mchunk-SBHR7F7J.js[39m  [2m | [22m[2mlanding-page-component[22m[2m | [22m[36m307.22 kB[39m[2m | [22m

Application bundle generation complete. [10.455 seconds] - 2026-08-02T20:04:32.664Z

Component update sent to client(s).
[33m>[39m Changes detected. Rebuilding...
[32m√[39m Changes detected. Rebuilding...
[1mInitial chunk files[22m[2m | [22m[1mNames[22m                 [2m | [22m [1mRaw size[22m
[32mmain.js[39m            [2m | [22m[2mmain[22m                  [2m | [22m  [36m6.44 kB[39m[2m | [22m

[1mLazy chunk files[22m   [2m | [22m[1mNames[22m                 [2m | [22m [1mRaw size[22m
[32mchunk-V53FNJ2Z.js[39m  [2m | [22m[2mlanding-page-component[22m[2m | [22m[36m307.22 kB[39m[2m | [22m

Application bundle generation complete. [2.991 seconds] - 2026-08-02T20:08:11.404Z

Component update sent to client(s).
[33m>[39m Changes detected. Rebuilding...
[32m√[39m Changes detected. Rebuilding...
[1mInitial chunk files[22m[2m | [22m[1mNames[22m                 [2m | [22m [1mRaw size[22m
[32mmain.js[39m            [2m | [22m[2mmain[22m                  [2m | [22m  [36m6.44 kB[39m[2m | [22m

[1mLazy chunk files[22m   [2m | [22m[1mNames[22m                 [2m | [22m [1mRaw size[22m
[32mchunk-AH3CXIVN.js[39m  [2m | [22m[2mlanding-page-component[22m[2m | [22m[36m307.22 kB[39m[2m | [22m

Application bundle generation complete. [3.752 seconds] - 2026-08-02T20:08:21.497Z

Component update sent to client(s).
[33m>[39m Changes detected. Rebuilding...
[32m√[39m Changes detected. Rebuilding...
[1mInitial chunk files[22m[2m | [22m[1mNames[22m                 [2m | [22m [1mRaw size[22m
[32mmain.js[39m            [2m | [22m[2mmain[22m                  [2m | [22m  [36m6.44 kB[39m[2m | [22m

[1mLazy chunk files[22m   [2m | [22m[1mNames[22m                 [2m | [22m [1mRaw size[22m
[32mchunk-SBHR7F7J.js[39m  [2m | [22m[2mlanding-page-component[22m[2m | [22m[36m307.22 kB[39m[2m | [22m

Application bundle generation complete. [4.240 seconds] - 2026-08-02T20:08:26.072Z

Component update sent to client(s).
[33m>[39m Changes detected. Rebuilding...
[32m√[39m Changes detected. Rebuilding...
[1mInitial chunk files[22m[2m | [22m[1mNames[22m                 [2m | [22m [1mRaw size[22m
[32mmain.js[39m            [2m | [22m[2mmain[22m                  [2m | [22m  [36m6.44 kB[39m[2m | [22m

[1mLazy chunk files[22m   [2m | [22m[1mNames[22m                 [2m | [22m [1mRaw size[22m
[32mchunk-F4U2PIVN.js[39m  [2m | [22m[2mlanding-page-component[22m[2m | [22m[36m307.22 kB[39m[2m | [22m
[32mchunk-XXXFA5MD.js[39m  [2m | [22m[2mresume-page-component[22m [2m | [22m [36m91.06 kB[39m[2m | [22m
[32mchunk-ULJJAGK5.js[39m  [2m | [22m[2m-[22m                     [2m | [22m [36m85.12 kB[39m[2m | [22m

Application bundle generation complete. [7.097 seconds] - 2026-08-02T20:09:11.793Z

Page reload sent to client(s).
[33m>[39m Changes detected. Rebuilding...
[32m√[39m Changes detected. Rebuilding...
[1mInitial chunk files[22m[2m | [22m[1mNames[22m                 [2m | [22m [1mRaw size[22m
[32mmain.js[39m            [2m | [22m[2mmain[22m                  [2m | [22m  [36m6.44 kB[39m[2m | [22m
[32mstyles.css[39m         [2m | [22m[2mstyles[22m                [2m | [22m  [36m1.02 kB[39m[2m | [22m
[32mchunk-VUJOFXKG.js[39m  [2m | [22m[2m-[22m                     [2m | [22m[36m938 bytes[39m[2m | [22m
[32mchunk-JRJ74MGL.js[39m  [2m | [22m[2m-[22m                     [2m | [22m[36m398 bytes[39m[2m | [22m

[1m [22m                  [2m | [22m[1mInitial total[22m         [2m | [22m  [1m8.80 kB[22m

[1mLazy chunk files[22m   [2m | [22m[1mNames[22m                 [2m | [22m [1mRaw size[22m
[32mchunk-F4U2PIVN.js[39m  [2m | [22m[2mlanding-page-component[22m[2m | [22m[36m307.22 kB[39m[2m | [22m
[32mchunk-XXXFA5MD.js[39m  [2m | [22m[2mresume-page-component[22m [2m | [22m [36m91.06 kB[39m[2m | [22m
[32mchunk-ULJJAGK5.js[39m  [2m | [22m[2m-[22m                     [2m | [22m [36m85.12 kB[39m[2m | [22m

Application bundle generation complete. [0.826 seconds] - 2026-08-02T20:09:12.660Z

Component update sent to client(s).
[33m>[39m Changes detected. Rebuilding...
[32m√[39m Changes detected. Rebuilding...
[1mInitial chunk files[22m[2m | [22m[1mNames[22m                 [2m | [22m [1mRaw size[22m
[32mmain.js[39m            [2m | [22m[2mmain[22m                  [2m | [22m  [36m6.44 kB[39m[2m | [22m

[1mLazy chunk files[22m   [2m | [22m[1mNames[22m                 [2m | [22m [1mRaw size[22m
[32mchunk-NHYHSNZQ.js[39m  [2m | [22m[2mlanding-page-component[22m[2m | [22m[36m307.22 kB[39m[2m | [22m

Application bundle generation complete. [4.827 seconds] - 2026-08-02T20:11:20.398Z

Component update sent to client(s).
[33m>[39m Changes detected. Rebuilding...
[32m√[39m Changes detected. Rebuilding...
[1mInitial chunk files[22m[2m | [22m[1mNames[22m                 [2m | [22m [1mRaw size[22m
[32mmain.js[39m            [2m | [22m[2mmain[22m                  [2m | [22m  [36m6.44 kB[39m[2m | [22m

[1mLazy chunk files[22m   [2m | [22m[1mNames[22m                 [2m | [22m [1mRaw size[22m
[32mchunk-46XCGHXV.js[39m  [2m | [22m[2mlanding-page-component[22m[2m | [22m[36m307.22 kB[39m[2m | [22m

Application bundle generation complete. [0.623 seconds] - 2026-08-02T20:11:21.083Z

Component update sent to client(s).
[33m>[39m Changes detected. Rebuilding...
[32m√[39m Changes detected. Rebuilding...
[1mInitial chunk files[22m[2m | [22m[1mNames[22m                 [2m | [22m [1mRaw size[22m
[32mmain.js[39m            [2m | [22m[2mmain[22m                  [2m | [22m  [36m6.44 kB[39m[2m | [22m

[1mLazy chunk files[22m   [2m | [22m[1mNames[22m                 [2m | [22m [1mRaw size[22m
[32mchunk-NJVEO4B5.js[39m  [2m | [22m[2mlanding-page-component[22m[2m | [22m[36m305.62 kB[39m[2m | [22m

Application bundle generation complete. [5.437 seconds] - 2026-08-02T20:16:48.217Z

Component update sent to client(s).
[33m>[39m Changes detected. Rebuilding...
[32m√[39m Changes detected. Rebuilding...
[1mInitial chunk files[22m[2m | [22m[1mNames[22m                 [2m | [22m [1mRaw size[22m
[32mmain.js[39m            [2m | [22m[2mmain[22m                  [2m | [22m  [36m6.44 kB[39m[2m | [22m

[1mLazy chunk files[22m   [2m | [22m[1mNames[22m                 [2m | [22m [1mRaw size[22m
[32mchunk-JOAZR5AW.js[39m  [2m | [22m[2mlanding-page-component[22m[2m | [22m[36m305.65 kB[39m[2m | [22m

Application bundle generation complete. [2.239 seconds] - 2026-08-02T20:17:40.533Z

Component update sent to client(s).
[33m>[39m Changes detected. Rebuilding...
[32m√[39m Changes detected. Rebuilding...
[1mInitial chunk files[22m[2m | [22m[1mNames[22m                 [2m | [22m [1mRaw size[22m
[32mmain.js[39m            [2m | [22m[2mmain[22m                  [2m | [22m  [36m6.44 kB[39m[2m | [22m

[1mLazy chunk files[22m   [2m | [22m[1mNames[22m                 [2m | [22m [1mRaw size[22m
[32mchunk-FMQTDUZ6.js[39m  [2m | [22m[2mlanding-page-component[22m[2m | [22m[36m305.87 kB[39m[2m | [22m

Application bundle generation complete. [4.534 seconds] - 2026-08-02T20:18:29.707Z

Component update sent to client(s).
[33m>[39m Changes detected. Rebuilding...
[32m√[39m Changes detected. Rebuilding...
[1mInitial chunk files[22m[2m | [22m[1mNames[22m [2m | [22m[1mRaw size[22m
[32mstyles.css[39m         [2m | [22m[2mstyles[22m[2m | [22m [36m1.07 kB[39m[2m | [22m

Application bundle generation complete. [0.037 seconds] - 2026-08-02T20:18:48.818Z

Stylesheet update sent to client(s).
[33m>[39m Changes detected. Rebuilding...
[32m√[39m Changes detected. Rebuilding...
[1mInitial chunk files[22m[2m | [22m[1mNames[22m                 [2m | [22m [1mRaw size[22m
[32mmain.js[39m            [2m | [22m[2mmain[22m                  [2m | [22m  [36m6.44 kB[39m[2m | [22m
[32mstyles.css[39m         [2m | [22m[2mstyles[22m                [2m | [22m  [36m1.07 kB[39m[2m | [22m
[32mchunk-VUJOFXKG.js[39m  [2m | [22m[2m-[22m                     [2m | [22m[36m938 bytes[39m[2m | [22m
[32mchunk-JRJ74MGL.js[39m  [2m | [22m[2m-[22m                     [2m | [22m[36m398 bytes[39m[2m | [22m

[1m [22m                  [2m | [22m[1mInitial total[22m         [2m | [22m  [1m8.85 kB[22m

[1mLazy chunk files[22m   [2m | [22m[1mNames[22m                 [2m | [22m [1mRaw size[22m
[32mchunk-FMQTDUZ6.js[39m  [2m | [22m[2mlanding-page-component[22m[2m | [22m[36m305.87 kB[39m[2m | [22m
[32mchunk-XXXFA5MD.js[39m  [2m | [22m[2mresume-page-component[22m [2m | [22m [36m91.06 kB[39m[2m | [22m
[32mchunk-ULJJAGK5.js[39m  [2m | [22m[2m-[22m                     [2m | [22m [36m85.12 kB[39m[2m | [22m

Application bundle generation complete. [2.531 seconds] - 2026-08-02T20:19:12.509Z

[33m>[39m Changes detected. Rebuilding...
[32m√[39m Changes detected. Rebuilding...
[1mInitial chunk files[22m[2m | [22m[1mNames[22m                 [2m | [22m [1mRaw size[22m
[32mmain.js[39m            [2m | [22m[2mmain[22m                  [2m | [22m  [36m6.44 kB[39m[2m | [22m

[1mLazy chunk files[22m   [2m | [22m[1mNames[22m                 [2m | [22m [1mRaw size[22m
[32mchunk-XVWI5ZE4.js[39m  [2m | [22m[2mlanding-page-component[22m[2m | [22m[36m308.16 kB[39m[2m | [22m

Application bundle generation complete. [12.271 seconds] - 2026-08-02T20:19:36.516Z

[1m[33m[33m▲ [43;33m[[43;30mWARNING[43;33m][0m [1mNG8113: All imports are unused[0m [1m[35m[plugin angular-compiler][0m

    src/app/features/home/about-section/about-section.component.ts:7:2:
[37m      7 │   [32mimports[37m: [RevealDirective],
        ╵   [32m~~~~~~~[0m

[39m[22m
Page reload sent to client(s).
[33m>[39m Changes detected. Rebuilding...
[32m√[39m Changes detected. Rebuilding...
[1mInitial chunk files[22m[2m | [22m[1mNames[22m                 [2m | [22m [1mRaw size[22m
[32mmain.js[39m            [2m | [22m[2mmain[22m                  [2m | [22m  [36m6.44 kB[39m[2m | [22m

[1mLazy chunk files[22m   [2m | [22m[1mNames[22m                 [2m | [22m [1mRaw size[22m
[32mchunk-2MFNKBV3.js[39m  [2m | [22m[2mlanding-page-component[22m[2m | [22m[36m308.19 kB[39m[2m | [22m

Application bundle generation complete. [0.608 seconds] - 2026-08-02T20:19:37.226Z

Component update sent to client(s).
[33m>[39m Changes detected. Rebuilding...
[32m√[39m Changes detected. Rebuilding...
[1mInitial chunk files[22m[2m | [22m[1mNames[22m                 [2m | [22m [1mRaw size[22m
[32mmain.js[39m            [2m | [22m[2mmain[22m                  [2m | [22m  [36m6.44 kB[39m[2m | [22m

[1mLazy chunk files[22m   [2m | [22m[1mNames[22m                 [2m | [22m [1mRaw size[22m
[32mchunk-3X4DZ2LZ.js[39m  [2m | [22m[2mlanding-page-component[22m[2m | [22m[36m308.20 kB[39m[2m | [22m

Application bundle generation complete. [5.244 seconds] - 2026-08-02T20:20:25.345Z

Component update sent to client(s).
[33m>[39m Changes detected. Rebuilding...
[32m√[39m Changes detected. Rebuilding...
[1mInitial chunk files[22m[2m | [22m[1mNames[22m                 [2m | [22m [1mRaw size[22m
[32mmain.js[39m            [2m | [22m[2mmain[22m                  [2m | [22m  [36m6.44 kB[39m[2m | [22m

[1mLazy chunk files[22m   [2m | [22m[1mNames[22m                 [2m | [22m [1mRaw size[22m
[32mchunk-54DZHQZW.js[39m  [2m | [22m[2mlanding-page-component[22m[2m | [22m[36m308.39 kB[39m[2m | [22m

Application bundle generation complete. [4.524 seconds] - 2026-08-02T20:21:36.623Z

Page reload sent to client(s).
[33m>[39m Changes detected. Rebuilding...
[32m√[39m Changes detected. Rebuilding...
[1mInitial chunk files[22m[2m | [22m[1mNames[22m                 [2m | [22m [1mRaw size[22m
[32mmain.js[39m            [2m | [22m[2mmain[22m                  [2m | [22m  [36m6.44 kB[39m[2m | [22m
[32mstyles.css[39m         [2m | [22m[2mstyles[22m                [2m | [22m  [36m1.07 kB[39m[2m | [22m
[32mchunk-VUJOFXKG.js[39m  [2m | [22m[2m-[22m                     [2m | [22m[36m938 bytes[39m[2m | [22m
[32mchunk-JRJ74MGL.js[39m  [2m | [22m[2m-[22m                     [2m | [22m[36m398 bytes[39m[2m | [22m

[1m [22m                  [2m | [22m[1mInitial total[22m         [2m | [22m  [1m8.85 kB[22m

[1mLazy chunk files[22m   [2m | [22m[1mNames[22m                 [2m | [22m [1mRaw size[22m
[32mchunk-54DZHQZW.js[39m  [2m | [22m[2mlanding-page-component[22m[2m | [22m[36m308.39 kB[39m[2m | [22m
[32mchunk-XXXFA5MD.js[39m  [2m | [22m[2mresume-page-component[22m [2m | [22m [36m91.06 kB[39m[2m | [22m
[32mchunk-ULJJAGK5.js[39m  [2m | [22m[2m-[22m                     [2m | [22m [36m85.12 kB[39m[2m | [22m

Application bundle generation complete. [1.486 seconds] - 2026-08-02T20:21:38.226Z

Component update sent to client(s).
[33m>[39m Changes detected. Rebuilding...
[32m√[39m Changes detected. Rebuilding...
[1mInitial chunk files[22m[2m | [22m[1mNames[22m                 [2m | [22m [1mRaw size[22m
[32mmain.js[39m            [2m | [22m[2mmain[22m                  [2m | [22m  [36m6.44 kB[39m[2m | [22m

[1mLazy chunk files[22m   [2m | [22m[1mNames[22m                 [2m | [22m [1mRaw size[22m
[32mchunk-LTJLLQCI.js[39m  [2m | [22m[2mlanding-page-component[22m[2m | [22m[36m308.36 kB[39m[2m | [22m

Application bundle generation complete. [3.166 seconds] - 2026-08-02T20:21:49.974Z

[1m[33m[33m▲ [43;33m[[43;30mWARNING[43;33m][0m [1mNG8113: All imports are unused[0m [1m[35m[plugin angular-compiler][0m

    src/app/features/home/about-section/about-section.component.ts:7:2:
[37m      7 │   [32mimports[37m: [RevealDirective],
        ╵   [32m~~~~~~~[0m

[39m[22m
Component update sent to client(s).
[33m>[39m Changes detected. Rebuilding...
[32m√[39m Changes detected. Rebuilding...
[1mInitial chunk files[22m[2m | [22m[1mNames[22m                 [2m | [22m [1mRaw size[22m
[32mmain.js[39m            [2m | [22m[2mmain[22m                  [2m | [22m  [36m6.44 kB[39m[2m | [22m

[1mLazy chunk files[22m   [2m | [22m[1mNames[22m                 [2m | [22m [1mRaw size[22m
[32mchunk-TEJTZ6J5.js[39m  [2m | [22m[2mlanding-page-component[22m[2m | [22m[36m308.33 kB[39m[2m | [22m

Application bundle generation complete. [8.536 seconds] - 2026-08-02T20:22:25.443Z

Page reload sent to client(s).
[33m>[39m Changes detected. Rebuilding...
[32m√[39m Changes detected. Rebuilding...
[1mInitial chunk files[22m[2m | [22m[1mNames[22m                 [2m | [22m [1mRaw size[22m
[32mmain.js[39m            [2m | [22m[2mmain[22m                  [2m | [22m  [36m6.44 kB[39m[2m | [22m

[1mLazy chunk files[22m   [2m | [22m[1mNames[22m                 [2m | [22m [1mRaw size[22m
[32mchunk-4ZTFKV7S.js[39m  [2m | [22m[2mlanding-page-component[22m[2m | [22m[36m308.33 kB[39m[2m | [22m

Application bundle generation complete. [3.894 seconds] - 2026-08-02T20:22:29.386Z

Page reload sent to client(s).
[33m>[39m Changes detected. Rebuilding...
[32m√[39m Changes detected. Rebuilding...
[1mInitial chunk files[22m[2m | [22m[1mNames[22m                 [2m | [22m [1mRaw size[22m
[32mmain.js[39m            [2m | [22m[2mmain[22m                  [2m | [22m  [36m6.44 kB[39m[2m | [22m

[1mLazy chunk files[22m   [2m | [22m[1mNames[22m                 [2m | [22m [1mRaw size[22m
[32mchunk-VN56MUXP.js[39m  [2m | [22m[2mlanding-page-component[22m[2m | [22m[36m308.43 kB[39m[2m | [22m

Application bundle generation complete. [8.011 seconds] - 2026-08-02T20:23:33.955Z

Page reload sent to client(s).
[33m>[39m Changes detected. Rebuilding...
[32m√[39m Changes detected. Rebuilding...
[1mInitial chunk files[22m[2m | [22m[1mNames[22m                 [2m | [22m [1mRaw size[22m
[32mmain.js[39m            [2m | [22m[2mmain[22m                  [2m | [22m  [36m6.44 kB[39m[2m | [22m

[1mLazy chunk files[22m   [2m | [22m[1mNames[22m                 [2m | [22m [1mRaw size[22m
[32mchunk-IYBUXWCV.js[39m  [2m | [22m[2mlanding-page-component[22m[2m | [22m[36m308.41 kB[39m[2m | [22m

Application bundle generation complete. [6.037 seconds] - 2026-08-02T20:23:40.423Z

Component update sent to client(s).
[33m>[39m Changes detected. Rebuilding...
[32m√[39m Changes detected. Rebuilding...
[1mInitial chunk files[22m[2m | [22m[1mNames[22m                 [2m | [22m [1mRaw size[22m
[32mmain.js[39m            [2m | [22m[2mmain[22m                  [2m | [22m  [36m6.44 kB[39m[2m | [22m

[1mLazy chunk files[22m   [2m | [22m[1mNames[22m                 [2m | [22m [1mRaw size[22m
[32mchunk-T5OKSCKN.js[39m  [2m | [22m[2mlanding-page-component[22m[2m | [22m[36m308.58 kB[39m[2m | [22m

Application bundle generation complete. [6.124 seconds] - 2026-08-02T20:27:44.675Z

Page reload sent to client(s).
[33m>[39m Changes detected. Rebuilding...
[32m√[39m Changes detected. Rebuilding...
[1mInitial chunk files[22m[2m | [22m[1mNames[22m                 [2m | [22m[1mRaw size[22m
[32mmain.js[39m            [2m | [22m[2mmain[22m                  [2m | [22m [36m6.78 kB[39m[2m | [22m

[1mLazy chunk files[22m   [2m | [22m[1mNames[22m                 [2m | [22m[1mRaw size[22m
[32mchunk-3Z5LUF4M.js[39m  [2m | [22m[2mprivacy-page-component[22m[2m | [22m[36m13.50 kB[39m[2m | [22m
[32mchunk-IIY3DEAL.js[39m  [2m | [22m[2mterms-page-component[22m  [2m | [22m[36m13.19 kB[39m[2m | [22m

Application bundle generation complete. [5.368 seconds] - 2026-08-02T20:30:27.578Z

[1m[33m[33m▲ [43;33m[[43;30mWARNING[43;33m][0m [1mNG8113: RouterLink is not used within the template of PrivacyPageComponent[0m [1m[35m[plugin angular-compiler][0m

    src/app/features/legal/privacy/privacy-page.component.ts:9:12:
[37m      9 │   imports: [[32mRouterLink[37m, SiteHeaderComponent, PortfolioFooterCompone...
        ╵             [32m~~~~~~~~~~[0m


[33m▲ [43;33m[[43;30mWARNING[43;33m][0m [1mNG8113: RouterLink is not used within the template of TermsPageComponent[0m [1m[35m[plugin angular-compiler][0m

    src/app/features/legal/terms/terms-page.component.ts:9:12:
[37m      9 │   imports: [[32mRouterLink[37m, SiteHeaderComponent, PortfolioFooterCompone...
        ╵             [32m~~~~~~~~~~[0m

[39m[22m
Page reload sent to client(s).
[33m>[39m Changes detected. Rebuilding...
[32m√[39m Changes detected. Rebuilding...
[1mInitial chunk files[22m[2m | [22m[1mNames[22m                 [2m | [22m [1mRaw size[22m
[32mmain.js[39m            [2m | [22m[2mmain[22m                  [2m | [22m  [36m6.78 kB[39m[2m | [22m

[1mLazy chunk files[22m   [2m | [22m[1mNames[22m                 [2m | [22m [1mRaw size[22m
[32mchunk-RUUGDA7P.js[39m  [2m | [22m[2mlanding-page-component[22m[2m | [22m[36m308.58 kB[39m[2m | [22m
[32mchunk-RIMPZYY6.js[39m  [2m | [22m[2mresume-page-component[22m [2m | [22m [36m91.06 kB[39m[2m | [22m
[32mchunk-A4EDDQJN.js[39m  [2m | [22m[2m-[22m                     [2m | [22m [36m86.12 kB[39m[2m | [22m
[32mchunk-MS43CUKN.js[39m  [2m | [22m[2mprivacy-page-component[22m[2m | [22m [36m13.50 kB[39m[2m | [22m
[32mchunk-GPNUTT7F.js[39m  [2m | [22m[2mterms-page-component[22m  [2m | [22m [36m13.19 kB[39m[2m | [22m

Application bundle generation complete. [0.871 seconds] - 2026-08-02T20:31:24.707Z

[1m[33m[33m▲ [43;33m[[43;30mWARNING[43;33m][0m [1mNG8113: RouterLink is not used within the template of PrivacyPageComponent[0m [1m[35m[plugin angular-compiler][0m

    src/app/features/legal/privacy/privacy-page.component.ts:9:12:
[37m      9 │   imports: [[32mRouterLink[37m, SiteHeaderComponent, PortfolioFooterCompone...
        ╵             [32m~~~~~~~~~~[0m


[33m▲ [43;33m[[43;30mWARNING[43;33m][0m [1mNG8113: RouterLink is not used within the template of TermsPageComponent[0m [1m[35m[plugin angular-compiler][0m

    src/app/features/legal/terms/terms-page.component.ts:9:12:
[37m      9 │   imports: [[32mRouterLink[37m, SiteHeaderComponent, PortfolioFooterCompone...
        ╵             [32m~~~~~~~~~~[0m

[39m[22m
Component update sent to client(s).
[33m>[39m Changes detected. Rebuilding...
[32m√[39m Changes detected. Rebuilding...

No output file changes.

Application bundle generation complete. [0.299 seconds] - 2026-08-02T20:36:35.888Z

[1m[33m[33m▲ [43;33m[[43;30mWARNING[43;33m][0m [1mNG8113: RouterLink is not used within the template of PrivacyPageComponent[0m [1m[35m[plugin angular-compiler][0m

    src/app/features/legal/privacy/privacy-page.component.ts:9:12:
[37m      9 │   imports: [[32mRouterLink[37m, SiteHeaderComponent, PortfolioFooterCompone...
        ╵             [32m~~~~~~~~~~[0m


[33m▲ [43;33m[[43;30mWARNING[43;33m][0m [1mNG8113: RouterLink is not used within the template of TermsPageComponent[0m [1m[35m[plugin angular-compiler][0m

    src/app/features/legal/terms/terms-page.component.ts:9:12:
[37m      9 │   imports: [[32mRouterLink[37m, SiteHeaderComponent, PortfolioFooterCompone...
        ╵             [32m~~~~~~~~~~[0m

[39m[22m
Page reload sent to client(s).
[33m>[39m Changes detected. Rebuilding...
[32m√[39m Changes detected. Rebuilding...
[1mInitial chunk files[22m[2m | [22m[1mNames[22m               [2m | [22m[1mRaw size[22m
[32mmain.js[39m            [2m | [22m[2mmain[22m                [2m | [22m [36m6.78 kB[39m[2m | [22m

[1mLazy chunk files[22m   [2m | [22m[1mNames[22m               [2m | [22m[1mRaw size[22m
[32mchunk-3YWO7EUB.js[39m  [2m | [22m[2mterms-page-component[22m[2m | [22m[36m13.11 kB[39m[2m | [22m

Application bundle generation complete. [3.680 seconds] - 2026-08-02T20:37:47.151Z

[1m[33m[33m▲ [43;33m[[43;30mWARNING[43;33m][0m [1mNG8113: RouterLink is not used within the template of PrivacyPageComponent[0m [1m[35m[plugin angular-compiler][0m

    src/app/features/legal/privacy/privacy-page.component.ts:9:12:
[37m      9 │   imports: [[32mRouterLink[37m, SiteHeaderComponent, PortfolioFooterCompone...
        ╵             [32m~~~~~~~~~~[0m

[39m[22m
Page reload sent to client(s).
[33m>[39m Changes detected. Rebuilding...
[32m√[39m Changes detected. Rebuilding...
[1mInitial chunk files[22m[2m | [22m[1mNames[22m               [2m | [22m[1mRaw size[22m
[32mmain.js[39m            [2m | [22m[2mmain[22m                [2m | [22m [36m6.78 kB[39m[2m | [22m

[1mLazy chunk files[22m   [2m | [22m[1mNames[22m               [2m | [22m[1mRaw size[22m
[32mchunk-G6SWAUR7.js[39m  [2m | [22m[2mterms-page-component[22m[2m | [22m[36m13.11 kB[39m[2m | [22m

Application bundle generation complete. [0.434 seconds] - 2026-08-02T20:37:47.594Z

[1m[33m[33m▲ [43;33m[[43;30mWARNING[43;33m][0m [1mNG8113: RouterLink is not used within the template of PrivacyPageComponent[0m [1m[35m[plugin angular-compiler][0m

    src/app/features/legal/privacy/privacy-page.component.ts:9:12:
[37m      9 │   imports: [[32mRouterLink[37m, SiteHeaderComponent, PortfolioFooterCompone...
        ╵             [32m~~~~~~~~~~[0m

[39m[22m
Page reload sent to client(s).
[33m>[39m Changes detected. Rebuilding...
[32m√[39m Changes detected. Rebuilding...
[1mInitial chunk files[22m[2m | [22m[1mNames[22m                 [2m | [22m[1mRaw size[22m
[32mmain.js[39m            [2m | [22m[2mmain[22m                  [2m | [22m [36m6.78 kB[39m[2m | [22m

[1mLazy chunk files[22m   [2m | [22m[1mNames[22m                 [2m | [22m[1mRaw size[22m
[32mchunk-O6AXDJEY.js[39m  [2m | [22m[2mprivacy-page-component[22m[2m | [22m[36m13.42 kB[39m[2m | [22m

Application bundle generation complete. [0.703 seconds] - 2026-08-02T20:37:57.819Z

Page reload sent to client(s).
[33m>[39m Changes detected. Rebuilding...
[32m√[39m Changes detected. Rebuilding...
[1mInitial chunk files[22m[2m | [22m[1mNames[22m                 [2m | [22m [1mRaw size[22m
[32mmain.js[39m            [2m | [22m[2mmain[22m                  [2m | [22m  [36m6.78 kB[39m[2m | [22m

[1mLazy chunk files[22m   [2m | [22m[1mNames[22m                 [2m | [22m [1mRaw size[22m
[32mchunk-OFKIJOO7.js[39m  [2m | [22m[2mlanding-page-component[22m[2m | [22m[36m308.57 kB[39m[2m | [22m

Application bundle generation complete. [6.118 seconds] - 2026-08-02T20:38:32.479Z

Page reload sent to client(s).
[33m>[39m Changes detected. Rebuilding...
[32m√[39m Changes detected. Rebuilding...
[1mInitial chunk files[22m[2m | [22m[1mNames[22m                 [2m | [22m [1mRaw size[22m
[32mmain.js[39m            [2m | [22m[2mmain[22m                  [2m | [22m  [36m6.78 kB[39m[2m | [22m

[1mLazy chunk files[22m   [2m | [22m[1mNames[22m                 [2m | [22m [1mRaw size[22m
[32mchunk-L55RXIT6.js[39m  [2m | [22m[2mlanding-page-component[22m[2m | [22m[36m307.71 kB[39m[2m | [22m

Application bundle generation complete. [1.691 seconds] - 2026-08-02T20:38:56.537Z

Page reload sent to client(s).
[33m>[39m Changes detected. Rebuilding...
[32m√[39m Changes detected. Rebuilding...
[1mInitial chunk files[22m[2m | [22m[1mNames[22m                 [2m | [22m [1mRaw size[22m
[32mmain.js[39m            [2m | [22m[2mmain[22m                  [2m | [22m  [36m6.78 kB[39m[2m | [22m

[1mLazy chunk files[22m   [2m | [22m[1mNames[22m                 [2m | [22m [1mRaw size[22m
[32mchunk-IEACX75U.js[39m  [2m | [22m[2mlanding-page-component[22m[2m | [22m[36m307.71 kB[39m[2m | [22m
[32mchunk-GXT5POEQ.js[39m  [2m | [22m[2mresume-page-component[22m [2m | [22m [36m91.06 kB[39m[2m | [22m
[32mchunk-4PFKWOCV.js[39m  [2m | [22m[2m-[22m                     [2m | [22m [36m85.73 kB[39m[2m | [22m
[32mchunk-POANE2BH.js[39m  [2m | [22m[2mprivacy-page-component[22m[2m | [22m [36m13.42 kB[39m[2m | [22m
[32mchunk-IMNX5JTK.js[39m  [2m | [22m[2mterms-page-component[22m  [2m | [22m [36m13.11 kB[39m[2m | [22m

Application bundle generation complete. [2.977 seconds] - 2026-08-02T20:39:02.255Z

Component update sent to client(s).
[33m>[39m Changes detected. Rebuilding...
[32m√[39m Changes detected. Rebuilding...
[1mInitial chunk files[22m[2m | [22m[1mNames[22m                 [2m | [22m[1mRaw size[22m
[32mmain.js[39m            [2m | [22m[2mmain[22m                  [2m | [22m [36m6.78 kB[39m[2m | [22m

[1mLazy chunk files[22m   [2m | [22m[1mNames[22m                 [2m | [22m[1mRaw size[22m
[32mchunk-CZTQNEWL.js[39m  [2m | [22m[2mprivacy-page-component[22m[2m | [22m[36m15.28 kB[39m[2m | [22m

Application bundle generation complete. [4.915 seconds] - 2026-08-02T20:39:48.844Z

Component update sent to client(s).
[33m>[39m Changes detected. Rebuilding...
[32m√[39m Changes detected. Rebuilding...
[1mInitial chunk files[22m[2m | [22m[1mNames[22m               [2m | [22m[1mRaw size[22m
[32mmain.js[39m            [2m | [22m[2mmain[22m                [2m | [22m [36m6.78 kB[39m[2m | [22m

[1mLazy chunk files[22m   [2m | [22m[1mNames[22m               [2m | [22m[1mRaw size[22m
[32mchunk-4MWYVBXK.js[39m  [2m | [22m[2mterms-page-component[22m[2m | [22m[36m15.01 kB[39m[2m | [22m

Application bundle generation complete. [1.172 seconds] - 2026-08-02T20:40:17.768Z

Component update sent to client(s).
[33m>[39m Changes detected. Rebuilding...
[32m√[39m Changes detected. Rebuilding...
[1mInitial chunk files[22m[2m | [22m[1mNames[22m                 [2m | [22m [1mRaw size[22m
[32mmain.js[39m            [2m | [22m[2mmain[22m                  [2m | [22m  [36m6.78 kB[39m[2m | [22m

[1mLazy chunk files[22m   [2m | [22m[1mNames[22m                 [2m | [22m [1mRaw size[22m
[32mchunk-Z6OZGAWN.js[39m  [2m | [22m[2mlanding-page-component[22m[2m | [22m[36m307.71 kB[39m[2m | [22m
[32mchunk-HPSIOS6C.js[39m  [2m | [22m[2mresume-page-component[22m [2m | [22m [36m91.06 kB[39m[2m | [22m
[32mchunk-LYP2QZEP.js[39m  [2m | [22m[2m-[22m                     [2m | [22m [36m84.92 kB[39m[2m | [22m
[32mchunk-QO5JXDCA.js[39m  [2m | [22m[2mprivacy-page-component[22m[2m | [22m [36m15.28 kB[39m[2m | [22m
[32mchunk-YRNKGZDT.js[39m  [2m | [22m[2mterms-page-component[22m  [2m | [22m [36m15.01 kB[39m[2m | [22m

Application bundle generation complete. [11.913 seconds] - 2026-08-02T20:42:36.779Z

Page reload sent to client(s).
[33m>[39m Changes detected. Rebuilding...
[32m√[39m Changes detected. Rebuilding...
[1mInitial chunk files[22m[2m | [22m[1mNames[22m                 [2m | [22m [1mRaw size[22m
[32mmain.js[39m            [2m | [22m[2mmain[22m                  [2m | [22m  [36m6.78 kB[39m[2m | [22m
[32mstyles.css[39m         [2m | [22m[2mstyles[22m                [2m | [22m  [36m1.07 kB[39m[2m | [22m
[32mchunk-VUJOFXKG.js[39m  [2m | [22m[2m-[22m                     [2m | [22m[36m938 bytes[39m[2m | [22m
[32mchunk-JRJ74MGL.js[39m  [2m | [22m[2m-[22m                     [2m | [22m[36m398 bytes[39m[2m | [22m

[1m [22m                  [2m | [22m[1mInitial total[22m         [2m | [22m  [1m9.19 kB[22m

[1mLazy chunk files[22m   [2m | [22m[1mNames[22m                 [2m | [22m [1mRaw size[22m
[32mchunk-Z6OZGAWN.js[39m  [2m | [22m[2mlanding-page-component[22m[2m | [22m[36m307.71 kB[39m[2m | [22m
[32mchunk-HPSIOS6C.js[39m  [2m | [22m[2mresume-page-component[22m [2m | [22m [36m91.06 kB[39m[2m | [22m
[32mchunk-LYP2QZEP.js[39m  [2m | [22m[2m-[22m                     [2m | [22m [36m84.92 kB[39m[2m | [22m
[32mchunk-QO5JXDCA.js[39m  [2m | [22m[2mprivacy-page-component[22m[2m | [22m [36m15.28 kB[39m[2m | [22m
[32mchunk-YRNKGZDT.js[39m  [2m | [22m[2mterms-page-component[22m  [2m | [22m [36m15.01 kB[39m[2m | [22m

Application bundle generation complete. [2.463 seconds] - 2026-08-02T20:42:39.404Z

Component update sent to client(s).
[33m>[39m Changes detected. Rebuilding...
[32m√[39m Changes detected. Rebuilding...
[1mInitial chunk files[22m[2m | [22m[1mNames[22m                 [2m | [22m [1mRaw size[22m
[32mmain.js[39m            [2m | [22m[2mmain[22m                  [2m | [22m  [36m6.78 kB[39m[2m | [22m

[1mLazy chunk files[22m   [2m | [22m[1mNames[22m                 [2m | [22m [1mRaw size[22m
[32mchunk-MOSVA5EO.js[39m  [2m | [22m[2mlanding-page-component[22m[2m | [22m[36m307.68 kB[39m[2m | [22m

Application bundle generation complete. [0.675 seconds] - 2026-08-02T20:42:40.152Z

Component update sent to client(s).
[33m>[39m Changes detected. Rebuilding...
[32m√[39m Changes detected. Rebuilding...
Application bundle generation failed. [11.610 seconds] - 2026-08-02T20:50:19.632Z

[1m[31m[31mX [41;31m[[41;97mERROR[41;31m][0m [1mTS2307: Cannot find module '@angular/core' or its corresponding type declarations.[0m [1m[35m[plugin angular-compiler][0m

    src/app/app.config.ts:1:70:
[37m      1 │ ...nConfig, provideBrowserGlobalErrorListeners } from [32m'@angular/core'[37m;
        ╵                                                       [32m~~~~~~~~~~~~~~~[0m


[31mX [41;31m[[41;97mERROR[41;31m][0m [1mTS2307: Cannot find module '@ngrx/effects' or its corresponding type declarations.[0m [1m[35m[plugin angular-compiler][0m

    src/app/app.config.ts:2:31:
[37m      2 │ import { provideEffects } from [32m'@ngrx/effects'[37m;
        ╵                                [32m~~~~~~~~~~~~~~~[0m


[31mX [41;31m[[41;97mERROR[41;31m][0m [1mTS2307: Cannot find module '@ngrx/store' or its corresponding type declarations.[0m [1m[35m[plugin angular-compiler][0m

    src/app/app.config.ts:3:29:
[37m      3 │ import { provideStore } from [32m'@ngrx/store'[37m;
        ╵                              [32m~~~~~~~~~~~~~[0m


[31mX [41;31m[[41;97mERROR[41;31m][0m [1mTS2307: Cannot find module '@angular/router' or its corresponding type declarations.[0m [1m[35m[plugin angular-compiler][0m

    src/app/app.config.ts:4:53:
[37m      4 │ ...rt { provideRouter, withInMemoryScrolling } from [32m'@angular/router'[37m;
        ╵                                                     [32m~~~~~~~~~~~~~~~~~[0m


[31mX [41;31m[[41;97mERROR[41;31m][0m [1mTS2307: Cannot find module '@angular/router' or its corresponding type declarations.[0m [1m[35m[plugin angular-compiler][0m

    src/app/app.routes.ts:1:23:
[37m      1 │ import { Routes } from [32m'@angular/router'[37m;
        ╵                        [32m~~~~~~~~~~~~~~~~~[0m


[31mX [41;31m[[41;97mERROR[41;31m][0m [1mTS2307: Cannot find module '@angular/core' or its corresponding type declarations.[0m [1m[35m[plugin angular-compiler][0m

    src/app/app.ts:1:52:
[37m      1 │ import { Component, OnDestroy, AfterViewInit } from [32m'@angular/core'[37m;
        ╵                                                     [32m~~~~~~~~~~~~~~~[0m


[31mX [41;31m[[41;97mERROR[41;31m][0m [1mTS2307: Cannot find module '@angular/router' or its corresponding type declarations.[0m [1m[35m[plugin angular-compiler][0m

    src/app/app.ts:2:29:
[37m      2 │ import { RouterOutlet } from [32m'@angular/router'[37m;
        ╵                              [32m~~~~~~~~~~~~~~~~~[0m


[31mX [41;31m[[41;97mERROR[41;31m][0m [1mTS2307: Cannot find module 'lenis' or its corresponding type declarations.[0m [1m[35m[plugin angular-compiler][0m

    src/app/app.ts:3:18:
[37m      3 │ import Lenis from [32m'lenis'[37m;
        ╵                   [32m~~~~~~~[0m


[31mX [41;31m[[41;97mERROR[41;31m][0m [1mTS2307: Cannot find module 'gsap' or its corresponding type declarations.[0m [1m[35m[plugin angular-compiler][0m

    src/app/app.ts:4:21:
[37m      4 │ import { gsap } from [32m'gsap'[37m;
        ╵                      [32m~~~~~~[0m


[31mX [41;31m[[41;97mERROR[41;31m][0m [1mTS2307: Cannot find module 'gsap/ScrollTrigger' or its corresponding type declarations.[0m [1m[35m[plugin angular-compiler][0m

    src/app/app.ts:5:30:
[37m      5 │ import { ScrollTrigger } from [32m'gsap/ScrollTrigger'[37m;
        ╵                               [32m~~~~~~~~~~~~~~~~~~~~[0m


[31mX [41;31m[[41;97mERROR[41;31m][0m [1mTS2354: This syntax requires an imported helper but module 'tslib' cannot be found.[0m [1m[35m[plugin angular-compiler][0m

    src/app/app.ts:9:0:
[37m      9 │ [32m@Component({[37m
        ╵ [32m~~~~~~~~~~~~[0m


[31mX [41;31m[[41;97mERROR[41;31m][0m [1mNG1010: 'imports' must be an array of components, directives, pipes, or NgModules.
  Value could not be determined statically.[0m [1m[35m[plugin angular-compiler][0m

    src/app/app.ts:11:12:
[37m      11 │   imports: [[32mRouterOutlet[37m],
         ╵             [32m~~~~~~~~~~~~[0m

  Unknown reference.

    src/app/app.ts:11:12:
[37m      11 │   imports: [[32mRouterOutlet[37m],
         ╵             [32m~~~~~~~~~~~~[0m


[31mX [41;31m[[41;97mERROR[41;31m][0m [1mTS2307: Cannot find module '@angular/core' or its corresponding type declarations.[0m [1m[35m[plugin angular-compiler][0m

    src/app/core/services/brief-gateway.service.ts:1:27:
[37m      1 │ import { Injectable } from [32m'@angular/core'[37m;
        ╵                            [32m~~~~~~~~~~~~~~~[0m


[31mX [41;31m[[41;97mERROR[41;31m][0m [1mTS2307: Cannot find module 'rxjs' or its corresponding type declarations.[0m [1m[35m[plugin angular-compiler][0m

    src/app/core/services/brief-gateway.service.ts:2:38:
[37m      2 │ import { delay, Observable, of } from [32m'rxjs'[37m;
        ╵                                       [32m~~~~~~[0m


[31mX [41;31m[[41;97mERROR[41;31m][0m [1mTS2354: This syntax requires an imported helper but module 'tslib' cannot be found.[0m [1m[35m[plugin angular-compiler][0m

    src/app/core/services/brief-gateway.service.ts:6:0:
[37m      6 │ [32m@Injectable({ providedIn: 'root' })[37m
        ╵ [32m~~~~~~~~~~~~~~~~~~~~~~~~~~~~~~~~~~~[0m


[31mX [41;31m[[41;97mERROR[41;31m][0m [1mTS2307: Cannot find module '@ngrx/store' or its corresponding type declarations.[0m [1m[35m[plugin angular-compiler][0m

    src/app/core/state/brief.actions.ts:1:53:
[37m      1 │ import { createActionGroup, emptyProps, props } from [32m'@ngrx/store'[37m;
        ╵                                                      [32m~~~~~~~~~~~~~[0m


[31mX [41;31m[[41;97mERROR[41;31m][0m [1mTS2307: Cannot find module '@angular/core' or its corresponding type declarations.[0m [1m[35m[plugin angular-compiler][0m

    src/app/core/state/brief.effects.ts:1:35:
[37m      1 │ import { Injectable, inject } from [32m'@angular/core'[37m;
        ╵                                    [32m~~~~~~~~~~~~~~~[0m


[31mX [41;31m[[41;97mERROR[41;31m][0m [1mTS2307: Cannot find module '@ngrx/effects' or its corresponding type declarations.[0m [1m[35m[plugin angular-compiler][0m

    src/app/core/state/brief.effects.ts:2:46:
[37m      2 │ import { Actions, createEffect, ofType } from [32m'@ngrx/effects'[37m;
        ╵                                               [32m~~~~~~~~~~~~~~~[0m


[31mX [41;31m[[41;97mERROR[41;31m][0m [1mTS2307: Cannot find module 'rxjs/operators' or its corresponding type declarations.[0m [1m[35m[plugin angular-compiler][0m

    src/app/core/state/brief.effects.ts:3:43:
[37m      3 │ import { catchError, map, switchMap } from [32m'rxjs/operators'[37m;
        ╵                                            [32m~~~~~~~~~~~~~~~~[0m


[31mX [41;31m[[41;97mERROR[41;31m][0m [1mTS2307: Cannot find module 'rxjs' or its corresponding type declarations.[0m [1m[35m[plugin angular-compiler][0m

    src/app/core/state/brief.effects.ts:4:19:
[37m      4 │ import { of } from [32m'rxjs'[37m;
        ╵                    [32m~~~~~~[0m


[31mX [41;31m[[41;97mERROR[41;31m][0m [1mTS2354: This syntax requires an imported helper but module 'tslib' cannot be found.[0m [1m[35m[plugin angular-compiler][0m

    src/app/core/state/brief.effects.ts:8:0:
[37m      8 │ [32m@Injectable()[37m
        ╵ [32m~~~~~~~~~~~~~[0m


[31mX [41;31m[[41;97mERROR[41;31m][0m [1mTS7031: Binding element 'brief' implicitly has an 'any' type.[0m [1m[35m[plugin angular-compiler][0m

    src/app/core/state/brief.effects.ts:15:17:
[37m      15 │     switchMap(({ [32mbrief[37m }) => this.gateway.submit(brief).pipe(
         ╵                  [32m~~~~~[0m


[31mX [41;31m[[41;97mERROR[41;31m][0m [1mTS7006: Parameter 'submittedBrief' implicitly has an 'any' type.[0m [1m[35m[plugin angular-compiler][0m

    src/app/core/state/brief.effects.ts:16:11:
[37m      16 │       map(([32msubmittedBrief[37m) => BriefActions.submitSucceeded({ brief...
         ╵            [32m~~~~~~~~~~~~~~[0m


[31mX [41;31m[[41;97mERROR[41;31m][0m [1mTS2307: Cannot find module '@ngrx/store' or its corresponding type declarations.[0m [1m[35m[plugin angular-compiler][0m

    src/app/core/state/brief.reducer.ts:1:34:
[37m      1 │ import { createReducer, on } from [32m'@ngrx/store'[37m;
        ╵                                   [32m~~~~~~~~~~~~~[0m


[31mX [41;31m[[41;97mERROR[41;31m][0m [1mTS7006: Parameter 'state' implicitly has an 'any' type.[0m [1m[35m[plugin angular-compiler][0m

    src/app/core/state/brief.reducer.ts:9:36:
[37m      9 │ ...riefActions.submitRequested, ([32mstate[37m) => ({ ...state, status: 'su...
        ╵                                  [32m~~~~~[0m


[31mX [41;31m[[41;97mERROR[41;31m][0m [1mTS7006: Parameter '_' implicitly has an 'any' type.[0m [1m[35m[plugin angular-compiler][0m

    src/app/core/state/brief.reducer.ts:10:36:
[37m      10 │ ...BriefActions.submitSucceeded, ([32m_[37m, { brief }) => ({ status: 'suc...
         ╵                                   [32m^[0m


[31mX [41;31m[[41;97mERROR[41;31m][0m [1mTS7031: Binding element 'brief' implicitly has an 'any' type.[0m [1m[35m[plugin angular-compiler][0m

    src/app/core/state/brief.reducer.ts:10:41:
[37m      10 │ ...tions.submitSucceeded, (_, { [32mbrief[37m }) => ({ status: 'success' a...
         ╵                                 [32m~~~~~[0m


[31mX [41;31m[[41;97mERROR[41;31m][0m [1mTS7006: Parameter 'state' implicitly has an 'any' type.[0m [1m[35m[plugin angular-compiler][0m

    src/app/core/state/brief.reducer.ts:11:33:
[37m      11 │ ...(BriefActions.submitFailed, ([32mstate[37m, { error }) => ({ ...state, ...
         ╵                                 [32m~~~~~[0m


[31mX [41;31m[[41;97mERROR[41;31m][0m [1mTS7031: Binding element 'error' implicitly has an 'any' type.[0m [1m[35m[plugin angular-compiler][0m

    src/app/core/state/brief.reducer.ts:11:42:
[37m      11 │ ...ions.submitFailed, (state, { [32merror[37m }) => ({ ...state, status: '...
         ╵                                 [32m~~~~~[0m


[31mX [41;31m[[41;97mERROR[41;31m][0m [1mTS2307: Cannot find module '@ngrx/store' or its corresponding type declarations.[0m [1m[35m[plugin angular-compiler][0m

    src/app/core/state/brief.selectors.ts:1:38:
[37m      1 │ import { createFeatureSelector } from [32m'@ngrx/store'[37m;
        ╵                                       [32m~~~~~~~~~~~~~[0m


[31mX [41;31m[[41;97mERROR[41;31m][0m [1mTS2307: Cannot find module '@angular/core' or its corresponding type declarations.[0m [1m[35m[plugin angular-compiler][0m

    src/app/features/home/about-section/about-section.component.ts:1:51:
[37m      1 │ import { ChangeDetectionStrategy, Component } from [32m'@angular/core'[37m;
        ╵                                                    [32m~~~~~~~~~~~~~~~[0m


[31mX [41;31m[[41;97mERROR[41;31m][0m [1mTS2354: This syntax requires an imported helper but module 'tslib' cannot be found.[0m [1m[35m[plugin angular-compiler][0m

    src/app/features/home/about-section/about-section.component.ts:4:0:
[37m      4 │ [32m@Component({[37m
        ╵ [32m~~~~~~~~~~~~[0m


[31mX [41;31m[[41;97mERROR[41;31m][0m [1mNG1010: changeDetection must be a member of ChangeDetectionStrategy enum from @angular/core
  Value could not be determined statically.[0m [1m[35m[plugin angular-compiler][0m

    src/app/features/home/about-section/about-section.component.ts:8:19:
[37m      8 │   changeDetection: [32mChangeDetectionStrategy.OnPush[37m,
        ╵                    [32m~~~~~~~~~~~~~~~~~~~~~~~~~~~~~~[0m

  Unknown reference.

    src/app/features/home/about-section/about-section.component.ts:8:19:
[37m      8 │   changeDetection: [32mChangeDetectionStrategy[37m.OnPush,
        ╵                    [32m~~~~~~~~~~~~~~~~~~~~~~~[0m


[31mX [41;31m[[41;97mERROR[41;31m][0m [1mTS2307: Cannot find module '@angular/core' or its corresponding type declarations.[0m [1m[35m[plugin angular-compiler][0m

    src/app/features/home/contact-section/contact-section.component.ts:8:7:
[37m      8 │ } from [32m'@angular/core'[37m;
        ╵        [32m~~~~~~~~~~~~~~~[0m


[31mX [41;31m[[41;97mERROR[41;31m][0m [1mTS2307: Cannot find module '@angular/common' or its corresponding type declarations.[0m [1m[35m[plugin angular-compiler][0m

    src/app/features/home/contact-section/contact-section.component.ts:9:29:
[37m      9 │ import { CommonModule } from [32m'@angular/common'[37m;
        ╵                              [32m~~~~~~~~~~~~~~~~~[0m


[31mX [41;31m[[41;97mERROR[41;31m][0m [1mTS2307: Cannot find module '@angular/forms' or its corresponding type declarations.[0m [1m[35m[plugin angular-compiler][0m

    src/app/features/home/contact-section/contact-section.component.ts:10:78:
[37m      10 │ ... FormBuilder, Validators, AbstractControl } from [32m'@angular/forms'[37m;
         ╵                                                     [32m~~~~~~~~~~~~~~~~[0m


[31mX [41;31m[[41;97mERROR[41;31m][0m [1mTS2307: Cannot find module '@ngrx/store' or its corresponding type declarations.[0m [1m[35m[plugin angular-compiler][0m

    src/app/features/home/contact-section/contact-section.component.ts:11:22:
[37m      11 │ import { Store } from [32m'@ngrx/store'[37m;
         ╵                       [32m~~~~~~~~~~~~~[0m


[31mX [41;31m[[41;97mERROR[41;31m][0m [1mTS2307: Cannot find module '@angular/core/rxjs-interop' or its corresponding type declarations.[0m [1m[35m[plugin angular-compiler][0m

    src/app/features/home/contact-section/contact-section.component.ts:12:25:
[37m      12 │ import { toSignal } from [32m'@angular/core/rxjs-interop'[37m;
         ╵                          [32m~~~~~~~~~~~~~~~~~~~~~~~~~~~~[0m


[31mX [41;31m[[41;97mERROR[41;31m][0m [1mTS2354: This syntax requires an imported helper but module 'tslib' cannot be found.[0m [1m[35m[plugin angular-compiler][0m

    src/app/features/home/contact-section/contact-section.component.ts:17:0:
[37m      17 │ [32m@Component({[37m
         ╵ [32m~~~~~~~~~~~~[0m


[31mX [41;31m[[41;97mERROR[41;31m][0m [1mNG1010: changeDetection must be a member of ChangeDetectionStrategy enum from @angular/core
  Value could not be determined statically.[0m [1m[35m[plugin angular-compiler][0m

    src/app/features/home/contact-section/contact-section.component.ts:23:19:
[37m      23 │   changeDetection: [32mChangeDetectionStrategy.OnPush[37m,
         ╵                    [32m~~~~~~~~~~~~~~~~~~~~~~~~~~~~~~[0m

  Unknown reference.

    src/app/features/home/contact-section/contact-section.component.ts:23:19:
[37m      23 │   changeDetection: [32mChangeDetectionStrategy[37m.OnPush,
         ╵                    [32m~~~~~~~~~~~~~~~~~~~~~~~[0m


[31mX [41;31m[[41;97mERROR[41;31m][0m [1mTS2307: Cannot find module '@angular/core' or its corresponding type declarations.[0m [1m[35m[plugin angular-compiler][0m

    src/app/features/home/portfolio-footer/portfolio-footer.component.ts:8:7:
[37m      8 │ } from [32m'@angular/core'[37m;
        ╵        [32m~~~~~~~~~~~~~~~[0m


[31mX [41;31m[[41;97mERROR[41;31m][0m [1mTS2307: Cannot find module '@angular/common' or its corresponding type declarations.[0m [1m[35m[plugin angular-compiler][0m

    src/app/features/home/portfolio-footer/portfolio-footer.component.ts:9:25:
[37m      9 │ import { DatePipe } from [32m'@angular/common'[37m;
        ╵                          [32m~~~~~~~~~~~~~~~~~[0m


[31mX [41;31m[[41;97mERROR[41;31m][0m [1mTS2307: Cannot find module '@angular/router' or its corresponding type declarations.[0m [1m[35m[plugin angular-compiler][0m

    src/app/features/home/portfolio-footer/portfolio-footer.component.ts:11:27:
[37m      11 │ import { RouterLink } from [32m'@angular/router'[37m;
         ╵                            [32m~~~~~~~~~~~~~~~~~[0m


[31mX [41;31m[[41;97mERROR[41;31m][0m [1mTS2354: This syntax requires an imported helper but module 'tslib' cannot be found.[0m [1m[35m[plugin angular-compiler][0m

    src/app/features/home/portfolio-footer/portfolio-footer.component.ts:19:0:
[37m      19 │ [32m@Component({[37m
         ╵ [32m~~~~~~~~~~~~[0m


[31mX [41;31m[[41;97mERROR[41;31m][0m [1mNG1010: changeDetection must be a member of ChangeDetectionStrategy enum from @angular/core
  Value could not be determined statically.[0m [1m[35m[plugin angular-compiler][0m

    src/app/features/home/portfolio-footer/portfolio-footer.component.ts:25:19:
[37m      25 │   changeDetection: [32mChangeDetectionStrategy.OnPush[37m,
         ╵                    [32m~~~~~~~~~~~~~~~~~~~~~~~~~~~~~~[0m

  Unknown reference.

    src/app/features/home/portfolio-footer/portfolio-footer.component.ts:25:19:
[37m      25 │   changeDetection: [32mChangeDetectionStrategy[37m.OnPush,
         ╵                    [32m~~~~~~~~~~~~~~~~~~~~~~~[0m


[31mX [41;31m[[41;97mERROR[41;31m][0m [1mTS7006: Parameter 'hidden' implicitly has an 'any' type.[0m [1m[35m[plugin angular-compiler][0m

    src/app/features/home/portfolio-footer/portfolio-footer.component.ts:50:28:
[37m      50 │     this.isIpHidden.update(([32mhidden[37m) => !hidden);
         ╵                             [32m~~~~~~[0m


[31mX [41;31m[[41;97mERROR[41;31m][0m [1mTS7006: Parameter 'curr' implicitly has an 'any' type.[0m [1m[35m[plugin angular-compiler][0m

    src/app/features/home/portfolio-footer/portfolio-footer.component.ts:157:33:
[37m      157 │ ...    this.networkInfo.update(([32mcurr[37m) => ({ ...curr, loading: fal...
          ╵                                 [32m~~~~[0m


[31mX [41;31m[[41;97mERROR[41;31m][0m [1mTS2307: Cannot find module '@angular/core' or its corresponding type declarations.[0m [1m[35m[plugin angular-compiler][0m

    src/app/features/home/portfolio-hero/portfolio-hero.component.ts:1:51:
[37m      1 │ import { ChangeDetectionStrategy, Component } from [32m'@angular/core'[37m;
        ╵                                                    [32m~~~~~~~~~~~~~~~[0m


[31mX [41;31m[[41;97mERROR[41;31m][0m [1mTS2354: This syntax requires an imported helper but module 'tslib' cannot be found.[0m [1m[35m[plugin angular-compiler][0m

    src/app/features/home/portfolio-hero/portfolio-hero.component.ts:3:0:
[37m      3 │ [32m@Component({[37m
        ╵ [32m~~~~~~~~~~~~[0m


[31mX [41;31m[[41;97mERROR[41;31m][0m [1mNG1010: changeDetection must be a member of ChangeDetectionStrategy enum from @angular/core
  Value could not be determined statically.[0m [1m[35m[plugin angular-compiler][0m

    src/app/features/home/portfolio-hero/portfolio-hero.component.ts:7:19:
[37m      7 │   changeDetection: [32mChangeDetectionStrategy.OnPush[37m
        ╵                    [32m~~~~~~~~~~~~~~~~~~~~~~~~~~~~~~[0m

  Unknown reference.

    src/app/features/home/portfolio-hero/portfolio-hero.component.ts:7:19:
[37m      7 │   changeDetection: [32mChangeDetectionStrategy[37m.OnPush
        ╵                    [32m~~~~~~~~~~~~~~~~~~~~~~~[0m


[31mX [41;31m[[41;97mERROR[41;31m][0m [1mTS2307: Cannot find module '@angular/core' or its corresponding type declarations.[0m [1m[35m[plugin angular-compiler][0m

    src/app/features/home/projects-section/projects-section.component.ts:10:7:
[37m      10 │ } from [32m'@angular/core'[37m;
         ╵        [32m~~~~~~~~~~~~~~~[0m


[31mX [41;31m[[41;97mERROR[41;31m][0m [1mTS2307: Cannot find module 'gsap' or its corresponding type declarations.[0m [1m[35m[plugin angular-compiler][0m

    src/app/features/home/projects-section/projects-section.component.ts:12:21:
[37m      12 │ import { gsap } from [32m'gsap'[37m;
         ╵                      [32m~~~~~~[0m


[31mX [41;31m[[41;97mERROR[41;31m][0m [1mTS2307: Cannot find module 'gsap/ScrollTrigger' or its corresponding type declarations.[0m [1m[35m[plugin angular-compiler][0m

    src/app/features/home/projects-section/projects-section.component.ts:13:30:
[37m      13 │ import { ScrollTrigger } from [32m'gsap/ScrollTrigger'[37m;
         ╵                               [32m~~~~~~~~~~~~~~~~~~~~[0m


[31mX [41;31m[[41;97mERROR[41;31m][0m [1mTS2354: This syntax requires an imported helper but module 'tslib' cannot be found.[0m [1m[35m[plugin angular-compiler][0m

    src/app/features/home/projects-section/projects-section.component.ts:17:0:
[37m      17 │ [32m@Component({[37m
         ╵ [32m~~~~~~~~~~~~[0m


[31mX [41;31m[[41;97mERROR[41;31m][0m [1mNG1010: changeDetection must be a member of ChangeDetectionStrategy enum from @angular/core
  Value could not be determined statically.[0m [1m[35m[plugin angular-compiler][0m

    src/app/features/home/projects-section/projects-section.component.ts:21:19:
[37m      21 │   changeDetection: [32mChangeDetectionStrategy.OnPush[37m,
         ╵                    [32m~~~~~~~~~~~~~~~~~~~~~~~~~~~~~~[0m

  Unknown reference.

    src/app/features/home/projects-section/projects-section.component.ts:21:19:
[37m      21 │   changeDetection: [32mChangeDetectionStrategy[37m.OnPush,
         ╵                    [32m~~~~~~~~~~~~~~~~~~~~~~~[0m


[31mX [41;31m[[41;97mERROR[41;31m][0m [1mTS7006: Parameter 'st' implicitly has an 'any' type.[0m [1m[35m[plugin angular-compiler][0m

    src/app/features/home/projects-section/projects-section.component.ts:43:36:
[37m      43 │     ScrollTrigger.getAll().forEach(([32mst[37m) => {
         ╵                                     [32m~~[0m


[31mX [41;31m[[41;97mERROR[41;31m][0m [1mTS7006: Parameter 'c' implicitly has an 'any' type.[0m [1m[35m[plugin angular-compiler][0m

    src/app/features/home/projects-section/projects-section.component.ts:51:51:
[37m      51 │ ...t cardElements = this.cards.toArray().map(([32mc[37m) => c.nativeElement);
         ╵                                               [32m^[0m


[31mX [41;31m[[41;97mERROR[41;31m][0m [1mTS7006: Parameter 'card' implicitly has an 'any' type.[0m [1m[35m[plugin angular-compiler][0m

    src/app/features/home/projects-section/projects-section.component.ts:56:26:
[37m      56 │     cardElements.forEach(([32mcard[37m, i) => {
         ╵                           [32m~~~~[0m


[31mX [41;31m[[41;97mERROR[41;31m][0m [1mTS7006: Parameter 'i' implicitly has an 'any' type.[0m [1m[35m[plugin angular-compiler][0m

    src/app/features/home/projects-section/projects-section.component.ts:56:32:
[37m      56 │     cardElements.forEach((card, [32mi[37m) => {
         ╵                                 [32m^[0m


[31mX [41;31m[[41;97mERROR[41;31m][0m [1mTS7006: Parameter 'prevCard' implicitly has an 'any' type.[0m [1m[35m[plugin angular-compiler][0m

    src/app/features/home/projects-section/projects-section.component.ts:93:29:
[37m      93 │       previousCards.forEach(([32mprevCard[37m, j) => {
         ╵                              [32m~~~~~~~~[0m


[31mX [41;31m[[41;97mERROR[41;31m][0m [1mTS7006: Parameter 'j' implicitly has an 'any' type.[0m [1m[35m[plugin angular-compiler][0m

    src/app/features/home/projects-section/projects-section.component.ts:93:39:
[37m      93 │       previousCards.forEach((prevCard, [32mj[37m) => {
         ╵                                        [32m^[0m


[31mX [41;31m[[41;97mERROR[41;31m][0m [1mTS7006: Parameter '_' implicitly has an 'any' type.[0m [1m[35m[plugin angular-compiler][0m

    src/app/features/home/projects-section/projects-section.component.ts:114:41:
[37m      114 │     const snapPoints = cardElements.map(([32m_[37m, i) => {
          ╵                                          [32m^[0m


[31mX [41;31m[[41;97mERROR[41;31m][0m [1mTS7006: Parameter 'i' implicitly has an 'any' type.[0m [1m[35m[plugin angular-compiler][0m

    src/app/features/home/projects-section/projects-section.component.ts:114:44:
[37m      114 │     const snapPoints = cardElements.map((_, [32mi[37m) => {
          ╵                                             [32m^[0m


[31mX [41;31m[[41;97mERROR[41;31m][0m [1mTS7006: Parameter 'self' implicitly has an 'any' type.[0m [1m[35m[plugin angular-compiler][0m

    src/app/features/home/projects-section/projects-section.component.ts:133:17:
[37m      133 │       onUpdate: ([32mself[37m) => {
          ╵                  [32m~~~~[0m


[31mX [41;31m[[41;97mERROR[41;31m][0m [1mTS2307: Cannot find module '@angular/core' or its corresponding type declarations.[0m [1m[35m[plugin angular-compiler][0m

    src/app/features/home/skills-section/skills-section.component.ts:1:59:
[37m      1 │ ... ChangeDetectionStrategy, Component, inject } from [32m'@angular/core'[37m;
        ╵                                                       [32m~~~~~~~~~~~~~~~[0m


[31mX [41;31m[[41;97mERROR[41;31m][0m [1mTS2307: Cannot find module '@angular/platform-browser' or its corresponding type declarations.[0m [1m[35m[plugin angular-compiler][0m

    src/app/features/home/skills-section/skills-section.component.ts:2:29:
[37m      2 │ import { DomSanitizer } from [32m'@angular/platform-browser'[37m;
        ╵                              [32m~~~~~~~~~~~~~~~~~~~~~~~~~~~[0m


[31mX [41;31m[[41;97mERROR[41;31m][0m [1mTS2354: This syntax requires an imported helper but module 'tslib' cannot be found.[0m [1m[35m[plugin angular-compiler][0m

    src/app/features/home/skills-section/skills-section.component.ts:5:0:
[37m      5 │ [32m@Component({[37m
        ╵ [32m~~~~~~~~~~~~[0m


[31mX [41;31m[[41;97mERROR[41;31m][0m [1mNG1010: changeDetection must be a member of ChangeDetectionStrategy enum from @angular/core
  Value could not be determined statically.[0m [1m[35m[plugin angular-compiler][0m

    src/app/features/home/skills-section/skills-section.component.ts:11:19:
[37m      11 │   changeDetection: [32mChangeDetectionStrategy.OnPush[37m,
         ╵                    [32m~~~~~~~~~~~~~~~~~~~~~~~~~~~~~~[0m

  Unknown reference.

    src/app/features/home/skills-section/skills-section.component.ts:11:19:
[37m      11 │   changeDetection: [32mChangeDetectionStrategy[37m.OnPush,
         ╵                    [32m~~~~~~~~~~~~~~~~~~~~~~~[0m


[31mX [41;31m[[41;97mERROR[41;31m][0m [1mTS2307: Cannot find module '@angular/core' or its corresponding type declarations.[0m [1m[35m[plugin angular-compiler][0m

    src/app/features/landing/landing-page.component.ts:1:77:
[37m      1 │ ...rategy, Component, computed, inject, signal } from [32m'@angular/core'[37m;
        ╵                                                       [32m~~~~~~~~~~~~~~~[0m


[31mX [41;31m[[41;97mERROR[41;31m][0m [1mTS2307: Cannot find module '@angular/router' or its corresponding type declarations.[0m [1m[35m[plugin angular-compiler][0m

    src/app/features/landing/landing-page.component.ts:2:27:
[37m      2 │ import { RouterLink } from [32m'@angular/router'[37m;
        ╵                            [32m~~~~~~~~~~~~~~~~~[0m


[31mX [41;31m[[41;97mERROR[41;31m][0m [1mTS2307: Cannot find module '@angular/forms' or its corresponding type declarations.[0m [1m[35m[plugin angular-compiler][0m

    src/app/features/landing/landing-page.component.ts:3:61:
[37m      3 │ ...activeFormsModule, FormBuilder, Validators } from [32m'@angular/forms'[37m;
        ╵                                                      [32m~~~~~~~~~~~~~~~~[0m


[31mX [41;31m[[41;97mERROR[41;31m][0m [1mTS2307: Cannot find module '@ngrx/store' or its corresponding type declarations.[0m [1m[35m[plugin angular-compiler][0m

    src/app/features/landing/landing-page.component.ts:4:22:
[37m      4 │ import { Store } from [32m'@ngrx/store'[37m;
        ╵                       [32m~~~~~~~~~~~~~[0m


[31mX [41;31m[[41;97mERROR[41;31m][0m [1mTS2307: Cannot find module '@angular/core/rxjs-interop' or its corresponding type declarations.[0m [1m[35m[plugin angular-compiler][0m

    src/app/features/landing/landing-page.component.ts:5:25:
[37m      5 │ import { toSignal } from [32m'@angular/core/rxjs-interop'[37m;
        ╵                          [32m~~~~~~~~~~~~~~~~~~~~~~~~~~~~[0m


[31mX [41;31m[[41;97mERROR[41;31m][0m [1mTS2354: This syntax requires an imported helper but module 'tslib' cannot be found.[0m [1m[35m[plugin angular-compiler][0m

    src/app/features/landing/landing-page.component.ts:17:0:
[37m      17 │ [32m@Component({[37m
         ╵ [32m~~~~~~~~~~~~[0m


[31mX [41;31m[[41;97mERROR[41;31m][0m [1mNG1010: changeDetection must be a member of ChangeDetectionStrategy enum from @angular/core
  Value could not be determined statically.[0m [1m[35m[plugin angular-compiler][0m

    src/app/features/landing/landing-page.component.ts:33:19:
[37m      33 │   changeDetection: [32mChangeDetectionStrategy.OnPush[37m,
         ╵                    [32m~~~~~~~~~~~~~~~~~~~~~~~~~~~~~~[0m

  Unknown reference.

    src/app/features/landing/landing-page.component.ts:33:19:
[37m      33 │   changeDetection: [32mChangeDetectionStrategy[37m.OnPush,
         ╵                    [32m~~~~~~~~~~~~~~~~~~~~~~~[0m


[31mX [41;31m[[41;97mERROR[41;31m][0m [1mTS7006: Parameter 'active' implicitly has an 'any' type.[0m [1m[35m[plugin angular-compiler][0m

    src/app/features/landing/landing-page.component.ts:62:27:
[37m      62 │     this.activeFaq.update(([32mactive[37m) => (active === index ? null : i...
         ╵                            [32m~~~~~~[0m


[31mX [41;31m[[41;97mERROR[41;31m][0m [1mTS2307: Cannot find module '@angular/core' or its corresponding type declarations.[0m [1m[35m[plugin angular-compiler][0m

    src/app/features/legal/privacy/privacy-page.component.ts:1:59:
[37m      1 │ ... ChangeDetectionStrategy, Component, signal } from [32m'@angular/core'[37m;
        ╵                                                       [32m~~~~~~~~~~~~~~~[0m


[31mX [41;31m[[41;97mERROR[41;31m][0m [1mTS2307: Cannot find module '@angular/router' or its corresponding type declarations.[0m [1m[35m[plugin angular-compiler][0m

    src/app/features/legal/privacy/privacy-page.component.ts:2:27:
[37m      2 │ import { RouterLink } from [32m'@angular/router'[37m;
        ╵                            [32m~~~~~~~~~~~~~~~~~[0m


[31mX [41;31m[[41;97mERROR[41;31m][0m [1mTS2354: This syntax requires an imported helper but module 'tslib' cannot be found.[0m [1m[35m[plugin angular-compiler][0m

    src/app/features/legal/privacy/privacy-page.component.ts:6:0:
[37m      6 │ [32m@Component({[37m
        ╵ [32m~~~~~~~~~~~~[0m


[31mX [41;31m[[41;97mERROR[41;31m][0m [1mNG1010: changeDetection must be a member of ChangeDetectionStrategy enum from @angular/core
  Value could not be determined statically.[0m [1m[35m[plugin angular-compiler][0m

    src/app/features/legal/privacy/privacy-page.component.ts:12:19:
[37m      12 │   changeDetection: [32mChangeDetectionStrategy.OnPush[37m,
         ╵                    [32m~~~~~~~~~~~~~~~~~~~~~~~~~~~~~~[0m

  Unknown reference.

    src/app/features/legal/privacy/privacy-page.component.ts:12:19:
[37m      12 │   changeDetection: [32mChangeDetectionStrategy[37m.OnPush,
         ╵                    [32m~~~~~~~~~~~~~~~~~~~~~~~[0m


[31mX [41;31m[[41;97mERROR[41;31m][0m [1mTS2307: Cannot find module '@angular/core' or its corresponding type declarations.[0m [1m[35m[plugin angular-compiler][0m

    src/app/features/legal/terms/terms-page.component.ts:1:59:
[37m      1 │ ... ChangeDetectionStrategy, Component, signal } from [32m'@angular/core'[37m;
        ╵                                                       [32m~~~~~~~~~~~~~~~[0m


[31mX [41;31m[[41;97mERROR[41;31m][0m [1mTS2307: Cannot find module '@angular/router' or its corresponding type declarations.[0m [1m[35m[plugin angular-compiler][0m

    src/app/features/legal/terms/terms-page.component.ts:2:27:
[37m      2 │ import { RouterLink } from [32m'@angular/router'[37m;
        ╵                            [32m~~~~~~~~~~~~~~~~~[0m


[31mX [41;31m[[41;97mERROR[41;31m][0m [1mTS2354: This syntax requires an imported helper but module 'tslib' cannot be found.[0m [1m[35m[plugin angular-compiler][0m

    src/app/features/legal/terms/terms-page.component.ts:6:0:
[37m      6 │ [32m@Component({[37m
        ╵ [32m~~~~~~~~~~~~[0m


[31mX [41;31m[[41;97mERROR[41;31m][0m [1mNG1010: changeDetection must be a member of ChangeDetectionStrategy enum from @angular/core
  Value could not be determined statically.[0m [1m[35m[plugin angular-compiler][0m

    src/app/features/legal/terms/terms-page.component.ts:12:19:
[37m      12 │   changeDetection: [32mChangeDetectionStrategy.OnPush[37m,
         ╵                    [32m~~~~~~~~~~~~~~~~~~~~~~~~~~~~~~[0m

  Unknown reference.

    src/app/features/legal/terms/terms-page.component.ts:12:19:
[37m      12 │   changeDetection: [32mChangeDetectionStrategy[37m.OnPush,
         ╵                    [32m~~~~~~~~~~~~~~~~~~~~~~~[0m


[31mX [41;31m[[41;97mERROR[41;31m][0m [1mTS2307: Cannot find module '@angular/core' or its corresponding type declarations.[0m [1m[35m[plugin angular-compiler][0m

    src/app/features/resume/resume-page.component.ts:1:59:
[37m      1 │ ... ChangeDetectionStrategy, Component, signal } from [32m'@angular/core'[37m;
        ╵                                                       [32m~~~~~~~~~~~~~~~[0m


[31mX [41;31m[[41;97mERROR[41;31m][0m [1mTS2307: Cannot find module '@angular/common' or its corresponding type declarations.[0m [1m[35m[plugin angular-compiler][0m

    src/app/features/resume/resume-page.component.ts:2:30:
[37m      2 │ import { UpperCasePipe } from [32m'@angular/common'[37m;
        ╵                               [32m~~~~~~~~~~~~~~~~~[0m


[31mX [41;31m[[41;97mERROR[41;31m][0m [1mTS2354: This syntax requires an imported helper but module 'tslib' cannot be found.[0m [1m[35m[plugin angular-compiler][0m

    src/app/features/resume/resume-page.component.ts:6:0:
[37m      6 │ [32m@Component({[37m
        ╵ [32m~~~~~~~~~~~~[0m


[31mX [41;31m[[41;97mERROR[41;31m][0m [1mNG1010: changeDetection must be a member of ChangeDetectionStrategy enum from @angular/core
  Value could not be determined statically.[0m [1m[35m[plugin angular-compiler][0m

    src/app/features/resume/resume-page.component.ts:11:19:
[37m      11 │   changeDetection: [32mChangeDetectionStrategy.OnPush[37m,
         ╵                    [32m~~~~~~~~~~~~~~~~~~~~~~~~~~~~~~[0m

  Unknown reference.

    src/app/features/resume/resume-page.component.ts:11:19:
[37m      11 │   changeDetection: [32mChangeDetectionStrategy[37m.OnPush,
         ╵                    [32m~~~~~~~~~~~~~~~~~~~~~~~[0m


[31mX [41;31m[[41;97mERROR[41;31m][0m [1mTS2307: Cannot find module '@angular/core' or its corresponding type declarations.[0m [1m[35m[plugin angular-compiler][0m

    src/app/shared/components/icon-cloud/icon-cloud.component.ts:1:137:
[37m      1 │ ...nStrategy, NgZone, ViewChild, AfterViewInit } from [32m'@angular/core'[37m;
        ╵                                                       [32m~~~~~~~~~~~~~~~[0m


[31mX [41;31m[[41;97mERROR[41;31m][0m [1mTS2307: Cannot find module '@angular/common' or its corresponding type declarations.[0m [1m[35m[plugin angular-compiler][0m

    src/app/shared/components/icon-cloud/icon-cloud.component.ts:2:48:
[37m      2 │ import { CommonModule, isPlatformBrowser } from [32m'@angular/common'[37m;
        ╵                                                 [32m~~~~~~~~~~~~~~~~~[0m


[31mX [41;31m[[41;97mERROR[41;31m][0m [1mTS2307: Cannot find module 'three' or its corresponding type declarations.[0m [1m[35m[plugin angular-compiler][0m

    src/app/shared/components/icon-cloud/icon-cloud.component.ts:3:23:
[37m      3 │ import * as THREE from [32m'three'[37m;
        ╵                        [32m~~~~~~~[0m


[31mX [41;31m[[41;97mERROR[41;31m][0m [1mTS2354: This syntax requires an imported helper but module 'tslib' cannot be found.[0m [1m[35m[plugin angular-compiler][0m

    src/app/shared/components/icon-cloud/icon-cloud.component.ts:85:0:
[37m      85 │ [32m@Component({[37m
         ╵ [32m~~~~~~~~~~~~[0m


[31mX [41;31m[[41;97mERROR[41;31m][0m [1mNG1010: changeDetection must be a member of ChangeDetectionStrategy enum from @angular/core
  Value could not be determined statically.[0m [1m[35m[plugin angular-compiler][0m

    src/app/shared/components/icon-cloud/icon-cloud.component.ts:107:19:
[37m      107 │   changeDetection: [32mChangeDetectionStrategy.OnPush[37m,
          ╵                    [32m~~~~~~~~~~~~~~~~~~~~~~~~~~~~~~[0m

  Unknown reference.

    src/app/shared/components/icon-cloud/icon-cloud.component.ts:107:19:
[37m      107 │   changeDetection: [32mChangeDetectionStrategy[37m.OnPush,
          ╵                    [32m~~~~~~~~~~~~~~~~~~~~~~~[0m


[31mX [41;31m[[41;97mERROR[41;31m][0m [1mTS2307: Cannot find module '@angular/core' or its corresponding type declarations.[0m [1m[35m[plugin angular-compiler][0m

    src/app/shared/components/interactive-globe/interactive-globe.component.ts:12:7:
[37m      12 │ } from [32m'@angular/core'[37m;
         ╵        [32m~~~~~~~~~~~~~~~[0m


[31mX [41;31m[[41;97mERROR[41;31m][0m [1mTS2307: Cannot find module '@angular/common' or its corresponding type declarations.[0m [1m[35m[plugin angular-compiler][0m

    src/app/shared/components/interactive-globe/interactive-globe.component.ts:13:48:
[37m      13 │ import { isPlatformBrowser, CommonModule } from [32m'@angular/common'[37m;
         ╵                                                 [32m~~~~~~~~~~~~~~~~~[0m


[31mX [41;31m[[41;97mERROR[41;31m][0m [1mTS2307: Cannot find module 'three' or its corresponding type declarations.[0m [1m[35m[plugin angular-compiler][0m

    src/app/shared/components/interactive-globe/interactive-globe.component.ts:29:7:
[37m      29 │ } from [32m'three'[37m;
         ╵        [32m~~~~~~~[0m


[31mX [41;31m[[41;97mERROR[41;31m][0m [1mTS2307: Cannot find module 'd3-geo' or its corresponding type declarations.[0m [1m[35m[plugin angular-compiler][0m

    src/app/shared/components/interactive-globe/interactive-globe.component.ts:30:44:
[37m      30 │ import { geoEquirectangular, geoPath } from [32m'd3-geo'[37m;
         ╵                                             [32m~~~~~~~~[0m


[31mX [41;31m[[41;97mERROR[41;31m][0m [1mTS2354: This syntax requires an imported helper but module 'tslib' cannot be found.[0m [1m[35m[plugin angular-compiler][0m

    src/app/shared/components/interactive-globe/interactive-globe.component.ts:190:0:
[37m      190 │ [32m@Component({[37m
          ╵ [32m~~~~~~~~~~~~[0m


[31mX [41;31m[[41;97mERROR[41;31m][0m [1mNG1010: changeDetection must be a member of ChangeDetectionStrategy enum from @angular/core
  Value could not be determined statically.[0m [1m[35m[plugin angular-compiler][0m

    src/app/shared/components/interactive-globe/interactive-globe.component.ts:211:19:
[37m      211 │   changeDetection: [32mChangeDetectionStrategy.OnPush[37m,
          ╵                    [32m~~~~~~~~~~~~~~~~~~~~~~~~~~~~~~[0m

  Unknown reference.

    src/app/shared/components/interactive-globe/interactive-globe.component.ts:211:19:
[37m      211 │   changeDetection: [32mChangeDetectionStrategy[37m.OnPush,
          ╵                    [32m~~~~~~~~~~~~~~~~~~~~~~~[0m


[31mX [41;31m[[41;97mERROR[41;31m][0m [1mTS2307: Cannot find module '@angular/core' or its corresponding type declarations.[0m [1m[35m[plugin angular-compiler][0m

    src/app/shared/components/site-header/site-header.component.ts:1:67:
[37m      1 │ ...etectionStrategy, Component, signal, inject } from [32m'@angular/core'[37m;
        ╵                                                       [32m~~~~~~~~~~~~~~~[0m


[31mX [41;31m[[41;97mERROR[41;31m][0m [1mTS2307: Cannot find module '@angular/router' or its corresponding type declarations.[0m [1m[35m[plugin angular-compiler][0m

    src/app/shared/components/site-header/site-header.component.ts:2:53:
[37m      2 │ ...rt { Router, RouterLink, RouterLinkActive } from [32m'@angular/router'[37m;
        ╵                                                     [32m~~~~~~~~~~~~~~~~~[0m


[31mX [41;31m[[41;97mERROR[41;31m][0m [1mTS2354: This syntax requires an imported helper but module 'tslib' cannot be found.[0m [1m[35m[plugin angular-compiler][0m

    src/app/shared/components/site-header/site-header.component.ts:4:0:
[37m      4 │ [32m@Component({[37m
        ╵ [32m~~~~~~~~~~~~[0m


[31mX [41;31m[[41;97mERROR[41;31m][0m [1mNG1010: changeDetection must be a member of ChangeDetectionStrategy enum from @angular/core
  Value could not be determined statically.[0m [1m[35m[plugin angular-compiler][0m

    src/app/shared/components/site-header/site-header.component.ts:10:19:
[37m      10 │   changeDetection: [32mChangeDetectionStrategy.OnPush[37m,
         ╵                    [32m~~~~~~~~~~~~~~~~~~~~~~~~~~~~~~[0m

  Unknown reference.

    src/app/shared/components/site-header/site-header.component.ts:10:19:
[37m      10 │   changeDetection: [32mChangeDetectionStrategy[37m.OnPush,
         ╵                    [32m~~~~~~~~~~~~~~~~~~~~~~~[0m


[31mX [41;31m[[41;97mERROR[41;31m][0m [1mTS2307: Cannot find module '@angular/core' or its corresponding type declarations.[0m [1m[35m[plugin angular-compiler][0m

    src/app/shared/directives/reveal.directive.ts:1:92:
[37m      1 │ ...tRef, HostBinding, OnDestroy, inject, input } from [32m'@angular/core'[37m;
        ╵                                                       [32m~~~~~~~~~~~~~~~[0m


[31mX [41;31m[[41;97mERROR[41;31m][0m [1mTS2307: Cannot find module 'gsap' or its corresponding type declarations.[0m [1m[35m[plugin angular-compiler][0m

    src/app/shared/directives/reveal.directive.ts:2:21:
[37m      2 │ import { gsap } from [32m'gsap'[37m;
        ╵                      [32m~~~~~~[0m


[31mX [41;31m[[41;97mERROR[41;31m][0m [1mTS2307: Cannot find module 'gsap/ScrollTrigger' or its corresponding type declarations.[0m [1m[35m[plugin angular-compiler][0m

    src/app/shared/directives/reveal.directive.ts:3:30:
[37m      3 │ import { ScrollTrigger } from [32m'gsap/ScrollTrigger'[37m;
        ╵                               [32m~~~~~~~~~~~~~~~~~~~~[0m


[31mX [41;31m[[41;97mERROR[41;31m][0m [1mTS2354: This syntax requires an imported helper but module 'tslib' cannot be found.[0m [1m[35m[plugin angular-compiler][0m

    src/app/shared/directives/reveal.directive.ts:7:0:
[37m      7 │ [32m@Directive({ selector: '[appReveal]', standalone: true })[37m
        ╵ [32m~~~~~~~~~~~~~~~~~~~~~~~~~~~~~~~~~~~~~~~~~~~~~~~~~~~~~~~~~[0m


[31mX [41;31m[[41;97mERROR[41;31m][0m [1mTS7006: Parameter 't' implicitly has an 'any' type.[0m [1m[35m[plugin angular-compiler][0m

    src/app/shared/directives/reveal.directive.ts:45:35:
[37m      45 │     ScrollTrigger.getAll().forEach([32mt[37m => {
         ╵                                    [32m^[0m


[31mX [41;31m[[41;97mERROR[41;31m][0m [1mTS2307: Cannot find module '@angular/platform-browser' or its corresponding type declarations.[0m [1m[35m[plugin angular-compiler][0m

    src/main.ts:1:37:
[37m      1 │ import { bootstrapApplication } from [32m'@angular/platform-browser'[37m;
        ╵                                      [32m~~~~~~~~~~~~~~~~~~~~~~~~~~~[0m


[31mX [41;31m[[41;97mERROR[41;31m][0m [1mTS7006: Parameter 'err' implicitly has an 'any' type.[0m [1m[35m[plugin angular-compiler][0m

    src/main.ts:6:10:
[37m      6 │   .catch(([32merr[37m) => console.error(err));
        ╵           [32m~~~[0m

[39m[22m
[33m>[39m Changes detected. Rebuilding...
[32m√[39m Changes detected. Rebuilding...
Application bundle generation failed. [0.014 seconds] - 2026-08-02T20:50:19.665Z

[1m[31m[31mX [41;31m[[41;97mERROR[41;31m][0m [1mTS2307: Cannot find module '@angular/core' or its corresponding type declarations.[0m [1m[35m[plugin angular-compiler][0m

    src/app/app.config.ts:1:70:
[37m      1 │ ...nConfig, provideBrowserGlobalErrorListeners } from [32m'@angular/core'[37m;
        ╵                                                       [32m~~~~~~~~~~~~~~~[0m


[31mX [41;31m[[41;97mERROR[41;31m][0m [1mTS2307: Cannot find module '@ngrx/effects' or its corresponding type declarations.[0m [1m[35m[plugin angular-compiler][0m

    src/app/app.config.ts:2:31:
[37m      2 │ import { provideEffects } from [32m'@ngrx/effects'[37m;
        ╵                                [32m~~~~~~~~~~~~~~~[0m


[31mX [41;31m[[41;97mERROR[41;31m][0m [1mTS2307: Cannot find module '@ngrx/store' or its corresponding type declarations.[0m [1m[35m[plugin angular-compiler][0m

    src/app/app.config.ts:3:29:
[37m      3 │ import { provideStore } from [32m'@ngrx/store'[37m;
        ╵                              [32m~~~~~~~~~~~~~[0m


[31mX [41;31m[[41;97mERROR[41;31m][0m [1mTS2307: Cannot find module '@angular/router' or its corresponding type declarations.[0m [1m[35m[plugin angular-compiler][0m

    src/app/app.config.ts:4:53:
[37m      4 │ ...rt { provideRouter, withInMemoryScrolling } from [32m'@angular/router'[37m;
        ╵                                                     [32m~~~~~~~~~~~~~~~~~[0m


[31mX [41;31m[[41;97mERROR[41;31m][0m [1mTS2307: Cannot find module '@angular/router' or its corresponding type declarations.[0m [1m[35m[plugin angular-compiler][0m

    src/app/app.routes.ts:1:23:
[37m      1 │ import { Routes } from [32m'@angular/router'[37m;
        ╵                        [32m~~~~~~~~~~~~~~~~~[0m


[31mX [41;31m[[41;97mERROR[41;31m][0m [1mTS2307: Cannot find module '@angular/core' or its corresponding type declarations.[0m [1m[35m[plugin angular-compiler][0m

    src/app/app.ts:1:52:
[37m      1 │ import { Component, OnDestroy, AfterViewInit } from [32m'@angular/core'[37m;
        ╵                                                     [32m~~~~~~~~~~~~~~~[0m


[31mX [41;31m[[41;97mERROR[41;31m][0m [1mTS2307: Cannot find module '@angular/router' or its corresponding type declarations.[0m [1m[35m[plugin angular-compiler][0m

    src/app/app.ts:2:29:
[37m      2 │ import { RouterOutlet } from [32m'@angular/router'[37m;
        ╵                              [32m~~~~~~~~~~~~~~~~~[0m


[31mX [41;31m[[41;97mERROR[41;31m][0m [1mTS2307: Cannot find module 'lenis' or its corresponding type declarations.[0m [1m[35m[plugin angular-compiler][0m

    src/app/app.ts:3:18:
[37m      3 │ import Lenis from [32m'lenis'[37m;
        ╵                   [32m~~~~~~~[0m


[31mX [41;31m[[41;97mERROR[41;31m][0m [1mTS2307: Cannot find module 'gsap' or its corresponding type declarations.[0m [1m[35m[plugin angular-compiler][0m

    src/app/app.ts:4:21:
[37m      4 │ import { gsap } from [32m'gsap'[37m;
        ╵                      [32m~~~~~~[0m


[31mX [41;31m[[41;97mERROR[41;31m][0m [1mTS2307: Cannot find module 'gsap/ScrollTrigger' or its corresponding type declarations.[0m [1m[35m[plugin angular-compiler][0m

    src/app/app.ts:5:30:
[37m      5 │ import { ScrollTrigger } from [32m'gsap/ScrollTrigger'[37m;
        ╵                               [32m~~~~~~~~~~~~~~~~~~~~[0m


[31mX [41;31m[[41;97mERROR[41;31m][0m [1mTS2354: This syntax requires an imported helper but module 'tslib' cannot be found.[0m [1m[35m[plugin angular-compiler][0m

    src/app/app.ts:9:0:
[37m      9 │ [32m@Component({[37m
        ╵ [32m~~~~~~~~~~~~[0m


[31mX [41;31m[[41;97mERROR[41;31m][0m [1mNG1010: 'imports' must be an array of components, directives, pipes, or NgModules.
  Value could not be determined statically.[0m [1m[35m[plugin angular-compiler][0m

    src/app/app.ts:11:12:
[37m      11 │   imports: [[32mRouterOutlet[37m],
         ╵             [32m~~~~~~~~~~~~[0m

  Unknown reference.

    src/app/app.ts:11:12:
[37m      11 │   imports: [[32mRouterOutlet[37m],
         ╵             [32m~~~~~~~~~~~~[0m


[31mX [41;31m[[41;97mERROR[41;31m][0m [1mTS2307: Cannot find module '@angular/core' or its corresponding type declarations.[0m [1m[35m[plugin angular-compiler][0m

    src/app/core/services/brief-gateway.service.ts:1:27:
[37m      1 │ import { Injectable } from [32m'@angular/core'[37m;
        ╵                            [32m~~~~~~~~~~~~~~~[0m


[31mX [41;31m[[41;97mERROR[41;31m][0m [1mTS2307: Cannot find module 'rxjs' or its corresponding type declarations.[0m [1m[35m[plugin angular-compiler][0m

    src/app/core/services/brief-gateway.service.ts:2:38:
[37m      2 │ import { delay, Observable, of } from [32m'rxjs'[37m;
        ╵                                       [32m~~~~~~[0m


[31mX [41;31m[[41;97mERROR[41;31m][0m [1mTS2354: This syntax requires an imported helper but module 'tslib' cannot be found.[0m [1m[35m[plugin angular-compiler][0m

    src/app/core/services/brief-gateway.service.ts:6:0:
[37m      6 │ [32m@Injectable({ providedIn: 'root' })[37m
        ╵ [32m~~~~~~~~~~~~~~~~~~~~~~~~~~~~~~~~~~~[0m


[31mX [41;31m[[41;97mERROR[41;31m][0m [1mTS2307: Cannot find module '@ngrx/store' or its corresponding type declarations.[0m [1m[35m[plugin angular-compiler][0m

    src/app/core/state/brief.actions.ts:1:53:
[37m      1 │ import { createActionGroup, emptyProps, props } from [32m'@ngrx/store'[37m;
        ╵                                                      [32m~~~~~~~~~~~~~[0m


[31mX [41;31m[[41;97mERROR[41;31m][0m [1mTS2307: Cannot find module '@angular/core' or its corresponding type declarations.[0m [1m[35m[plugin angular-compiler][0m

    src/app/core/state/brief.effects.ts:1:35:
[37m      1 │ import { Injectable, inject } from [32m'@angular/core'[37m;
        ╵                                    [32m~~~~~~~~~~~~~~~[0m


[31mX [41;31m[[41;97mERROR[41;31m][0m [1mTS2307: Cannot find module '@ngrx/effects' or its corresponding type declarations.[0m [1m[35m[plugin angular-compiler][0m

    src/app/core/state/brief.effects.ts:2:46:
[37m      2 │ import { Actions, createEffect, ofType } from [32m'@ngrx/effects'[37m;
        ╵                                               [32m~~~~~~~~~~~~~~~[0m


[31mX [41;31m[[41;97mERROR[41;31m][0m [1mTS2307: Cannot find module 'rxjs/operators' or its corresponding type declarations.[0m [1m[35m[plugin angular-compiler][0m

    src/app/core/state/brief.effects.ts:3:43:
[37m      3 │ import { catchError, map, switchMap } from [32m'rxjs/operators'[37m;
        ╵                                            [32m~~~~~~~~~~~~~~~~[0m


[31mX [41;31m[[41;97mERROR[41;31m][0m [1mTS2307: Cannot find module 'rxjs' or its corresponding type declarations.[0m [1m[35m[plugin angular-compiler][0m

    src/app/core/state/brief.effects.ts:4:19:
[37m      4 │ import { of } from [32m'rxjs'[37m;
        ╵                    [32m~~~~~~[0m


[31mX [41;31m[[41;97mERROR[41;31m][0m [1mTS2354: This syntax requires an imported helper but module 'tslib' cannot be found.[0m [1m[35m[plugin angular-compiler][0m

    src/app/core/state/brief.effects.ts:8:0:
[37m      8 │ [32m@Injectable()[37m
        ╵ [32m~~~~~~~~~~~~~[0m


[31mX [41;31m[[41;97mERROR[41;31m][0m [1mTS7031: Binding element 'brief' implicitly has an 'any' type.[0m [1m[35m[plugin angular-compiler][0m

    src/app/core/state/brief.effects.ts:15:17:
[37m      15 │     switchMap(({ [32mbrief[37m }) => this.gateway.submit(brief).pipe(
         ╵                  [32m~~~~~[0m


[31mX [41;31m[[41;97mERROR[41;31m][0m [1mTS7006: Parameter 'submittedBrief' implicitly has an 'any' type.[0m [1m[35m[plugin angular-compiler][0m

    src/app/core/state/brief.effects.ts:16:11:
[37m      16 │       map(([32msubmittedBrief[37m) => BriefActions.submitSucceeded({ brief...
         ╵            [32m~~~~~~~~~~~~~~[0m


[31mX [41;31m[[41;97mERROR[41;31m][0m [1mTS2307: Cannot find module '@ngrx/store' or its corresponding type declarations.[0m [1m[35m[plugin angular-compiler][0m

    src/app/core/state/brief.reducer.ts:1:34:
[37m      1 │ import { createReducer, on } from [32m'@ngrx/store'[37m;
        ╵                                   [32m~~~~~~~~~~~~~[0m


[31mX [41;31m[[41;97mERROR[41;31m][0m [1mTS7006: Parameter 'state' implicitly has an 'any' type.[0m [1m[35m[plugin angular-compiler][0m

    src/app/core/state/brief.reducer.ts:9:36:
[37m      9 │ ...riefActions.submitRequested, ([32mstate[37m) => ({ ...state, status: 'su...
        ╵                                  [32m~~~~~[0m


[31mX [41;31m[[41;97mERROR[41;31m][0m [1mTS7006: Parameter '_' implicitly has an 'any' type.[0m [1m[35m[plugin angular-compiler][0m

    src/app/core/state/brief.reducer.ts:10:36:
[37m      10 │ ...BriefActions.submitSucceeded, ([32m_[37m, { brief }) => ({ status: 'suc...
         ╵                                   [32m^[0m


[31mX [41;31m[[41;97mERROR[41;31m][0m [1mTS7031: Binding element 'brief' implicitly has an 'any' type.[0m [1m[35m[plugin angular-compiler][0m

    src/app/core/state/brief.reducer.ts:10:41:
[37m      10 │ ...tions.submitSucceeded, (_, { [32mbrief[37m }) => ({ status: 'success' a...
         ╵                                 [32m~~~~~[0m


[31mX [41;31m[[41;97mERROR[41;31m][0m [1mTS7006: Parameter 'state' implicitly has an 'any' type.[0m [1m[35m[plugin angular-compiler][0m

    src/app/core/state/brief.reducer.ts:11:33:
[37m      11 │ ...(BriefActions.submitFailed, ([32mstate[37m, { error }) => ({ ...state, ...
         ╵                                 [32m~~~~~[0m


[31mX [41;31m[[41;97mERROR[41;31m][0m [1mTS7031: Binding element 'error' implicitly has an 'any' type.[0m [1m[35m[plugin angular-compiler][0m

    src/app/core/state/brief.reducer.ts:11:42:
[37m      11 │ ...ions.submitFailed, (state, { [32merror[37m }) => ({ ...state, status: '...
         ╵                                 [32m~~~~~[0m


[31mX [41;31m[[41;97mERROR[41;31m][0m [1mTS2307: Cannot find module '@ngrx/store' or its corresponding type declarations.[0m [1m[35m[plugin angular-compiler][0m

    src/app/core/state/brief.selectors.ts:1:38:
[37m      1 │ import { createFeatureSelector } from [32m'@ngrx/store'[37m;
        ╵                                       [32m~~~~~~~~~~~~~[0m


[31mX [41;31m[[41;97mERROR[41;31m][0m [1mTS2307: Cannot find module '@angular/core' or its corresponding type declarations.[0m [1m[35m[plugin angular-compiler][0m

    src/app/features/home/about-section/about-section.component.ts:1:51:
[37m      1 │ import { ChangeDetectionStrategy, Component } from [32m'@angular/core'[37m;
        ╵                                                    [32m~~~~~~~~~~~~~~~[0m


[31mX [41;31m[[41;97mERROR[41;31m][0m [1mTS2354: This syntax requires an imported helper but module 'tslib' cannot be found.[0m [1m[35m[plugin angular-compiler][0m

    src/app/features/home/about-section/about-section.component.ts:4:0:
[37m      4 │ [32m@Component({[37m
        ╵ [32m~~~~~~~~~~~~[0m


[31mX [41;31m[[41;97mERROR[41;31m][0m [1mNG1010: changeDetection must be a member of ChangeDetectionStrategy enum from @angular/core
  Value could not be determined statically.[0m [1m[35m[plugin angular-compiler][0m

    src/app/features/home/about-section/about-section.component.ts:8:19:
[37m      8 │   changeDetection: [32mChangeDetectionStrategy.OnPush[37m,
        ╵                    [32m~~~~~~~~~~~~~~~~~~~~~~~~~~~~~~[0m

  Unknown reference.

    src/app/features/home/about-section/about-section.component.ts:8:19:
[37m      8 │   changeDetection: [32mChangeDetectionStrategy[37m.OnPush,
        ╵                    [32m~~~~~~~~~~~~~~~~~~~~~~~[0m


[31mX [41;31m[[41;97mERROR[41;31m][0m [1mTS2307: Cannot find module '@angular/core' or its corresponding type declarations.[0m [1m[35m[plugin angular-compiler][0m

    src/app/features/home/contact-section/contact-section.component.ts:8:7:
[37m      8 │ } from [32m'@angular/core'[37m;
        ╵        [32m~~~~~~~~~~~~~~~[0m


[31mX [41;31m[[41;97mERROR[41;31m][0m [1mTS2307: Cannot find module '@angular/common' or its corresponding type declarations.[0m [1m[35m[plugin angular-compiler][0m

    src/app/features/home/contact-section/contact-section.component.ts:9:29:
[37m      9 │ import { CommonModule } from [32m'@angular/common'[37m;
        ╵                              [32m~~~~~~~~~~~~~~~~~[0m


[31mX [41;31m[[41;97mERROR[41;31m][0m [1mTS2307: Cannot find module '@angular/forms' or its corresponding type declarations.[0m [1m[35m[plugin angular-compiler][0m

    src/app/features/home/contact-section/contact-section.component.ts:10:78:
[37m      10 │ ... FormBuilder, Validators, AbstractControl } from [32m'@angular/forms'[37m;
         ╵                                                     [32m~~~~~~~~~~~~~~~~[0m


[31mX [41;31m[[41;97mERROR[41;31m][0m [1mTS2307: Cannot find module '@ngrx/store' or its corresponding type declarations.[0m [1m[35m[plugin angular-compiler][0m

    src/app/features/home/contact-section/contact-section.component.ts:11:22:
[37m      11 │ import { Store } from [32m'@ngrx/store'[37m;
         ╵                       [32m~~~~~~~~~~~~~[0m


[31mX [41;31m[[41;97mERROR[41;31m][0m [1mTS2307: Cannot find module '@angular/core/rxjs-interop' or its corresponding type declarations.[0m [1m[35m[plugin angular-compiler][0m

    src/app/features/home/contact-section/contact-section.component.ts:12:25:
[37m      12 │ import { toSignal } from [32m'@angular/core/rxjs-interop'[37m;
         ╵                          [32m~~~~~~~~~~~~~~~~~~~~~~~~~~~~[0m


[31mX [41;31m[[41;97mERROR[41;31m][0m [1mTS2354: This syntax requires an imported helper but module 'tslib' cannot be found.[0m [1m[35m[plugin angular-compiler][0m

    src/app/features/home/contact-section/contact-section.component.ts:17:0:
[37m      17 │ [32m@Component({[37m
         ╵ [32m~~~~~~~~~~~~[0m


[31mX [41;31m[[41;97mERROR[41;31m][0m [1mNG1010: changeDetection must be a member of ChangeDetectionStrategy enum from @angular/core
  Value could not be determined statically.[0m [1m[35m[plugin angular-compiler][0m

    src/app/features/home/contact-section/contact-section.component.ts:23:19:
[37m      23 │   changeDetection: [32mChangeDetectionStrategy.OnPush[37m,
         ╵                    [32m~~~~~~~~~~~~~~~~~~~~~~~~~~~~~~[0m

  Unknown reference.

    src/app/features/home/contact-section/contact-section.component.ts:23:19:
[37m      23 │   changeDetection: [32mChangeDetectionStrategy[37m.OnPush,
         ╵                    [32m~~~~~~~~~~~~~~~~~~~~~~~[0m


[31mX [41;31m[[41;97mERROR[41;31m][0m [1mTS2307: Cannot find module '@angular/core' or its corresponding type declarations.[0m [1m[35m[plugin angular-compiler][0m

    src/app/features/home/portfolio-footer/portfolio-footer.component.ts:8:7:
[37m      8 │ } from [32m'@angular/core'[37m;
        ╵        [32m~~~~~~~~~~~~~~~[0m


[31mX [41;31m[[41;97mERROR[41;31m][0m [1mTS2307: Cannot find module '@angular/common' or its corresponding type declarations.[0m [1m[35m[plugin angular-compiler][0m

    src/app/features/home/portfolio-footer/portfolio-footer.component.ts:9:25:
[37m      9 │ import { DatePipe } from [32m'@angular/common'[37m;
        ╵                          [32m~~~~~~~~~~~~~~~~~[0m


[31mX [41;31m[[41;97mERROR[41;31m][0m [1mTS2307: Cannot find module '@angular/router' or its corresponding type declarations.[0m [1m[35m[plugin angular-compiler][0m

    src/app/features/home/portfolio-footer/portfolio-footer.component.ts:11:27:
[37m      11 │ import { RouterLink } from [32m'@angular/router'[37m;
         ╵                            [32m~~~~~~~~~~~~~~~~~[0m


[31mX [41;31m[[41;97mERROR[41;31m][0m [1mTS2354: This syntax requires an imported helper but module 'tslib' cannot be found.[0m [1m[35m[plugin angular-compiler][0m

    src/app/features/home/portfolio-footer/portfolio-footer.component.ts:19:0:
[37m      19 │ [32m@Component({[37m
         ╵ [32m~~~~~~~~~~~~[0m


[31mX [41;31m[[41;97mERROR[41;31m][0m [1mNG1010: changeDetection must be a member of ChangeDetectionStrategy enum from @angular/core
  Value could not be determined statically.[0m [1m[35m[plugin angular-compiler][0m

    src/app/features/home/portfolio-footer/portfolio-footer.component.ts:25:19:
[37m      25 │   changeDetection: [32mChangeDetectionStrategy.OnPush[37m,
         ╵                    [32m~~~~~~~~~~~~~~~~~~~~~~~~~~~~~~[0m

  Unknown reference.

    src/app/features/home/portfolio-footer/portfolio-footer.component.ts:25:19:
[37m      25 │   changeDetection: [32mChangeDetectionStrategy[37m.OnPush,
         ╵                    [32m~~~~~~~~~~~~~~~~~~~~~~~[0m


[31mX [41;31m[[41;97mERROR[41;31m][0m [1mTS7006: Parameter 'hidden' implicitly has an 'any' type.[0m [1m[35m[plugin angular-compiler][0m

    src/app/features/home/portfolio-footer/portfolio-footer.component.ts:50:28:
[37m      50 │     this.isIpHidden.update(([32mhidden[37m) => !hidden);
         ╵                             [32m~~~~~~[0m


[31mX [41;31m[[41;97mERROR[41;31m][0m [1mTS7006: Parameter 'curr' implicitly has an 'any' type.[0m [1m[35m[plugin angular-compiler][0m

    src/app/features/home/portfolio-footer/portfolio-footer.component.ts:157:33:
[37m      157 │ ...    this.networkInfo.update(([32mcurr[37m) => ({ ...curr, loading: fal...
          ╵                                 [32m~~~~[0m


[31mX [41;31m[[41;97mERROR[41;31m][0m [1mTS2307: Cannot find module '@angular/core' or its corresponding type declarations.[0m [1m[35m[plugin angular-compiler][0m

    src/app/features/home/portfolio-hero/portfolio-hero.component.ts:1:51:
[37m      1 │ import { ChangeDetectionStrategy, Component } from [32m'@angular/core'[37m;
        ╵                                                    [32m~~~~~~~~~~~~~~~[0m


[31mX [41;31m[[41;97mERROR[41;31m][0m [1mTS2354: This syntax requires an imported helper but module 'tslib' cannot be found.[0m [1m[35m[plugin angular-compiler][0m

    src/app/features/home/portfolio-hero/portfolio-hero.component.ts:3:0:
[37m      3 │ [32m@Component({[37m
        ╵ [32m~~~~~~~~~~~~[0m


[31mX [41;31m[[41;97mERROR[41;31m][0m [1mNG1010: changeDetection must be a member of ChangeDetectionStrategy enum from @angular/core
  Value could not be determined statically.[0m [1m[35m[plugin angular-compiler][0m

    src/app/features/home/portfolio-hero/portfolio-hero.component.ts:7:19:
[37m      7 │   changeDetection: [32mChangeDetectionStrategy.OnPush[37m
        ╵                    [32m~~~~~~~~~~~~~~~~~~~~~~~~~~~~~~[0m

  Unknown reference.

    src/app/features/home/portfolio-hero/portfolio-hero.component.ts:7:19:
[37m      7 │   changeDetection: [32mChangeDetectionStrategy[37m.OnPush
        ╵                    [32m~~~~~~~~~~~~~~~~~~~~~~~[0m


[31mX [41;31m[[41;97mERROR[41;31m][0m [1mTS2307: Cannot find module '@angular/core' or its corresponding type declarations.[0m [1m[35m[plugin angular-compiler][0m

    src/app/features/home/projects-section/projects-section.component.ts:10:7:
[37m      10 │ } from [32m'@angular/core'[37m;
         ╵        [32m~~~~~~~~~~~~~~~[0m


[31mX [41;31m[[41;97mERROR[41;31m][0m [1mTS2307: Cannot find module 'gsap' or its corresponding type declarations.[0m [1m[35m[plugin angular-compiler][0m

    src/app/features/home/projects-section/projects-section.component.ts:12:21:
[37m      12 │ import { gsap } from [32m'gsap'[37m;
         ╵                      [32m~~~~~~[0m


[31mX [41;31m[[41;97mERROR[41;31m][0m [1mTS2307: Cannot find module 'gsap/ScrollTrigger' or its corresponding type declarations.[0m [1m[35m[plugin angular-compiler][0m

    src/app/features/home/projects-section/projects-section.component.ts:13:30:
[37m      13 │ import { ScrollTrigger } from [32m'gsap/ScrollTrigger'[37m;
         ╵                               [32m~~~~~~~~~~~~~~~~~~~~[0m


[31mX [41;31m[[41;97mERROR[41;31m][0m [1mTS2354: This syntax requires an imported helper but module 'tslib' cannot be found.[0m [1m[35m[plugin angular-compiler][0m

    src/app/features/home/projects-section/projects-section.component.ts:17:0:
[37m      17 │ [32m@Component({[37m
         ╵ [32m~~~~~~~~~~~~[0m


[31mX [41;31m[[41;97mERROR[41;31m][0m [1mNG1010: changeDetection must be a member of ChangeDetectionStrategy enum from @angular/core
  Value could not be determined statically.[0m [1m[35m[plugin angular-compiler][0m

    src/app/features/home/projects-section/projects-section.component.ts:21:19:
[37m      21 │   changeDetection: [32mChangeDetectionStrategy.OnPush[37m,
         ╵                    [32m~~~~~~~~~~~~~~~~~~~~~~~~~~~~~~[0m

  Unknown reference.

    src/app/features/home/projects-section/projects-section.component.ts:21:19:
[37m      21 │   changeDetection: [32mChangeDetectionStrategy[37m.OnPush,
         ╵                    [32m~~~~~~~~~~~~~~~~~~~~~~~[0m


[31mX [41;31m[[41;97mERROR[41;31m][0m [1mTS7006: Parameter 'st' implicitly has an 'any' type.[0m [1m[35m[plugin angular-compiler][0m

    src/app/features/home/projects-section/projects-section.component.ts:43:36:
[37m      43 │     ScrollTrigger.getAll().forEach(([32mst[37m) => {
         ╵                                     [32m~~[0m


[31mX [41;31m[[41;97mERROR[41;31m][0m [1mTS7006: Parameter 'c' implicitly has an 'any' type.[0m [1m[35m[plugin angular-compiler][0m

    src/app/features/home/projects-section/projects-section.component.ts:51:51:
[37m      51 │ ...t cardElements = this.cards.toArray().map(([32mc[37m) => c.nativeElement);
         ╵                                               [32m^[0m


[31mX [41;31m[[41;97mERROR[41;31m][0m [1mTS7006: Parameter 'card' implicitly has an 'any' type.[0m [1m[35m[plugin angular-compiler][0m

    src/app/features/home/projects-section/projects-section.component.ts:56:26:
[37m      56 │     cardElements.forEach(([32mcard[37m, i) => {
         ╵                           [32m~~~~[0m


[31mX [41;31m[[41;97mERROR[41;31m][0m [1mTS7006: Parameter 'i' implicitly has an 'any' type.[0m [1m[35m[plugin angular-compiler][0m

    src/app/features/home/projects-section/projects-section.component.ts:56:32:
[37m      56 │     cardElements.forEach((card, [32mi[37m) => {
         ╵                                 [32m^[0m


[31mX [41;31m[[41;97mERROR[41;31m][0m [1mTS7006: Parameter 'prevCard' implicitly has an 'any' type.[0m [1m[35m[plugin angular-compiler][0m

    src/app/features/home/projects-section/projects-section.component.ts:93:29:
[37m      93 │       previousCards.forEach(([32mprevCard[37m, j) => {
         ╵                              [32m~~~~~~~~[0m


[31mX [41;31m[[41;97mERROR[41;31m][0m [1mTS7006: Parameter 'j' implicitly has an 'any' type.[0m [1m[35m[plugin angular-compiler][0m

    src/app/features/home/projects-section/projects-section.component.ts:93:39:
[37m      93 │       previousCards.forEach((prevCard, [32mj[37m) => {
         ╵                                        [32m^[0m


[31mX [41;31m[[41;97mERROR[41;31m][0m [1mTS7006: Parameter '_' implicitly has an 'any' type.[0m [1m[35m[plugin angular-compiler][0m

    src/app/features/home/projects-section/projects-section.component.ts:114:41:
[37m      114 │     const snapPoints = cardElements.map(([32m_[37m, i) => {
          ╵                                          [32m^[0m


[31mX [41;31m[[41;97mERROR[41;31m][0m [1mTS7006: Parameter 'i' implicitly has an 'any' type.[0m [1m[35m[plugin angular-compiler][0m

    src/app/features/home/projects-section/projects-section.component.ts:114:44:
[37m      114 │     const snapPoints = cardElements.map((_, [32mi[37m) => {
          ╵                                             [32m^[0m


[31mX [41;31m[[41;97mERROR[41;31m][0m [1mTS7006: Parameter 'self' implicitly has an 'any' type.[0m [1m[35m[plugin angular-compiler][0m

    src/app/features/home/projects-section/projects-section.component.ts:133:17:
[37m      133 │       onUpdate: ([32mself[37m) => {
          ╵                  [32m~~~~[0m


[31mX [41;31m[[41;97mERROR[41;31m][0m [1mTS2307: Cannot find module '@angular/core' or its corresponding type declarations.[0m [1m[35m[plugin angular-compiler][0m

    src/app/features/home/skills-section/skills-section.component.ts:1:59:
[37m      1 │ ... ChangeDetectionStrategy, Component, inject } from [32m'@angular/core'[37m;
        ╵                                                       [32m~~~~~~~~~~~~~~~[0m


[31mX [41;31m[[41;97mERROR[41;31m][0m [1mTS2307: Cannot find module '@angular/platform-browser' or its corresponding type declarations.[0m [1m[35m[plugin angular-compiler][0m

    src/app/features/home/skills-section/skills-section.component.ts:2:29:
[37m      2 │ import { DomSanitizer } from [32m'@angular/platform-browser'[37m;
        ╵                              [32m~~~~~~~~~~~~~~~~~~~~~~~~~~~[0m


[31mX [41;31m[[41;97mERROR[41;31m][0m [1mTS2354: This syntax requires an imported helper but module 'tslib' cannot be found.[0m [1m[35m[plugin angular-compiler][0m

    src/app/features/home/skills-section/skills-section.component.ts:5:0:
[37m      5 │ [32m@Component({[37m
        ╵ [32m~~~~~~~~~~~~[0m


[31mX [41;31m[[41;97mERROR[41;31m][0m [1mNG1010: changeDetection must be a member of ChangeDetectionStrategy enum from @angular/core
  Value could not be determined statically.[0m [1m[35m[plugin angular-compiler][0m

    src/app/features/home/skills-section/skills-section.component.ts:11:19:
[37m      11 │   changeDetection: [32mChangeDetectionStrategy.OnPush[37m,
         ╵                    [32m~~~~~~~~~~~~~~~~~~~~~~~~~~~~~~[0m

  Unknown reference.

    src/app/features/home/skills-section/skills-section.component.ts:11:19:
[37m      11 │   changeDetection: [32mChangeDetectionStrategy[37m.OnPush,
         ╵                    [32m~~~~~~~~~~~~~~~~~~~~~~~[0m


[31mX [41;31m[[41;97mERROR[41;31m][0m [1mTS2307: Cannot find module '@angular/core' or its corresponding type declarations.[0m [1m[35m[plugin angular-compiler][0m

    src/app/features/landing/landing-page.component.ts:1:77:
[37m      1 │ ...rategy, Component, computed, inject, signal } from [32m'@angular/core'[37m;
        ╵                                                       [32m~~~~~~~~~~~~~~~[0m


[31mX [41;31m[[41;97mERROR[41;31m][0m [1mTS2307: Cannot find module '@angular/router' or its corresponding type declarations.[0m [1m[35m[plugin angular-compiler][0m

    src/app/features/landing/landing-page.component.ts:2:27:
[37m      2 │ import { RouterLink } from [32m'@angular/router'[37m;
        ╵                            [32m~~~~~~~~~~~~~~~~~[0m


[31mX [41;31m[[41;97mERROR[41;31m][0m [1mTS2307: Cannot find module '@angular/forms' or its corresponding type declarations.[0m [1m[35m[plugin angular-compiler][0m

    src/app/features/landing/landing-page.component.ts:3:61:
[37m      3 │ ...activeFormsModule, FormBuilder, Validators } from [32m'@angular/forms'[37m;
        ╵                                                      [32m~~~~~~~~~~~~~~~~[0m


[31mX [41;31m[[41;97mERROR[41;31m][0m [1mTS2307: Cannot find module '@ngrx/store' or its corresponding type declarations.[0m [1m[35m[plugin angular-compiler][0m

    src/app/features/landing/landing-page.component.ts:4:22:
[37m      4 │ import { Store } from [32m'@ngrx/store'[37m;
        ╵                       [32m~~~~~~~~~~~~~[0m


[31mX [41;31m[[41;97mERROR[41;31m][0m [1mTS2307: Cannot find module '@angular/core/rxjs-interop' or its corresponding type declarations.[0m [1m[35m[plugin angular-compiler][0m

    src/app/features/landing/landing-page.component.ts:5:25:
[37m      5 │ import { toSignal } from [32m'@angular/core/rxjs-interop'[37m;
        ╵                          [32m~~~~~~~~~~~~~~~~~~~~~~~~~~~~[0m


[31mX [41;31m[[41;97mERROR[41;31m][0m [1mTS2354: This syntax requires an imported helper but module 'tslib' cannot be found.[0m [1m[35m[plugin angular-compiler][0m

    src/app/features/landing/landing-page.component.ts:17:0:
[37m      17 │ [32m@Component({[37m
         ╵ [32m~~~~~~~~~~~~[0m


[31mX [41;31m[[41;97mERROR[41;31m][0m [1mNG1010: changeDetection must be a member of ChangeDetectionStrategy enum from @angular/core
  Value could not be determined statically.[0m [1m[35m[plugin angular-compiler][0m

    src/app/features/landing/landing-page.component.ts:33:19:
[37m      33 │   changeDetection: [32mChangeDetectionStrategy.OnPush[37m,
         ╵                    [32m~~~~~~~~~~~~~~~~~~~~~~~~~~~~~~[0m

  Unknown reference.

    src/app/features/landing/landing-page.component.ts:33:19:
[37m      33 │   changeDetection: [32mChangeDetectionStrategy[37m.OnPush,
         ╵                    [32m~~~~~~~~~~~~~~~~~~~~~~~[0m


[31mX [41;31m[[41;97mERROR[41;31m][0m [1mTS7006: Parameter 'active' implicitly has an 'any' type.[0m [1m[35m[plugin angular-compiler][0m

    src/app/features/landing/landing-page.component.ts:62:27:
[37m      62 │     this.activeFaq.update(([32mactive[37m) => (active === index ? null : i...
         ╵                            [32m~~~~~~[0m


[31mX [41;31m[[41;97mERROR[41;31m][0m [1mTS2307: Cannot find module '@angular/core' or its corresponding type declarations.[0m [1m[35m[plugin angular-compiler][0m

    src/app/features/legal/privacy/privacy-page.component.ts:1:59:
[37m      1 │ ... ChangeDetectionStrategy, Component, signal } from [32m'@angular/core'[37m;
        ╵                                                       [32m~~~~~~~~~~~~~~~[0m


[31mX [41;31m[[41;97mERROR[41;31m][0m [1mTS2307: Cannot find module '@angular/router' or its corresponding type declarations.[0m [1m[35m[plugin angular-compiler][0m

    src/app/features/legal/privacy/privacy-page.component.ts:2:27:
[37m      2 │ import { RouterLink } from [32m'@angular/router'[37m;
        ╵                            [32m~~~~~~~~~~~~~~~~~[0m


[31mX [41;31m[[41;97mERROR[41;31m][0m [1mTS2354: This syntax requires an imported helper but module 'tslib' cannot be found.[0m [1m[35m[plugin angular-compiler][0m

    src/app/features/legal/privacy/privacy-page.component.ts:6:0:
[37m      6 │ [32m@Component({[37m
        ╵ [32m~~~~~~~~~~~~[0m


[31mX [41;31m[[41;97mERROR[41;31m][0m [1mNG1010: changeDetection must be a member of ChangeDetectionStrategy enum from @angular/core
  Value could not be determined statically.[0m [1m[35m[plugin angular-compiler][0m

    src/app/features/legal/privacy/privacy-page.component.ts:12:19:
[37m      12 │   changeDetection: [32mChangeDetectionStrategy.OnPush[37m,
         ╵                    [32m~~~~~~~~~~~~~~~~~~~~~~~~~~~~~~[0m

  Unknown reference.

    src/app/features/legal/privacy/privacy-page.component.ts:12:19:
[37m      12 │   changeDetection: [32mChangeDetectionStrategy[37m.OnPush,
         ╵                    [32m~~~~~~~~~~~~~~~~~~~~~~~[0m


[31mX [41;31m[[41;97mERROR[41;31m][0m [1mTS2307: Cannot find module '@angular/core' or its corresponding type declarations.[0m [1m[35m[plugin angular-compiler][0m

    src/app/features/legal/terms/terms-page.component.ts:1:59:
[37m      1 │ ... ChangeDetectionStrategy, Component, signal } from [32m'@angular/core'[37m;
        ╵                                                       [32m~~~~~~~~~~~~~~~[0m


[31mX [41;31m[[41;97mERROR[41;31m][0m [1mTS2307: Cannot find module '@angular/router' or its corresponding type declarations.[0m [1m[35m[plugin angular-compiler][0m

    src/app/features/legal/terms/terms-page.component.ts:2:27:
[37m      2 │ import { RouterLink } from [32m'@angular/router'[37m;
        ╵                            [32m~~~~~~~~~~~~~~~~~[0m


[31mX [41;31m[[41;97mERROR[41;31m][0m [1mTS2354: This syntax requires an imported helper but module 'tslib' cannot be found.[0m [1m[35m[plugin angular-compiler][0m

    src/app/features/legal/terms/terms-page.component.ts:6:0:
[37m      6 │ [32m@Component({[37m
        ╵ [32m~~~~~~~~~~~~[0m


[31mX [41;31m[[41;97mERROR[41;31m][0m [1mNG1010: changeDetection must be a member of ChangeDetectionStrategy enum from @angular/core
  Value could not be determined statically.[0m [1m[35m[plugin angular-compiler][0m

    src/app/features/legal/terms/terms-page.component.ts:12:19:
[37m      12 │   changeDetection: [32mChangeDetectionStrategy.OnPush[37m,
         ╵                    [32m~~~~~~~~~~~~~~~~~~~~~~~~~~~~~~[0m

  Unknown reference.

    src/app/features/legal/terms/terms-page.component.ts:12:19:
[37m      12 │   changeDetection: [32mChangeDetectionStrategy[37m.OnPush,
         ╵                    [32m~~~~~~~~~~~~~~~~~~~~~~~[0m


[31mX [41;31m[[41;97mERROR[41;31m][0m [1mTS2307: Cannot find module '@angular/core' or its corresponding type declarations.[0m [1m[35m[plugin angular-compiler][0m

    src/app/features/resume/resume-page.component.ts:1:59:
[37m      1 │ ... ChangeDetectionStrategy, Component, signal } from [32m'@angular/core'[37m;
        ╵                                                       [32m~~~~~~~~~~~~~~~[0m


[31mX [41;31m[[41;97mERROR[41;31m][0m [1mTS2307: Cannot find module '@angular/common' or its corresponding type declarations.[0m [1m[35m[plugin angular-compiler][0m

    src/app/features/resume/resume-page.component.ts:2:30:
[37m      2 │ import { UpperCasePipe } from [32m'@angular/common'[37m;
        ╵                               [32m~~~~~~~~~~~~~~~~~[0m


[31mX [41;31m[[41;97mERROR[41;31m][0m [1mTS2354: This syntax requires an imported helper but module 'tslib' cannot be found.[0m [1m[35m[plugin angular-compiler][0m

    src/app/features/resume/resume-page.component.ts:6:0:
[37m      6 │ [32m@Component({[37m
        ╵ [32m~~~~~~~~~~~~[0m


[31mX [41;31m[[41;97mERROR[41;31m][0m [1mNG1010: changeDetection must be a member of ChangeDetectionStrategy enum from @angular/core
  Value could not be determined statically.[0m [1m[35m[plugin angular-compiler][0m

    src/app/features/resume/resume-page.component.ts:11:19:
[37m      11 │   changeDetection: [32mChangeDetectionStrategy.OnPush[37m,
         ╵                    [32m~~~~~~~~~~~~~~~~~~~~~~~~~~~~~~[0m

  Unknown reference.

    src/app/features/resume/resume-page.component.ts:11:19:
[37m      11 │   changeDetection: [32mChangeDetectionStrategy[37m.OnPush,
         ╵                    [32m~~~~~~~~~~~~~~~~~~~~~~~[0m


[31mX [41;31m[[41;97mERROR[41;31m][0m [1mTS2307: Cannot find module '@angular/core' or its corresponding type declarations.[0m [1m[35m[plugin angular-compiler][0m

    src/app/shared/components/icon-cloud/icon-cloud.component.ts:1:137:
[37m      1 │ ...nStrategy, NgZone, ViewChild, AfterViewInit } from [32m'@angular/core'[37m;
        ╵                                                       [32m~~~~~~~~~~~~~~~[0m


[31mX [41;31m[[41;97mERROR[41;31m][0m [1mTS2307: Cannot find module '@angular/common' or its corresponding type declarations.[0m [1m[35m[plugin angular-compiler][0m

    src/app/shared/components/icon-cloud/icon-cloud.component.ts:2:48:
[37m      2 │ import { CommonModule, isPlatformBrowser } from [32m'@angular/common'[37m;
        ╵                                                 [32m~~~~~~~~~~~~~~~~~[0m


[31mX [41;31m[[41;97mERROR[41;31m][0m [1mTS2307: Cannot find module 'three' or its corresponding type declarations.[0m [1m[35m[plugin angular-compiler][0m

    src/app/shared/components/icon-cloud/icon-cloud.component.ts:3:23:
[37m      3 │ import * as THREE from [32m'three'[37m;
        ╵                        [32m~~~~~~~[0m


[31mX [41;31m[[41;97mERROR[41;31m][0m [1mTS2354: This syntax requires an imported helper but module 'tslib' cannot be found.[0m [1m[35m[plugin angular-compiler][0m

    src/app/shared/components/icon-cloud/icon-cloud.component.ts:85:0:
[37m      85 │ [32m@Component({[37m
         ╵ [32m~~~~~~~~~~~~[0m


[31mX [41;31m[[41;97mERROR[41;31m][0m [1mNG1010: changeDetection must be a member of ChangeDetectionStrategy enum from @angular/core
  Value could not be determined statically.[0m [1m[35m[plugin angular-compiler][0m

    src/app/shared/components/icon-cloud/icon-cloud.component.ts:107:19:
[37m      107 │   changeDetection: [32mChangeDetectionStrategy.OnPush[37m,
          ╵                    [32m~~~~~~~~~~~~~~~~~~~~~~~~~~~~~~[0m

  Unknown reference.

    src/app/shared/components/icon-cloud/icon-cloud.component.ts:107:19:
[37m      107 │   changeDetection: [32mChangeDetectionStrategy[37m.OnPush,
          ╵                    [32m~~~~~~~~~~~~~~~~~~~~~~~[0m


[31mX [41;31m[[41;97mERROR[41;31m][0m [1mTS2307: Cannot find module '@angular/core' or its corresponding type declarations.[0m [1m[35m[plugin angular-compiler][0m

    src/app/shared/components/interactive-globe/interactive-globe.component.ts:12:7:
[37m      12 │ } from [32m'@angular/core'[37m;
         ╵        [32m~~~~~~~~~~~~~~~[0m


[31mX [41;31m[[41;97mERROR[41;31m][0m [1mTS2307: Cannot find module '@angular/common' or its corresponding type declarations.[0m [1m[35m[plugin angular-compiler][0m

    src/app/shared/components/interactive-globe/interactive-globe.component.ts:13:48:
[37m      13 │ import { isPlatformBrowser, CommonModule } from [32m'@angular/common'[37m;
         ╵                                                 [32m~~~~~~~~~~~~~~~~~[0m


[31mX [41;31m[[41;97mERROR[41;31m][0m [1mTS2307: Cannot find module 'three' or its corresponding type declarations.[0m [1m[35m[plugin angular-compiler][0m

    src/app/shared/components/interactive-globe/interactive-globe.component.ts:29:7:
[37m      29 │ } from [32m'three'[37m;
         ╵        [32m~~~~~~~[0m


[31mX [41;31m[[41;97mERROR[41;31m][0m [1mTS2307: Cannot find module 'd3-geo' or its corresponding type declarations.[0m [1m[35m[plugin angular-compiler][0m

    src/app/shared/components/interactive-globe/interactive-globe.component.ts:30:44:
[37m      30 │ import { geoEquirectangular, geoPath } from [32m'd3-geo'[37m;
         ╵                                             [32m~~~~~~~~[0m


[31mX [41;31m[[41;97mERROR[41;31m][0m [1mTS2354: This syntax requires an imported helper but module 'tslib' cannot be found.[0m [1m[35m[plugin angular-compiler][0m

    src/app/shared/components/interactive-globe/interactive-globe.component.ts:190:0:
[37m      190 │ [32m@Component({[37m
          ╵ [32m~~~~~~~~~~~~[0m


[31mX [41;31m[[41;97mERROR[41;31m][0m [1mNG1010: changeDetection must be a member of ChangeDetectionStrategy enum from @angular/core
  Value could not be determined statically.[0m [1m[35m[plugin angular-compiler][0m

    src/app/shared/components/interactive-globe/interactive-globe.component.ts:211:19:
[37m      211 │   changeDetection: [32mChangeDetectionStrategy.OnPush[37m,
          ╵                    [32m~~~~~~~~~~~~~~~~~~~~~~~~~~~~~~[0m

  Unknown reference.

    src/app/shared/components/interactive-globe/interactive-globe.component.ts:211:19:
[37m      211 │   changeDetection: [32mChangeDetectionStrategy[37m.OnPush,
          ╵                    [32m~~~~~~~~~~~~~~~~~~~~~~~[0m


[31mX [41;31m[[41;97mERROR[41;31m][0m [1mTS2307: Cannot find module '@angular/core' or its corresponding type declarations.[0m [1m[35m[plugin angular-compiler][0m

    src/app/shared/components/site-header/site-header.component.ts:1:67:
[37m      1 │ ...etectionStrategy, Component, signal, inject } from [32m'@angular/core'[37m;
        ╵                                                       [32m~~~~~~~~~~~~~~~[0m


[31mX [41;31m[[41;97mERROR[41;31m][0m [1mTS2307: Cannot find module '@angular/router' or its corresponding type declarations.[0m [1m[35m[plugin angular-compiler][0m

    src/app/shared/components/site-header/site-header.component.ts:2:53:
[37m      2 │ ...rt { Router, RouterLink, RouterLinkActive } from [32m'@angular/router'[37m;
        ╵                                                     [32m~~~~~~~~~~~~~~~~~[0m


[31mX [41;31m[[41;97mERROR[41;31m][0m [1mTS2354: This syntax requires an imported helper but module 'tslib' cannot be found.[0m [1m[35m[plugin angular-compiler][0m

    src/app/shared/components/site-header/site-header.component.ts:4:0:
[37m      4 │ [32m@Component({[37m
        ╵ [32m~~~~~~~~~~~~[0m


[31mX [41;31m[[41;97mERROR[41;31m][0m [1mNG1010: changeDetection must be a member of ChangeDetectionStrategy enum from @angular/core
  Value could not be determined statically.[0m [1m[35m[plugin angular-compiler][0m

    src/app/shared/components/site-header/site-header.component.ts:10:19:
[37m      10 │   changeDetection: [32mChangeDetectionStrategy.OnPush[37m,
         ╵                    [32m~~~~~~~~~~~~~~~~~~~~~~~~~~~~~~[0m

  Unknown reference.

    src/app/shared/components/site-header/site-header.component.ts:10:19:
[37m      10 │   changeDetection: [32mChangeDetectionStrategy[37m.OnPush,
         ╵                    [32m~~~~~~~~~~~~~~~~~~~~~~~[0m


[31mX [41;31m[[41;97mERROR[41;31m][0m [1mTS2307: Cannot find module '@angular/core' or its corresponding type declarations.[0m [1m[35m[plugin angular-compiler][0m

    src/app/shared/directives/reveal.directive.ts:1:92:
[37m      1 │ ...tRef, HostBinding, OnDestroy, inject, input } from [32m'@angular/core'[37m;
        ╵                                                       [32m~~~~~~~~~~~~~~~[0m


[31mX [41;31m[[41;97mERROR[41;31m][0m [1mTS2307: Cannot find module 'gsap' or its corresponding type declarations.[0m [1m[35m[plugin angular-compiler][0m

    src/app/shared/directives/reveal.directive.ts:2:21:
[37m      2 │ import { gsap } from [32m'gsap'[37m;
        ╵                      [32m~~~~~~[0m


[31mX [41;31m[[41;97mERROR[41;31m][0m [1mTS2307: Cannot find module 'gsap/ScrollTrigger' or its corresponding type declarations.[0m [1m[35m[plugin angular-compiler][0m

    src/app/shared/directives/reveal.directive.ts:3:30:
[37m      3 │ import { ScrollTrigger } from [32m'gsap/ScrollTrigger'[37m;
        ╵                               [32m~~~~~~~~~~~~~~~~~~~~[0m


[31mX [41;31m[[41;97mERROR[41;31m][0m [1mTS2354: This syntax requires an imported helper but module 'tslib' cannot be found.[0m [1m[35m[plugin angular-compiler][0m

    src/app/shared/directives/reveal.directive.ts:7:0:
[37m      7 │ [32m@Directive({ selector: '[appReveal]', standalone: true })[37m
        ╵ [32m~~~~~~~~~~~~~~~~~~~~~~~~~~~~~~~~~~~~~~~~~~~~~~~~~~~~~~~~~[0m


[31mX [41;31m[[41;97mERROR[41;31m][0m [1mTS7006: Parameter 't' implicitly has an 'any' type.[0m [1m[35m[plugin angular-compiler][0m

    src/app/shared/directives/reveal.directive.ts:45:35:
[37m      45 │     ScrollTrigger.getAll().forEach([32mt[37m => {
         ╵                                    [32m^[0m


[31mX [41;31m[[41;97mERROR[41;31m][0m [1mTS2307: Cannot find module '@angular/platform-browser' or its corresponding type declarations.[0m [1m[35m[plugin angular-compiler][0m

    src/main.ts:1:37:
[37m      1 │ import { bootstrapApplication } from [32m'@angular/platform-browser'[37m;
        ╵                                      [32m~~~~~~~~~~~~~~~~~~~~~~~~~~~[0m


[31mX [41;31m[[41;97mERROR[41;31m][0m [1mTS7006: Parameter 'err' implicitly has an 'any' type.[0m [1m[35m[plugin angular-compiler][0m

    src/main.ts:6:10:
[37m      6 │   .catch(([32merr[37m) => console.error(err));
        ╵           [32m~~~[0m

[39m[22m
[33m>[39m Changes detected. Rebuilding...
[32m√[39m Changes detected. Rebuilding...
Application bundle generation failed. [3.488 seconds] - 2026-08-02T20:58:07.886Z

[1m[31m[31mX [41;31m[[41;97mERROR[41;31m][0m [1mTS2307: Cannot find module '@angular/core' or its corresponding type declarations.[0m [1m[35m[plugin angular-compiler][0m

    src/app/app.config.ts:1:70:
[37m      1 │ ...nConfig, provideBrowserGlobalErrorListeners } from [32m'@angular/core'[37m;
        ╵                                                       [32m~~~~~~~~~~~~~~~[0m


[31mX [41;31m[[41;97mERROR[41;31m][0m [1mTS2307: Cannot find module '@ngrx/effects' or its corresponding type declarations.[0m [1m[35m[plugin angular-compiler][0m

    src/app/app.config.ts:2:31:
[37m      2 │ import { provideEffects } from [32m'@ngrx/effects'[37m;
        ╵                                [32m~~~~~~~~~~~~~~~[0m


[31mX [41;31m[[41;97mERROR[41;31m][0m [1mTS2307: Cannot find module '@ngrx/store' or its corresponding type declarations.[0m [1m[35m[plugin angular-compiler][0m

    src/app/app.config.ts:3:29:
[37m      3 │ import { provideStore } from [32m'@ngrx/store'[37m;
        ╵                              [32m~~~~~~~~~~~~~[0m


[31mX [41;31m[[41;97mERROR[41;31m][0m [1mTS2307: Cannot find module '@angular/router' or its corresponding type declarations.[0m [1m[35m[plugin angular-compiler][0m

    src/app/app.config.ts:4:53:
[37m      4 │ ...rt { provideRouter, withInMemoryScrolling } from [32m'@angular/router'[37m;
        ╵                                                     [32m~~~~~~~~~~~~~~~~~[0m


[31mX [41;31m[[41;97mERROR[41;31m][0m [1mTS2307: Cannot find module '@angular/router' or its corresponding type declarations.[0m [1m[35m[plugin angular-compiler][0m

    src/app/app.routes.ts:1:23:
[37m      1 │ import { Routes } from [32m'@angular/router'[37m;
        ╵                        [32m~~~~~~~~~~~~~~~~~[0m


[31mX [41;31m[[41;97mERROR[41;31m][0m [1mTS2307: Cannot find module '@angular/core' or its corresponding type declarations.[0m [1m[35m[plugin angular-compiler][0m

    src/app/app.ts:1:52:
[37m      1 │ import { Component, OnDestroy, AfterViewInit } from [32m'@angular/core'[37m;
        ╵                                                     [32m~~~~~~~~~~~~~~~[0m


[31mX [41;31m[[41;97mERROR[41;31m][0m [1mTS2307: Cannot find module '@angular/router' or its corresponding type declarations.[0m [1m[35m[plugin angular-compiler][0m

    src/app/app.ts:2:29:
[37m      2 │ import { RouterOutlet } from [32m'@angular/router'[37m;
        ╵                              [32m~~~~~~~~~~~~~~~~~[0m


[31mX [41;31m[[41;97mERROR[41;31m][0m [1mTS2307: Cannot find module 'lenis' or its corresponding type declarations.[0m [1m[35m[plugin angular-compiler][0m

    src/app/app.ts:3:18:
[37m      3 │ import Lenis from [32m'lenis'[37m;
        ╵                   [32m~~~~~~~[0m


[31mX [41;31m[[41;97mERROR[41;31m][0m [1mTS2307: Cannot find module 'gsap' or its corresponding type declarations.[0m [1m[35m[plugin angular-compiler][0m

    src/app/app.ts:4:21:
[37m      4 │ import { gsap } from [32m'gsap'[37m;
        ╵                      [32m~~~~~~[0m


[31mX [41;31m[[41;97mERROR[41;31m][0m [1mTS2307: Cannot find module 'gsap/ScrollTrigger' or its corresponding type declarations.[0m [1m[35m[plugin angular-compiler][0m

    src/app/app.ts:5:30:
[37m      5 │ import { ScrollTrigger } from [32m'gsap/ScrollTrigger'[37m;
        ╵                               [32m~~~~~~~~~~~~~~~~~~~~[0m


[31mX [41;31m[[41;97mERROR[41;31m][0m [1mTS2354: This syntax requires an imported helper but module 'tslib' cannot be found.[0m [1m[35m[plugin angular-compiler][0m

    src/app/app.ts:9:0:
[37m      9 │ [32m@Component({[37m
        ╵ [32m~~~~~~~~~~~~[0m


[31mX [41;31m[[41;97mERROR[41;31m][0m [1mNG1010: 'imports' must be an array of components, directives, pipes, or NgModules.
  Value could not be determined statically.[0m [1m[35m[plugin angular-compiler][0m

    src/app/app.ts:11:12:
[37m      11 │   imports: [[32mRouterOutlet[37m],
         ╵             [32m~~~~~~~~~~~~[0m

  Unknown reference.

    src/app/app.ts:11:12:
[37m      11 │   imports: [[32mRouterOutlet[37m],
         ╵             [32m~~~~~~~~~~~~[0m


[31mX [41;31m[[41;97mERROR[41;31m][0m [1mTS2307: Cannot find module '@angular/core' or its corresponding type declarations.[0m [1m[35m[plugin angular-compiler][0m

    src/app/core/services/brief-gateway.service.ts:1:27:
[37m      1 │ import { Injectable } from [32m'@angular/core'[37m;
        ╵                            [32m~~~~~~~~~~~~~~~[0m


[31mX [41;31m[[41;97mERROR[41;31m][0m [1mTS2307: Cannot find module 'rxjs' or its corresponding type declarations.[0m [1m[35m[plugin angular-compiler][0m

    src/app/core/services/brief-gateway.service.ts:2:38:
[37m      2 │ import { delay, Observable, of } from [32m'rxjs'[37m;
        ╵                                       [32m~~~~~~[0m


[31mX [41;31m[[41;97mERROR[41;31m][0m [1mTS2354: This syntax requires an imported helper but module 'tslib' cannot be found.[0m [1m[35m[plugin angular-compiler][0m

    src/app/core/services/brief-gateway.service.ts:6:0:
[37m      6 │ [32m@Injectable({ providedIn: 'root' })[37m
        ╵ [32m~~~~~~~~~~~~~~~~~~~~~~~~~~~~~~~~~~~[0m


[31mX [41;31m[[41;97mERROR[41;31m][0m [1mTS2307: Cannot find module '@ngrx/store' or its corresponding type declarations.[0m [1m[35m[plugin angular-compiler][0m

    src/app/core/state/brief.actions.ts:1:53:
[37m      1 │ import { createActionGroup, emptyProps, props } from [32m'@ngrx/store'[37m;
        ╵                                                      [32m~~~~~~~~~~~~~[0m


[31mX [41;31m[[41;97mERROR[41;31m][0m [1mTS2307: Cannot find module '@angular/core' or its corresponding type declarations.[0m [1m[35m[plugin angular-compiler][0m

    src/app/core/state/brief.effects.ts:1:35:
[37m      1 │ import { Injectable, inject } from [32m'@angular/core'[37m;
        ╵                                    [32m~~~~~~~~~~~~~~~[0m


[31mX [41;31m[[41;97mERROR[41;31m][0m [1mTS2307: Cannot find module '@ngrx/effects' or its corresponding type declarations.[0m [1m[35m[plugin angular-compiler][0m

    src/app/core/state/brief.effects.ts:2:46:
[37m      2 │ import { Actions, createEffect, ofType } from [32m'@ngrx/effects'[37m;
        ╵                                               [32m~~~~~~~~~~~~~~~[0m


[31mX [41;31m[[41;97mERROR[41;31m][0m [1mTS2307: Cannot find module 'rxjs/operators' or its corresponding type declarations.[0m [1m[35m[plugin angular-compiler][0m

    src/app/core/state/brief.effects.ts:3:43:
[37m      3 │ import { catchError, map, switchMap } from [32m'rxjs/operators'[37m;
        ╵                                            [32m~~~~~~~~~~~~~~~~[0m


[31mX [41;31m[[41;97mERROR[41;31m][0m [1mTS2307: Cannot find module 'rxjs' or its corresponding type declarations.[0m [1m[35m[plugin angular-compiler][0m

    src/app/core/state/brief.effects.ts:4:19:
[37m      4 │ import { of } from [32m'rxjs'[37m;
        ╵                    [32m~~~~~~[0m


[31mX [41;31m[[41;97mERROR[41;31m][0m [1mTS2354: This syntax requires an imported helper but module 'tslib' cannot be found.[0m [1m[35m[plugin angular-compiler][0m

    src/app/core/state/brief.effects.ts:8:0:
[37m      8 │ [32m@Injectable()[37m
        ╵ [32m~~~~~~~~~~~~~[0m


[31mX [41;31m[[41;97mERROR[41;31m][0m [1mTS7031: Binding element 'brief' implicitly has an 'any' type.[0m [1m[35m[plugin angular-compiler][0m

    src/app/core/state/brief.effects.ts:15:17:
[37m      15 │     switchMap(({ [32mbrief[37m }) => this.gateway.submit(brief).pipe(
         ╵                  [32m~~~~~[0m


[31mX [41;31m[[41;97mERROR[41;31m][0m [1mTS7006: Parameter 'submittedBrief' implicitly has an 'any' type.[0m [1m[35m[plugin angular-compiler][0m

    src/app/core/state/brief.effects.ts:16:11:
[37m      16 │       map(([32msubmittedBrief[37m) => BriefActions.submitSucceeded({ brief...
         ╵            [32m~~~~~~~~~~~~~~[0m


[31mX [41;31m[[41;97mERROR[41;31m][0m [1mTS2307: Cannot find module '@ngrx/store' or its corresponding type declarations.[0m [1m[35m[plugin angular-compiler][0m

    src/app/core/state/brief.reducer.ts:1:34:
[37m      1 │ import { createReducer, on } from [32m'@ngrx/store'[37m;
        ╵                                   [32m~~~~~~~~~~~~~[0m


[31mX [41;31m[[41;97mERROR[41;31m][0m [1mTS7006: Parameter 'state' implicitly has an 'any' type.[0m [1m[35m[plugin angular-compiler][0m

    src/app/core/state/brief.reducer.ts:9:36:
[37m      9 │ ...riefActions.submitRequested, ([32mstate[37m) => ({ ...state, status: 'su...
        ╵                                  [32m~~~~~[0m


[31mX [41;31m[[41;97mERROR[41;31m][0m [1mTS7006: Parameter '_' implicitly has an 'any' type.[0m [1m[35m[plugin angular-compiler][0m

    src/app/core/state/brief.reducer.ts:10:36:
[37m      10 │ ...BriefActions.submitSucceeded, ([32m_[37m, { brief }) => ({ status: 'suc...
         ╵                                   [32m^[0m


[31mX [41;31m[[41;97mERROR[41;31m][0m [1mTS7031: Binding element 'brief' implicitly has an 'any' type.[0m [1m[35m[plugin angular-compiler][0m

    src/app/core/state/brief.reducer.ts:10:41:
[37m      10 │ ...tions.submitSucceeded, (_, { [32mbrief[37m }) => ({ status: 'success' a...
         ╵                                 [32m~~~~~[0m


[31mX [41;31m[[41;97mERROR[41;31m][0m [1mTS7006: Parameter 'state' implicitly has an 'any' type.[0m [1m[35m[plugin angular-compiler][0m

    src/app/core/state/brief.reducer.ts:11:33:
[37m      11 │ ...(BriefActions.submitFailed, ([32mstate[37m, { error }) => ({ ...state, ...
         ╵                                 [32m~~~~~[0m


[31mX [41;31m[[41;97mERROR[41;31m][0m [1mTS7031: Binding element 'error' implicitly has an 'any' type.[0m [1m[35m[plugin angular-compiler][0m

    src/app/core/state/brief.reducer.ts:11:42:
[37m      11 │ ...ions.submitFailed, (state, { [32merror[37m }) => ({ ...state, status: '...
         ╵                                 [32m~~~~~[0m


[31mX [41;31m[[41;97mERROR[41;31m][0m [1mTS2307: Cannot find module '@ngrx/store' or its corresponding type declarations.[0m [1m[35m[plugin angular-compiler][0m

    src/app/core/state/brief.selectors.ts:1:38:
[37m      1 │ import { createFeatureSelector } from [32m'@ngrx/store'[37m;
        ╵                                       [32m~~~~~~~~~~~~~[0m


[31mX [41;31m[[41;97mERROR[41;31m][0m [1mTS2307: Cannot find module '@angular/core' or its corresponding type declarations.[0m [1m[35m[plugin angular-compiler][0m

    src/app/features/home/about-section/about-section.component.ts:1:51:
[37m      1 │ import { ChangeDetectionStrategy, Component } from [32m'@angular/core'[37m;
        ╵                                                    [32m~~~~~~~~~~~~~~~[0m


[31mX [41;31m[[41;97mERROR[41;31m][0m [1mTS2354: This syntax requires an imported helper but module 'tslib' cannot be found.[0m [1m[35m[plugin angular-compiler][0m

    src/app/features/home/about-section/about-section.component.ts:4:0:
[37m      4 │ [32m@Component({[37m
        ╵ [32m~~~~~~~~~~~~[0m


[31mX [41;31m[[41;97mERROR[41;31m][0m [1mNG1010: changeDetection must be a member of ChangeDetectionStrategy enum from @angular/core
  Value could not be determined statically.[0m [1m[35m[plugin angular-compiler][0m

    src/app/features/home/about-section/about-section.component.ts:8:19:
[37m      8 │   changeDetection: [32mChangeDetectionStrategy.OnPush[37m,
        ╵                    [32m~~~~~~~~~~~~~~~~~~~~~~~~~~~~~~[0m

  Unknown reference.

    src/app/features/home/about-section/about-section.component.ts:8:19:
[37m      8 │   changeDetection: [32mChangeDetectionStrategy[37m.OnPush,
        ╵                    [32m~~~~~~~~~~~~~~~~~~~~~~~[0m


[31mX [41;31m[[41;97mERROR[41;31m][0m [1mTS2307: Cannot find module '@angular/core' or its corresponding type declarations.[0m [1m[35m[plugin angular-compiler][0m

    src/app/features/home/contact-section/contact-section.component.ts:8:7:
[37m      8 │ } from [32m'@angular/core'[37m;
        ╵        [32m~~~~~~~~~~~~~~~[0m


[31mX [41;31m[[41;97mERROR[41;31m][0m [1mTS2307: Cannot find module '@angular/common' or its corresponding type declarations.[0m [1m[35m[plugin angular-compiler][0m

    src/app/features/home/contact-section/contact-section.component.ts:9:29:
[37m      9 │ import { CommonModule } from [32m'@angular/common'[37m;
        ╵                              [32m~~~~~~~~~~~~~~~~~[0m


[31mX [41;31m[[41;97mERROR[41;31m][0m [1mTS2307: Cannot find module '@angular/forms' or its corresponding type declarations.[0m [1m[35m[plugin angular-compiler][0m

    src/app/features/home/contact-section/contact-section.component.ts:10:78:
[37m      10 │ ... FormBuilder, Validators, AbstractControl } from [32m'@angular/forms'[37m;
         ╵                                                     [32m~~~~~~~~~~~~~~~~[0m


[31mX [41;31m[[41;97mERROR[41;31m][0m [1mTS2307: Cannot find module '@ngrx/store' or its corresponding type declarations.[0m [1m[35m[plugin angular-compiler][0m

    src/app/features/home/contact-section/contact-section.component.ts:11:22:
[37m      11 │ import { Store } from [32m'@ngrx/store'[37m;
         ╵                       [32m~~~~~~~~~~~~~[0m


[31mX [41;31m[[41;97mERROR[41;31m][0m [1mTS2307: Cannot find module '@angular/core/rxjs-interop' or its corresponding type declarations.[0m [1m[35m[plugin angular-compiler][0m

    src/app/features/home/contact-section/contact-section.component.ts:12:25:
[37m      12 │ import { toSignal } from [32m'@angular/core/rxjs-interop'[37m;
         ╵                          [32m~~~~~~~~~~~~~~~~~~~~~~~~~~~~[0m


[31mX [41;31m[[41;97mERROR[41;31m][0m [1mTS2354: This syntax requires an imported helper but module 'tslib' cannot be found.[0m [1m[35m[plugin angular-compiler][0m

    src/app/features/home/contact-section/contact-section.component.ts:17:0:
[37m      17 │ [32m@Component({[37m
         ╵ [32m~~~~~~~~~~~~[0m


[31mX [41;31m[[41;97mERROR[41;31m][0m [1mNG1010: changeDetection must be a member of ChangeDetectionStrategy enum from @angular/core
  Value could not be determined statically.[0m [1m[35m[plugin angular-compiler][0m

    src/app/features/home/contact-section/contact-section.component.ts:23:19:
[37m      23 │   changeDetection: [32mChangeDetectionStrategy.OnPush[37m,
         ╵                    [32m~~~~~~~~~~~~~~~~~~~~~~~~~~~~~~[0m

  Unknown reference.

    src/app/features/home/contact-section/contact-section.component.ts:23:19:
[37m      23 │   changeDetection: [32mChangeDetectionStrategy[37m.OnPush,
         ╵                    [32m~~~~~~~~~~~~~~~~~~~~~~~[0m


[31mX [41;31m[[41;97mERROR[41;31m][0m [1mTS2307: Cannot find module '@angular/core' or its corresponding type declarations.[0m [1m[35m[plugin angular-compiler][0m

    src/app/features/home/portfolio-footer/portfolio-footer.component.ts:8:7:
[37m      8 │ } from [32m'@angular/core'[37m;
        ╵        [32m~~~~~~~~~~~~~~~[0m


[31mX [41;31m[[41;97mERROR[41;31m][0m [1mTS2307: Cannot find module '@angular/common' or its corresponding type declarations.[0m [1m[35m[plugin angular-compiler][0m

    src/app/features/home/portfolio-footer/portfolio-footer.component.ts:9:25:
[37m      9 │ import { DatePipe } from [32m'@angular/common'[37m;
        ╵                          [32m~~~~~~~~~~~~~~~~~[0m


[31mX [41;31m[[41;97mERROR[41;31m][0m [1mTS2307: Cannot find module '@angular/router' or its corresponding type declarations.[0m [1m[35m[plugin angular-compiler][0m

    src/app/features/home/portfolio-footer/portfolio-footer.component.ts:11:27:
[37m      11 │ import { RouterLink } from [32m'@angular/router'[37m;
         ╵                            [32m~~~~~~~~~~~~~~~~~[0m


[31mX [41;31m[[41;97mERROR[41;31m][0m [1mTS2354: This syntax requires an imported helper but module 'tslib' cannot be found.[0m [1m[35m[plugin angular-compiler][0m

    src/app/features/home/portfolio-footer/portfolio-footer.component.ts:19:0:
[37m      19 │ [32m@Component({[37m
         ╵ [32m~~~~~~~~~~~~[0m


[31mX [41;31m[[41;97mERROR[41;31m][0m [1mNG1010: changeDetection must be a member of ChangeDetectionStrategy enum from @angular/core
  Value could not be determined statically.[0m [1m[35m[plugin angular-compiler][0m

    src/app/features/home/portfolio-footer/portfolio-footer.component.ts:25:19:
[37m      25 │   changeDetection: [32mChangeDetectionStrategy.OnPush[37m,
         ╵                    [32m~~~~~~~~~~~~~~~~~~~~~~~~~~~~~~[0m

  Unknown reference.

    src/app/features/home/portfolio-footer/portfolio-footer.component.ts:25:19:
[37m      25 │   changeDetection: [32mChangeDetectionStrategy[37m.OnPush,
         ╵                    [32m~~~~~~~~~~~~~~~~~~~~~~~[0m


[31mX [41;31m[[41;97mERROR[41;31m][0m [1mTS7006: Parameter 'hidden' implicitly has an 'any' type.[0m [1m[35m[plugin angular-compiler][0m

    src/app/features/home/portfolio-footer/portfolio-footer.component.ts:50:28:
[37m      50 │     this.isIpHidden.update(([32mhidden[37m) => !hidden);
         ╵                             [32m~~~~~~[0m


[31mX [41;31m[[41;97mERROR[41;31m][0m [1mTS7006: Parameter 'curr' implicitly has an 'any' type.[0m [1m[35m[plugin angular-compiler][0m

    src/app/features/home/portfolio-footer/portfolio-footer.component.ts:157:33:
[37m      157 │ ...    this.networkInfo.update(([32mcurr[37m) => ({ ...curr, loading: fal...
          ╵                                 [32m~~~~[0m


[31mX [41;31m[[41;97mERROR[41;31m][0m [1mTS2307: Cannot find module '@angular/core' or its corresponding type declarations.[0m [1m[35m[plugin angular-compiler][0m

    src/app/features/home/portfolio-hero/portfolio-hero.component.ts:1:51:
[37m      1 │ import { ChangeDetectionStrategy, Component } from [32m'@angular/core'[37m;
        ╵                                                    [32m~~~~~~~~~~~~~~~[0m


[31mX [41;31m[[41;97mERROR[41;31m][0m [1mTS2354: This syntax requires an imported helper but module 'tslib' cannot be found.[0m [1m[35m[plugin angular-compiler][0m

    src/app/features/home/portfolio-hero/portfolio-hero.component.ts:3:0:
[37m      3 │ [32m@Component({[37m
        ╵ [32m~~~~~~~~~~~~[0m


[31mX [41;31m[[41;97mERROR[41;31m][0m [1mNG1010: changeDetection must be a member of ChangeDetectionStrategy enum from @angular/core
  Value could not be determined statically.[0m [1m[35m[plugin angular-compiler][0m

    src/app/features/home/portfolio-hero/portfolio-hero.component.ts:7:19:
[37m      7 │   changeDetection: [32mChangeDetectionStrategy.OnPush[37m
        ╵                    [32m~~~~~~~~~~~~~~~~~~~~~~~~~~~~~~[0m

  Unknown reference.

    src/app/features/home/portfolio-hero/portfolio-hero.component.ts:7:19:
[37m      7 │   changeDetection: [32mChangeDetectionStrategy[37m.OnPush
        ╵                    [32m~~~~~~~~~~~~~~~~~~~~~~~[0m


[31mX [41;31m[[41;97mERROR[41;31m][0m [1mTS2307: Cannot find module '@angular/core' or its corresponding type declarations.[0m [1m[35m[plugin angular-compiler][0m

    src/app/features/home/projects-section/projects-section.component.ts:10:7:
[37m      10 │ } from [32m'@angular/core'[37m;
         ╵        [32m~~~~~~~~~~~~~~~[0m


[31mX [41;31m[[41;97mERROR[41;31m][0m [1mTS2307: Cannot find module 'gsap' or its corresponding type declarations.[0m [1m[35m[plugin angular-compiler][0m

    src/app/features/home/projects-section/projects-section.component.ts:12:21:
[37m      12 │ import { gsap } from [32m'gsap'[37m;
         ╵                      [32m~~~~~~[0m


[31mX [41;31m[[41;97mERROR[41;31m][0m [1mTS2307: Cannot find module 'gsap/ScrollTrigger' or its corresponding type declarations.[0m [1m[35m[plugin angular-compiler][0m

    src/app/features/home/projects-section/projects-section.component.ts:13:30:
[37m      13 │ import { ScrollTrigger } from [32m'gsap/ScrollTrigger'[37m;
         ╵                               [32m~~~~~~~~~~~~~~~~~~~~[0m


[31mX [41;31m[[41;97mERROR[41;31m][0m [1mTS2354: This syntax requires an imported helper but module 'tslib' cannot be found.[0m [1m[35m[plugin angular-compiler][0m

    src/app/features/home/projects-section/projects-section.component.ts:17:0:
[37m      17 │ [32m@Component({[37m
         ╵ [32m~~~~~~~~~~~~[0m


[31mX [41;31m[[41;97mERROR[41;31m][0m [1mNG1010: changeDetection must be a member of ChangeDetectionStrategy enum from @angular/core
  Value could not be determined statically.[0m [1m[35m[plugin angular-compiler][0m

    src/app/features/home/projects-section/projects-section.component.ts:21:19:
[37m      21 │   changeDetection: [32mChangeDetectionStrategy.OnPush[37m,
         ╵                    [32m~~~~~~~~~~~~~~~~~~~~~~~~~~~~~~[0m

  Unknown reference.

    src/app/features/home/projects-section/projects-section.component.ts:21:19:
[37m      21 │   changeDetection: [32mChangeDetectionStrategy[37m.OnPush,
         ╵                    [32m~~~~~~~~~~~~~~~~~~~~~~~[0m


[31mX [41;31m[[41;97mERROR[41;31m][0m [1mTS7006: Parameter 'st' implicitly has an 'any' type.[0m [1m[35m[plugin angular-compiler][0m

    src/app/features/home/projects-section/projects-section.component.ts:43:36:
[37m      43 │     ScrollTrigger.getAll().forEach(([32mst[37m) => {
         ╵                                     [32m~~[0m


[31mX [41;31m[[41;97mERROR[41;31m][0m [1mTS7006: Parameter 'c' implicitly has an 'any' type.[0m [1m[35m[plugin angular-compiler][0m

    src/app/features/home/projects-section/projects-section.component.ts:52:51:
[37m      52 │ ...t cardElements = this.cards.toArray().map(([32mc[37m) => c.nativeElement);
         ╵                                               [32m^[0m


[31mX [41;31m[[41;97mERROR[41;31m][0m [1mTS7006: Parameter 'card' implicitly has an 'any' type.[0m [1m[35m[plugin angular-compiler][0m

    src/app/features/home/projects-section/projects-section.component.ts:60:28:
[37m      60 │       cardElements.forEach(([32mcard[37m, i) => {
         ╵                             [32m~~~~[0m


[31mX [41;31m[[41;97mERROR[41;31m][0m [1mTS7006: Parameter 'i' implicitly has an 'any' type.[0m [1m[35m[plugin angular-compiler][0m

    src/app/features/home/projects-section/projects-section.component.ts:60:34:
[37m      60 │       cardElements.forEach((card, [32mi[37m) => {
         ╵                                   [32m^[0m


[31mX [41;31m[[41;97mERROR[41;31m][0m [1mTS7006: Parameter 'prevCard' implicitly has an 'any' type.[0m [1m[35m[plugin angular-compiler][0m

    src/app/features/home/projects-section/projects-section.component.ts:97:29:
[37m      97 │       previousCards.forEach(([32mprevCard[37m, j) => {
         ╵                              [32m~~~~~~~~[0m


[31mX [41;31m[[41;97mERROR[41;31m][0m [1mTS7006: Parameter 'j' implicitly has an 'any' type.[0m [1m[35m[plugin angular-compiler][0m

    src/app/features/home/projects-section/projects-section.component.ts:97:39:
[37m      97 │       previousCards.forEach((prevCard, [32mj[37m) => {
         ╵                                        [32m^[0m


[31mX [41;31m[[41;97mERROR[41;31m][0m [1mTS7006: Parameter '_' implicitly has an 'any' type.[0m [1m[35m[plugin angular-compiler][0m

    src/app/features/home/projects-section/projects-section.component.ts:118:41:
[37m      118 │     const snapPoints = cardElements.map(([32m_[37m, i) => {
          ╵                                          [32m^[0m


[31mX [41;31m[[41;97mERROR[41;31m][0m [1mTS7006: Parameter 'i' implicitly has an 'any' type.[0m [1m[35m[plugin angular-compiler][0m

    src/app/features/home/projects-section/projects-section.component.ts:118:44:
[37m      118 │     const snapPoints = cardElements.map((_, [32mi[37m) => {
          ╵                                             [32m^[0m


[31mX [41;31m[[41;97mERROR[41;31m][0m [1mTS7006: Parameter 'self' implicitly has an 'any' type.[0m [1m[35m[plugin angular-compiler][0m

    src/app/features/home/projects-section/projects-section.component.ts:137:17:
[37m      137 │       onUpdate: ([32mself[37m) => {
          ╵                  [32m~~~~[0m


[31mX [41;31m[[41;97mERROR[41;31m][0m [1mTS2307: Cannot find module '@angular/core' or its corresponding type declarations.[0m [1m[35m[plugin angular-compiler][0m

    src/app/features/home/skills-section/skills-section.component.ts:1:59:
[37m      1 │ ... ChangeDetectionStrategy, Component, inject } from [32m'@angular/core'[37m;
        ╵                                                       [32m~~~~~~~~~~~~~~~[0m


[31mX [41;31m[[41;97mERROR[41;31m][0m [1mTS2307: Cannot find module '@angular/platform-browser' or its corresponding type declarations.[0m [1m[35m[plugin angular-compiler][0m

    src/app/features/home/skills-section/skills-section.component.ts:2:29:
[37m      2 │ import { DomSanitizer } from [32m'@angular/platform-browser'[37m;
        ╵                              [32m~~~~~~~~~~~~~~~~~~~~~~~~~~~[0m


[31mX [41;31m[[41;97mERROR[41;31m][0m [1mTS2354: This syntax requires an imported helper but module 'tslib' cannot be found.[0m [1m[35m[plugin angular-compiler][0m

    src/app/features/home/skills-section/skills-section.component.ts:5:0:
[37m      5 │ [32m@Component({[37m
        ╵ [32m~~~~~~~~~~~~[0m


[31mX [41;31m[[41;97mERROR[41;31m][0m [1mNG1010: changeDetection must be a member of ChangeDetectionStrategy enum from @angular/core
  Value could not be determined statically.[0m [1m[35m[plugin angular-compiler][0m

    src/app/features/home/skills-section/skills-section.component.ts:11:19:
[37m      11 │   changeDetection: [32mChangeDetectionStrategy.OnPush[37m,
         ╵                    [32m~~~~~~~~~~~~~~~~~~~~~~~~~~~~~~[0m

  Unknown reference.

    src/app/features/home/skills-section/skills-section.component.ts:11:19:
[37m      11 │   changeDetection: [32mChangeDetectionStrategy[37m.OnPush,
         ╵                    [32m~~~~~~~~~~~~~~~~~~~~~~~[0m


[31mX [41;31m[[41;97mERROR[41;31m][0m [1mTS2307: Cannot find module '@angular/core' or its corresponding type declarations.[0m [1m[35m[plugin angular-compiler][0m

    src/app/features/landing/landing-page.component.ts:1:77:
[37m      1 │ ...rategy, Component, computed, inject, signal } from [32m'@angular/core'[37m;
        ╵                                                       [32m~~~~~~~~~~~~~~~[0m


[31mX [41;31m[[41;97mERROR[41;31m][0m [1mTS2307: Cannot find module '@angular/router' or its corresponding type declarations.[0m [1m[35m[plugin angular-compiler][0m

    src/app/features/landing/landing-page.component.ts:2:27:
[37m      2 │ import { RouterLink } from [32m'@angular/router'[37m;
        ╵                            [32m~~~~~~~~~~~~~~~~~[0m


[31mX [41;31m[[41;97mERROR[41;31m][0m [1mTS2307: Cannot find module '@angular/forms' or its corresponding type declarations.[0m [1m[35m[plugin angular-compiler][0m

    src/app/features/landing/landing-page.component.ts:3:61:
[37m      3 │ ...activeFormsModule, FormBuilder, Validators } from [32m'@angular/forms'[37m;
        ╵                                                      [32m~~~~~~~~~~~~~~~~[0m


[31mX [41;31m[[41;97mERROR[41;31m][0m [1mTS2307: Cannot find module '@ngrx/store' or its corresponding type declarations.[0m [1m[35m[plugin angular-compiler][0m

    src/app/features/landing/landing-page.component.ts:4:22:
[37m      4 │ import { Store } from [32m'@ngrx/store'[37m;
        ╵                       [32m~~~~~~~~~~~~~[0m


[31mX [41;31m[[41;97mERROR[41;31m][0m [1mTS2307: Cannot find module '@angular/core/rxjs-interop' or its corresponding type declarations.[0m [1m[35m[plugin angular-compiler][0m

    src/app/features/landing/landing-page.component.ts:5:25:
[37m      5 │ import { toSignal } from [32m'@angular/core/rxjs-interop'[37m;
        ╵                          [32m~~~~~~~~~~~~~~~~~~~~~~~~~~~~[0m


[31mX [41;31m[[41;97mERROR[41;31m][0m [1mTS2354: This syntax requires an imported helper but module 'tslib' cannot be found.[0m [1m[35m[plugin angular-compiler][0m

    src/app/features/landing/landing-page.component.ts:17:0:
[37m      17 │ [32m@Component({[37m
         ╵ [32m~~~~~~~~~~~~[0m


[31mX [41;31m[[41;97mERROR[41;31m][0m [1mNG1010: changeDetection must be a member of ChangeDetectionStrategy enum from @angular/core
  Value could not be determined statically.[0m [1m[35m[plugin angular-compiler][0m

    src/app/features/landing/landing-page.component.ts:33:19:
[37m      33 │   changeDetection: [32mChangeDetectionStrategy.OnPush[37m,
         ╵                    [32m~~~~~~~~~~~~~~~~~~~~~~~~~~~~~~[0m

  Unknown reference.

    src/app/features/landing/landing-page.component.ts:33:19:
[37m      33 │   changeDetection: [32mChangeDetectionStrategy[37m.OnPush,
         ╵                    [32m~~~~~~~~~~~~~~~~~~~~~~~[0m


[31mX [41;31m[[41;97mERROR[41;31m][0m [1mTS7006: Parameter 'active' implicitly has an 'any' type.[0m [1m[35m[plugin angular-compiler][0m

    src/app/features/landing/landing-page.component.ts:62:27:
[37m      62 │     this.activeFaq.update(([32mactive[37m) => (active === index ? null : i...
         ╵                            [32m~~~~~~[0m


[31mX [41;31m[[41;97mERROR[41;31m][0m [1mTS2307: Cannot find module '@angular/core' or its corresponding type declarations.[0m [1m[35m[plugin angular-compiler][0m

    src/app/features/legal/privacy/privacy-page.component.ts:1:59:
[37m      1 │ ... ChangeDetectionStrategy, Component, signal } from [32m'@angular/core'[37m;
        ╵                                                       [32m~~~~~~~~~~~~~~~[0m


[31mX [41;31m[[41;97mERROR[41;31m][0m [1mTS2307: Cannot find module '@angular/router' or its corresponding type declarations.[0m [1m[35m[plugin angular-compiler][0m

    src/app/features/legal/privacy/privacy-page.component.ts:2:27:
[37m      2 │ import { RouterLink } from [32m'@angular/router'[37m;
        ╵                            [32m~~~~~~~~~~~~~~~~~[0m


[31mX [41;31m[[41;97mERROR[41;31m][0m [1mTS2354: This syntax requires an imported helper but module 'tslib' cannot be found.[0m [1m[35m[plugin angular-compiler][0m

    src/app/features/legal/privacy/privacy-page.component.ts:6:0:
[37m      6 │ [32m@Component({[37m
        ╵ [32m~~~~~~~~~~~~[0m


[31mX [41;31m[[41;97mERROR[41;31m][0m [1mNG1010: changeDetection must be a member of ChangeDetectionStrategy enum from @angular/core
  Value could not be determined statically.[0m [1m[35m[plugin angular-compiler][0m

    src/app/features/legal/privacy/privacy-page.component.ts:12:19:
[37m      12 │   changeDetection: [32mChangeDetectionStrategy.OnPush[37m,
         ╵                    [32m~~~~~~~~~~~~~~~~~~~~~~~~~~~~~~[0m

  Unknown reference.

    src/app/features/legal/privacy/privacy-page.component.ts:12:19:
[37m      12 │   changeDetection: [32mChangeDetectionStrategy[37m.OnPush,
         ╵                    [32m~~~~~~~~~~~~~~~~~~~~~~~[0m


[31mX [41;31m[[41;97mERROR[41;31m][0m [1mTS2307: Cannot find module '@angular/core' or its corresponding type declarations.[0m [1m[35m[plugin angular-compiler][0m

    src/app/features/legal/terms/terms-page.component.ts:1:59:
[37m      1 │ ... ChangeDetectionStrategy, Component, signal } from [32m'@angular/core'[37m;
        ╵                                                       [32m~~~~~~~~~~~~~~~[0m


[31mX [41;31m[[41;97mERROR[41;31m][0m [1mTS2307: Cannot find module '@angular/router' or its corresponding type declarations.[0m [1m[35m[plugin angular-compiler][0m

    src/app/features/legal/terms/terms-page.component.ts:2:27:
[37m      2 │ import { RouterLink } from [32m'@angular/router'[37m;
        ╵                            [32m~~~~~~~~~~~~~~~~~[0m


[31mX [41;31m[[41;97mERROR[41;31m][0m [1mTS2354: This syntax requires an imported helper but module 'tslib' cannot be found.[0m [1m[35m[plugin angular-compiler][0m

    src/app/features/legal/terms/terms-page.component.ts:6:0:
[37m      6 │ [32m@Component({[37m
        ╵ [32m~~~~~~~~~~~~[0m


[31mX [41;31m[[41;97mERROR[41;31m][0m [1mNG1010: changeDetection must be a member of ChangeDetectionStrategy enum from @angular/core
  Value could not be determined statically.[0m [1m[35m[plugin angular-compiler][0m

    src/app/features/legal/terms/terms-page.component.ts:12:19:
[37m      12 │   changeDetection: [32mChangeDetectionStrategy.OnPush[37m,
         ╵                    [32m~~~~~~~~~~~~~~~~~~~~~~~~~~~~~~[0m

  Unknown reference.

    src/app/features/legal/terms/terms-page.component.ts:12:19:
[37m      12 │   changeDetection: [32mChangeDetectionStrategy[37m.OnPush,
         ╵                    [32m~~~~~~~~~~~~~~~~~~~~~~~[0m


[31mX [41;31m[[41;97mERROR[41;31m][0m [1mTS2307: Cannot find module '@angular/core' or its corresponding type declarations.[0m [1m[35m[plugin angular-compiler][0m

    src/app/features/resume/resume-page.component.ts:1:59:
[37m      1 │ ... ChangeDetectionStrategy, Component, signal } from [32m'@angular/core'[37m;
        ╵                                                       [32m~~~~~~~~~~~~~~~[0m


[31mX [41;31m[[41;97mERROR[41;31m][0m [1mTS2307: Cannot find module '@angular/common' or its corresponding type declarations.[0m [1m[35m[plugin angular-compiler][0m

    src/app/features/resume/resume-page.component.ts:2:30:
[37m      2 │ import { UpperCasePipe } from [32m'@angular/common'[37m;
        ╵                               [32m~~~~~~~~~~~~~~~~~[0m


[31mX [41;31m[[41;97mERROR[41;31m][0m [1mTS2354: This syntax requires an imported helper but module 'tslib' cannot be found.[0m [1m[35m[plugin angular-compiler][0m

    src/app/features/resume/resume-page.component.ts:6:0:
[37m      6 │ [32m@Component({[37m
        ╵ [32m~~~~~~~~~~~~[0m


[31mX [41;31m[[41;97mERROR[41;31m][0m [1mNG1010: changeDetection must be a member of ChangeDetectionStrategy enum from @angular/core
  Value could not be determined statically.[0m [1m[35m[plugin angular-compiler][0m

    src/app/features/resume/resume-page.component.ts:11:19:
[37m      11 │   changeDetection: [32mChangeDetectionStrategy.OnPush[37m,
         ╵                    [32m~~~~~~~~~~~~~~~~~~~~~~~~~~~~~~[0m

  Unknown reference.

    src/app/features/resume/resume-page.component.ts:11:19:
[37m      11 │   changeDetection: [32mChangeDetectionStrategy[37m.OnPush,
         ╵                    [32m~~~~~~~~~~~~~~~~~~~~~~~[0m


[31mX [41;31m[[41;97mERROR[41;31m][0m [1mTS2307: Cannot find module '@angular/core' or its corresponding type declarations.[0m [1m[35m[plugin angular-compiler][0m

    src/app/shared/components/icon-cloud/icon-cloud.component.ts:1:137:
[37m      1 │ ...nStrategy, NgZone, ViewChild, AfterViewInit } from [32m'@angular/core'[37m;
        ╵                                                       [32m~~~~~~~~~~~~~~~[0m


[31mX [41;31m[[41;97mERROR[41;31m][0m [1mTS2307: Cannot find module '@angular/common' or its corresponding type declarations.[0m [1m[35m[plugin angular-compiler][0m

    src/app/shared/components/icon-cloud/icon-cloud.component.ts:2:48:
[37m      2 │ import { CommonModule, isPlatformBrowser } from [32m'@angular/common'[37m;
        ╵                                                 [32m~~~~~~~~~~~~~~~~~[0m


[31mX [41;31m[[41;97mERROR[41;31m][0m [1mTS2307: Cannot find module 'three' or its corresponding type declarations.[0m [1m[35m[plugin angular-compiler][0m

    src/app/shared/components/icon-cloud/icon-cloud.component.ts:3:23:
[37m      3 │ import * as THREE from [32m'three'[37m;
        ╵                        [32m~~~~~~~[0m


[31mX [41;31m[[41;97mERROR[41;31m][0m [1mTS2354: This syntax requires an imported helper but module 'tslib' cannot be found.[0m [1m[35m[plugin angular-compiler][0m

    src/app/shared/components/icon-cloud/icon-cloud.component.ts:85:0:
[37m      85 │ [32m@Component({[37m
         ╵ [32m~~~~~~~~~~~~[0m


[31mX [41;31m[[41;97mERROR[41;31m][0m [1mNG1010: changeDetection must be a member of ChangeDetectionStrategy enum from @angular/core
  Value could not be determined statically.[0m [1m[35m[plugin angular-compiler][0m

    src/app/shared/components/icon-cloud/icon-cloud.component.ts:107:19:
[37m      107 │   changeDetection: [32mChangeDetectionStrategy.OnPush[37m,
          ╵                    [32m~~~~~~~~~~~~~~~~~~~~~~~~~~~~~~[0m

  Unknown reference.

    src/app/shared/components/icon-cloud/icon-cloud.component.ts:107:19:
[37m      107 │   changeDetection: [32mChangeDetectionStrategy[37m.OnPush,
          ╵                    [32m~~~~~~~~~~~~~~~~~~~~~~~[0m


[31mX [41;31m[[41;97mERROR[41;31m][0m [1mTS2307: Cannot find module '@angular/core' or its corresponding type declarations.[0m [1m[35m[plugin angular-compiler][0m

    src/app/shared/components/interactive-globe/interactive-globe.component.ts:12:7:
[37m      12 │ } from [32m'@angular/core'[37m;
         ╵        [32m~~~~~~~~~~~~~~~[0m


[31mX [41;31m[[41;97mERROR[41;31m][0m [1mTS2307: Cannot find module '@angular/common' or its corresponding type declarations.[0m [1m[35m[plugin angular-compiler][0m

    src/app/shared/components/interactive-globe/interactive-globe.component.ts:13:48:
[37m      13 │ import { isPlatformBrowser, CommonModule } from [32m'@angular/common'[37m;
         ╵                                                 [32m~~~~~~~~~~~~~~~~~[0m


[31mX [41;31m[[41;97mERROR[41;31m][0m [1mTS2307: Cannot find module 'three' or its corresponding type declarations.[0m [1m[35m[plugin angular-compiler][0m

    src/app/shared/components/interactive-globe/interactive-globe.component.ts:29:7:
[37m      29 │ } from [32m'three'[37m;
         ╵        [32m~~~~~~~[0m


[31mX [41;31m[[41;97mERROR[41;31m][0m [1mTS2307: Cannot find module 'd3-geo' or its corresponding type declarations.[0m [1m[35m[plugin angular-compiler][0m

    src/app/shared/components/interactive-globe/interactive-globe.component.ts:30:44:
[37m      30 │ import { geoEquirectangular, geoPath } from [32m'd3-geo'[37m;
         ╵                                             [32m~~~~~~~~[0m


[31mX [41;31m[[41;97mERROR[41;31m][0m [1mTS2354: This syntax requires an imported helper but module 'tslib' cannot be found.[0m [1m[35m[plugin angular-compiler][0m

    src/app/shared/components/interactive-globe/interactive-globe.component.ts:190:0:
[37m      190 │ [32m@Component({[37m
          ╵ [32m~~~~~~~~~~~~[0m


[31mX [41;31m[[41;97mERROR[41;31m][0m [1mNG1010: changeDetection must be a member of ChangeDetectionStrategy enum from @angular/core
  Value could not be determined statically.[0m [1m[35m[plugin angular-compiler][0m

    src/app/shared/components/interactive-globe/interactive-globe.component.ts:211:19:
[37m      211 │   changeDetection: [32mChangeDetectionStrategy.OnPush[37m,
          ╵                    [32m~~~~~~~~~~~~~~~~~~~~~~~~~~~~~~[0m

  Unknown reference.

    src/app/shared/components/interactive-globe/interactive-globe.component.ts:211:19:
[37m      211 │   changeDetection: [32mChangeDetectionStrategy[37m.OnPush,
          ╵                    [32m~~~~~~~~~~~~~~~~~~~~~~~[0m


[31mX [41;31m[[41;97mERROR[41;31m][0m [1mTS2307: Cannot find module '@angular/core' or its corresponding type declarations.[0m [1m[35m[plugin angular-compiler][0m

    src/app/shared/components/site-header/site-header.component.ts:1:67:
[37m      1 │ ...etectionStrategy, Component, signal, inject } from [32m'@angular/core'[37m;
        ╵                                                       [32m~~~~~~~~~~~~~~~[0m


[31mX [41;31m[[41;97mERROR[41;31m][0m [1mTS2307: Cannot find module '@angular/router' or its corresponding type declarations.[0m [1m[35m[plugin angular-compiler][0m

    src/app/shared/components/site-header/site-header.component.ts:2:53:
[37m      2 │ ...rt { Router, RouterLink, RouterLinkActive } from [32m'@angular/router'[37m;
        ╵                                                     [32m~~~~~~~~~~~~~~~~~[0m


[31mX [41;31m[[41;97mERROR[41;31m][0m [1mTS2354: This syntax requires an imported helper but module 'tslib' cannot be found.[0m [1m[35m[plugin angular-compiler][0m

    src/app/shared/components/site-header/site-header.component.ts:4:0:
[37m      4 │ [32m@Component({[37m
        ╵ [32m~~~~~~~~~~~~[0m


[31mX [41;31m[[41;97mERROR[41;31m][0m [1mNG1010: changeDetection must be a member of ChangeDetectionStrategy enum from @angular/core
  Value could not be determined statically.[0m [1m[35m[plugin angular-compiler][0m

    src/app/shared/components/site-header/site-header.component.ts:10:19:
[37m      10 │   changeDetection: [32mChangeDetectionStrategy.OnPush[37m,
         ╵                    [32m~~~~~~~~~~~~~~~~~~~~~~~~~~~~~~[0m

  Unknown reference.

    src/app/shared/components/site-header/site-header.component.ts:10:19:
[37m      10 │   changeDetection: [32mChangeDetectionStrategy[37m.OnPush,
         ╵                    [32m~~~~~~~~~~~~~~~~~~~~~~~[0m


[31mX [41;31m[[41;97mERROR[41;31m][0m [1mTS2307: Cannot find module '@angular/core' or its corresponding type declarations.[0m [1m[35m[plugin angular-compiler][0m

    src/app/shared/directives/reveal.directive.ts:1:92:
[37m      1 │ ...tRef, HostBinding, OnDestroy, inject, input } from [32m'@angular/core'[37m;
        ╵                                                       [32m~~~~~~~~~~~~~~~[0m


[31mX [41;31m[[41;97mERROR[41;31m][0m [1mTS2307: Cannot find module 'gsap' or its corresponding type declarations.[0m [1m[35m[plugin angular-compiler][0m

    src/app/shared/directives/reveal.directive.ts:2:21:
[37m      2 │ import { gsap } from [32m'gsap'[37m;
        ╵                      [32m~~~~~~[0m


[31mX [41;31m[[41;97mERROR[41;31m][0m [1mTS2307: Cannot find module 'gsap/ScrollTrigger' or its corresponding type declarations.[0m [1m[35m[plugin angular-compiler][0m

    src/app/shared/directives/reveal.directive.ts:3:30:
[37m      3 │ import { ScrollTrigger } from [32m'gsap/ScrollTrigger'[37m;
        ╵                               [32m~~~~~~~~~~~~~~~~~~~~[0m


[31mX [41;31m[[41;97mERROR[41;31m][0m [1mTS2354: This syntax requires an imported helper but module 'tslib' cannot be found.[0m [1m[35m[plugin angular-compiler][0m

    src/app/shared/directives/reveal.directive.ts:7:0:
[37m      7 │ [32m@Directive({ selector: '[appReveal]', standalone: true })[37m
        ╵ [32m~~~~~~~~~~~~~~~~~~~~~~~~~~~~~~~~~~~~~~~~~~~~~~~~~~~~~~~~~[0m


[31mX [41;31m[[41;97mERROR[41;31m][0m [1mTS7006: Parameter 't' implicitly has an 'any' type.[0m [1m[35m[plugin angular-compiler][0m

    src/app/shared/directives/reveal.directive.ts:45:35:
[37m      45 │     ScrollTrigger.getAll().forEach([32mt[37m => {
         ╵                                    [32m^[0m


[31mX [41;31m[[41;97mERROR[41;31m][0m [1mTS2307: Cannot find module '@angular/platform-browser' or its corresponding type declarations.[0m [1m[35m[plugin angular-compiler][0m

    src/main.ts:1:37:
[37m      1 │ import { bootstrapApplication } from [32m'@angular/platform-browser'[37m;
        ╵                                      [32m~~~~~~~~~~~~~~~~~~~~~~~~~~~[0m


[31mX [41;31m[[41;97mERROR[41;31m][0m [1mTS7006: Parameter 'err' implicitly has an 'any' type.[0m [1m[35m[plugin angular-compiler][0m

    src/main.ts:6:10:
[37m      6 │   .catch(([32merr[37m) => console.error(err));
        ╵           [32m~~~[0m

[39m[22m
[33m>[39m Changes detected. Rebuilding...
[32m√[39m Changes detected. Rebuilding...
Application bundle generation failed. [1.796 seconds] - 2026-08-02T20:58:09.760Z

[1m[31m[31mX [41;31m[[41;97mERROR[41;31m][0m [1mTS2307: Cannot find module '@angular/core' or its corresponding type declarations.[0m [1m[35m[plugin angular-compiler][0m

    src/app/app.config.ts:1:70:
[37m      1 │ ...nConfig, provideBrowserGlobalErrorListeners } from [32m'@angular/core'[37m;
        ╵                                                       [32m~~~~~~~~~~~~~~~[0m


[31mX [41;31m[[41;97mERROR[41;31m][0m [1mTS2307: Cannot find module '@ngrx/effects' or its corresponding type declarations.[0m [1m[35m[plugin angular-compiler][0m

    src/app/app.config.ts:2:31:
[37m      2 │ import { provideEffects } from [32m'@ngrx/effects'[37m;
        ╵                                [32m~~~~~~~~~~~~~~~[0m


[31mX [41;31m[[41;97mERROR[41;31m][0m [1mTS2307: Cannot find module '@ngrx/store' or its corresponding type declarations.[0m [1m[35m[plugin angular-compiler][0m

    src/app/app.config.ts:3:29:
[37m      3 │ import { provideStore } from [32m'@ngrx/store'[37m;
        ╵                              [32m~~~~~~~~~~~~~[0m


[31mX [41;31m[[41;97mERROR[41;31m][0m [1mTS2307: Cannot find module '@angular/router' or its corresponding type declarations.[0m [1m[35m[plugin angular-compiler][0m

    src/app/app.config.ts:4:53:
[37m      4 │ ...rt { provideRouter, withInMemoryScrolling } from [32m'@angular/router'[37m;
        ╵                                                     [32m~~~~~~~~~~~~~~~~~[0m


[31mX [41;31m[[41;97mERROR[41;31m][0m [1mTS2307: Cannot find module '@angular/router' or its corresponding type declarations.[0m [1m[35m[plugin angular-compiler][0m

    src/app/app.routes.ts:1:23:
[37m      1 │ import { Routes } from [32m'@angular/router'[37m;
        ╵                        [32m~~~~~~~~~~~~~~~~~[0m


[31mX [41;31m[[41;97mERROR[41;31m][0m [1mTS2307: Cannot find module '@angular/core' or its corresponding type declarations.[0m [1m[35m[plugin angular-compiler][0m

    src/app/app.ts:1:52:
[37m      1 │ import { Component, OnDestroy, AfterViewInit } from [32m'@angular/core'[37m;
        ╵                                                     [32m~~~~~~~~~~~~~~~[0m


[31mX [41;31m[[41;97mERROR[41;31m][0m [1mTS2307: Cannot find module '@angular/router' or its corresponding type declarations.[0m [1m[35m[plugin angular-compiler][0m

    src/app/app.ts:2:29:
[37m      2 │ import { RouterOutlet } from [32m'@angular/router'[37m;
        ╵                              [32m~~~~~~~~~~~~~~~~~[0m


[31mX [41;31m[[41;97mERROR[41;31m][0m [1mTS2307: Cannot find module 'lenis' or its corresponding type declarations.[0m [1m[35m[plugin angular-compiler][0m

    src/app/app.ts:3:18:
[37m      3 │ import Lenis from [32m'lenis'[37m;
        ╵                   [32m~~~~~~~[0m


[31mX [41;31m[[41;97mERROR[41;31m][0m [1mTS2307: Cannot find module 'gsap' or its corresponding type declarations.[0m [1m[35m[plugin angular-compiler][0m

    src/app/app.ts:4:21:
[37m      4 │ import { gsap } from [32m'gsap'[37m;
        ╵                      [32m~~~~~~[0m


[31mX [41;31m[[41;97mERROR[41;31m][0m [1mTS2307: Cannot find module 'gsap/ScrollTrigger' or its corresponding type declarations.[0m [1m[35m[plugin angular-compiler][0m

    src/app/app.ts:5:30:
[37m      5 │ import { ScrollTrigger } from [32m'gsap/ScrollTrigger'[37m;
        ╵                               [32m~~~~~~~~~~~~~~~~~~~~[0m


[31mX [41;31m[[41;97mERROR[41;31m][0m [1mTS2354: This syntax requires an imported helper but module 'tslib' cannot be found.[0m [1m[35m[plugin angular-compiler][0m

    src/app/app.ts:9:0:
[37m      9 │ [32m@Component({[37m
        ╵ [32m~~~~~~~~~~~~[0m


[31mX [41;31m[[41;97mERROR[41;31m][0m [1mNG1010: 'imports' must be an array of components, directives, pipes, or NgModules.
  Value could not be determined statically.[0m [1m[35m[plugin angular-compiler][0m

    src/app/app.ts:11:12:
[37m      11 │   imports: [[32mRouterOutlet[37m],
         ╵             [32m~~~~~~~~~~~~[0m

  Unknown reference.

    src/app/app.ts:11:12:
[37m      11 │   imports: [[32mRouterOutlet[37m],
         ╵             [32m~~~~~~~~~~~~[0m


[31mX [41;31m[[41;97mERROR[41;31m][0m [1mTS2307: Cannot find module '@angular/core' or its corresponding type declarations.[0m [1m[35m[plugin angular-compiler][0m

    src/app/core/services/brief-gateway.service.ts:1:27:
[37m      1 │ import { Injectable } from [32m'@angular/core'[37m;
        ╵                            [32m~~~~~~~~~~~~~~~[0m


[31mX [41;31m[[41;97mERROR[41;31m][0m [1mTS2307: Cannot find module 'rxjs' or its corresponding type declarations.[0m [1m[35m[plugin angular-compiler][0m

    src/app/core/services/brief-gateway.service.ts:2:38:
[37m      2 │ import { delay, Observable, of } from [32m'rxjs'[37m;
        ╵                                       [32m~~~~~~[0m


[31mX [41;31m[[41;97mERROR[41;31m][0m [1mTS2354: This syntax requires an imported helper but module 'tslib' cannot be found.[0m [1m[35m[plugin angular-compiler][0m

    src/app/core/services/brief-gateway.service.ts:6:0:
[37m      6 │ [32m@Injectable({ providedIn: 'root' })[37m
        ╵ [32m~~~~~~~~~~~~~~~~~~~~~~~~~~~~~~~~~~~[0m


[31mX [41;31m[[41;97mERROR[41;31m][0m [1mTS2307: Cannot find module '@ngrx/store' or its corresponding type declarations.[0m [1m[35m[plugin angular-compiler][0m

    src/app/core/state/brief.actions.ts:1:53:
[37m      1 │ import { createActionGroup, emptyProps, props } from [32m'@ngrx/store'[37m;
        ╵                                                      [32m~~~~~~~~~~~~~[0m


[31mX [41;31m[[41;97mERROR[41;31m][0m [1mTS2307: Cannot find module '@angular/core' or its corresponding type declarations.[0m [1m[35m[plugin angular-compiler][0m

    src/app/core/state/brief.effects.ts:1:35:
[37m      1 │ import { Injectable, inject } from [32m'@angular/core'[37m;
        ╵                                    [32m~~~~~~~~~~~~~~~[0m


[31mX [41;31m[[41;97mERROR[41;31m][0m [1mTS2307: Cannot find module '@ngrx/effects' or its corresponding type declarations.[0m [1m[35m[plugin angular-compiler][0m

    src/app/core/state/brief.effects.ts:2:46:
[37m      2 │ import { Actions, createEffect, ofType } from [32m'@ngrx/effects'[37m;
        ╵                                               [32m~~~~~~~~~~~~~~~[0m


[31mX [41;31m[[41;97mERROR[41;31m][0m [1mTS2307: Cannot find module 'rxjs/operators' or its corresponding type declarations.[0m [1m[35m[plugin angular-compiler][0m

    src/app/core/state/brief.effects.ts:3:43:
[37m      3 │ import { catchError, map, switchMap } from [32m'rxjs/operators'[37m;
        ╵                                            [32m~~~~~~~~~~~~~~~~[0m


[31mX [41;31m[[41;97mERROR[41;31m][0m [1mTS2307: Cannot find module 'rxjs' or its corresponding type declarations.[0m [1m[35m[plugin angular-compiler][0m

    src/app/core/state/brief.effects.ts:4:19:
[37m      4 │ import { of } from [32m'rxjs'[37m;
        ╵                    [32m~~~~~~[0m


[31mX [41;31m[[41;97mERROR[41;31m][0m [1mTS2354: This syntax requires an imported helper but module 'tslib' cannot be found.[0m [1m[35m[plugin angular-compiler][0m

    src/app/core/state/brief.effects.ts:8:0:
[37m      8 │ [32m@Injectable()[37m
        ╵ [32m~~~~~~~~~~~~~[0m


[31mX [41;31m[[41;97mERROR[41;31m][0m [1mTS7031: Binding element 'brief' implicitly has an 'any' type.[0m [1m[35m[plugin angular-compiler][0m

    src/app/core/state/brief.effects.ts:15:17:
[37m      15 │     switchMap(({ [32mbrief[37m }) => this.gateway.submit(brief).pipe(
         ╵                  [32m~~~~~[0m


[31mX [41;31m[[41;97mERROR[41;31m][0m [1mTS7006: Parameter 'submittedBrief' implicitly has an 'any' type.[0m [1m[35m[plugin angular-compiler][0m

    src/app/core/state/brief.effects.ts:16:11:
[37m      16 │       map(([32msubmittedBrief[37m) => BriefActions.submitSucceeded({ brief...
         ╵            [32m~~~~~~~~~~~~~~[0m


[31mX [41;31m[[41;97mERROR[41;31m][0m [1mTS2307: Cannot find module '@ngrx/store' or its corresponding type declarations.[0m [1m[35m[plugin angular-compiler][0m

    src/app/core/state/brief.reducer.ts:1:34:
[37m      1 │ import { createReducer, on } from [32m'@ngrx/store'[37m;
        ╵                                   [32m~~~~~~~~~~~~~[0m


[31mX [41;31m[[41;97mERROR[41;31m][0m [1mTS7006: Parameter 'state' implicitly has an 'any' type.[0m [1m[35m[plugin angular-compiler][0m

    src/app/core/state/brief.reducer.ts:9:36:
[37m      9 │ ...riefActions.submitRequested, ([32mstate[37m) => ({ ...state, status: 'su...
        ╵                                  [32m~~~~~[0m


[31mX [41;31m[[41;97mERROR[41;31m][0m [1mTS7006: Parameter '_' implicitly has an 'any' type.[0m [1m[35m[plugin angular-compiler][0m

    src/app/core/state/brief.reducer.ts:10:36:
[37m      10 │ ...BriefActions.submitSucceeded, ([32m_[37m, { brief }) => ({ status: 'suc...
         ╵                                   [32m^[0m


[31mX [41;31m[[41;97mERROR[41;31m][0m [1mTS7031: Binding element 'brief' implicitly has an 'any' type.[0m [1m[35m[plugin angular-compiler][0m

    src/app/core/state/brief.reducer.ts:10:41:
[37m      10 │ ...tions.submitSucceeded, (_, { [32mbrief[37m }) => ({ status: 'success' a...
         ╵                                 [32m~~~~~[0m


[31mX [41;31m[[41;97mERROR[41;31m][0m [1mTS7006: Parameter 'state' implicitly has an 'any' type.[0m [1m[35m[plugin angular-compiler][0m

    src/app/core/state/brief.reducer.ts:11:33:
[37m      11 │ ...(BriefActions.submitFailed, ([32mstate[37m, { error }) => ({ ...state, ...
         ╵                                 [32m~~~~~[0m


[31mX [41;31m[[41;97mERROR[41;31m][0m [1mTS7031: Binding element 'error' implicitly has an 'any' type.[0m [1m[35m[plugin angular-compiler][0m

    src/app/core/state/brief.reducer.ts:11:42:
[37m      11 │ ...ions.submitFailed, (state, { [32merror[37m }) => ({ ...state, status: '...
         ╵                                 [32m~~~~~[0m


[31mX [41;31m[[41;97mERROR[41;31m][0m [1mTS2307: Cannot find module '@ngrx/store' or its corresponding type declarations.[0m [1m[35m[plugin angular-compiler][0m

    src/app/core/state/brief.selectors.ts:1:38:
[37m      1 │ import { createFeatureSelector } from [32m'@ngrx/store'[37m;
        ╵                                       [32m~~~~~~~~~~~~~[0m


[31mX [41;31m[[41;97mERROR[41;31m][0m [1mTS2307: Cannot find module '@angular/core' or its corresponding type declarations.[0m [1m[35m[plugin angular-compiler][0m

    src/app/features/home/about-section/about-section.component.ts:1:51:
[37m      1 │ import { ChangeDetectionStrategy, Component } from [32m'@angular/core'[37m;
        ╵                                                    [32m~~~~~~~~~~~~~~~[0m


[31mX [41;31m[[41;97mERROR[41;31m][0m [1mTS2354: This syntax requires an imported helper but module 'tslib' cannot be found.[0m [1m[35m[plugin angular-compiler][0m

    src/app/features/home/about-section/about-section.component.ts:4:0:
[37m      4 │ [32m@Component({[37m
        ╵ [32m~~~~~~~~~~~~[0m


[31mX [41;31m[[41;97mERROR[41;31m][0m [1mNG1010: changeDetection must be a member of ChangeDetectionStrategy enum from @angular/core
  Value could not be determined statically.[0m [1m[35m[plugin angular-compiler][0m

    src/app/features/home/about-section/about-section.component.ts:8:19:
[37m      8 │   changeDetection: [32mChangeDetectionStrategy.OnPush[37m,
        ╵                    [32m~~~~~~~~~~~~~~~~~~~~~~~~~~~~~~[0m

  Unknown reference.

    src/app/features/home/about-section/about-section.component.ts:8:19:
[37m      8 │   changeDetection: [32mChangeDetectionStrategy[37m.OnPush,
        ╵                    [32m~~~~~~~~~~~~~~~~~~~~~~~[0m


[31mX [41;31m[[41;97mERROR[41;31m][0m [1mTS2307: Cannot find module '@angular/core' or its corresponding type declarations.[0m [1m[35m[plugin angular-compiler][0m

    src/app/features/home/contact-section/contact-section.component.ts:8:7:
[37m      8 │ } from [32m'@angular/core'[37m;
        ╵        [32m~~~~~~~~~~~~~~~[0m


[31mX [41;31m[[41;97mERROR[41;31m][0m [1mTS2307: Cannot find module '@angular/common' or its corresponding type declarations.[0m [1m[35m[plugin angular-compiler][0m

    src/app/features/home/contact-section/contact-section.component.ts:9:29:
[37m      9 │ import { CommonModule } from [32m'@angular/common'[37m;
        ╵                              [32m~~~~~~~~~~~~~~~~~[0m


[31mX [41;31m[[41;97mERROR[41;31m][0m [1mTS2307: Cannot find module '@angular/forms' or its corresponding type declarations.[0m [1m[35m[plugin angular-compiler][0m

    src/app/features/home/contact-section/contact-section.component.ts:10:78:
[37m      10 │ ... FormBuilder, Validators, AbstractControl } from [32m'@angular/forms'[37m;
         ╵                                                     [32m~~~~~~~~~~~~~~~~[0m


[31mX [41;31m[[41;97mERROR[41;31m][0m [1mTS2307: Cannot find module '@ngrx/store' or its corresponding type declarations.[0m [1m[35m[plugin angular-compiler][0m

    src/app/features/home/contact-section/contact-section.component.ts:11:22:
[37m      11 │ import { Store } from [32m'@ngrx/store'[37m;
         ╵                       [32m~~~~~~~~~~~~~[0m


[31mX [41;31m[[41;97mERROR[41;31m][0m [1mTS2307: Cannot find module '@angular/core/rxjs-interop' or its corresponding type declarations.[0m [1m[35m[plugin angular-compiler][0m

    src/app/features/home/contact-section/contact-section.component.ts:12:25:
[37m      12 │ import { toSignal } from [32m'@angular/core/rxjs-interop'[37m;
         ╵                          [32m~~~~~~~~~~~~~~~~~~~~~~~~~~~~[0m


[31mX [41;31m[[41;97mERROR[41;31m][0m [1mTS2354: This syntax requires an imported helper but module 'tslib' cannot be found.[0m [1m[35m[plugin angular-compiler][0m

    src/app/features/home/contact-section/contact-section.component.ts:17:0:
[37m      17 │ [32m@Component({[37m
         ╵ [32m~~~~~~~~~~~~[0m


[31mX [41;31m[[41;97mERROR[41;31m][0m [1mNG1010: changeDetection must be a member of ChangeDetectionStrategy enum from @angular/core
  Value could not be determined statically.[0m [1m[35m[plugin angular-compiler][0m

    src/app/features/home/contact-section/contact-section.component.ts:23:19:
[37m      23 │   changeDetection: [32mChangeDetectionStrategy.OnPush[37m,
         ╵                    [32m~~~~~~~~~~~~~~~~~~~~~~~~~~~~~~[0m

  Unknown reference.

    src/app/features/home/contact-section/contact-section.component.ts:23:19:
[37m      23 │   changeDetection: [32mChangeDetectionStrategy[37m.OnPush,
         ╵                    [32m~~~~~~~~~~~~~~~~~~~~~~~[0m


[31mX [41;31m[[41;97mERROR[41;31m][0m [1mTS2307: Cannot find module '@angular/core' or its corresponding type declarations.[0m [1m[35m[plugin angular-compiler][0m

    src/app/features/home/portfolio-footer/portfolio-footer.component.ts:8:7:
[37m      8 │ } from [32m'@angular/core'[37m;
        ╵        [32m~~~~~~~~~~~~~~~[0m


[31mX [41;31m[[41;97mERROR[41;31m][0m [1mTS2307: Cannot find module '@angular/common' or its corresponding type declarations.[0m [1m[35m[plugin angular-compiler][0m

    src/app/features/home/portfolio-footer/portfolio-footer.component.ts:9:25:
[37m      9 │ import { DatePipe } from [32m'@angular/common'[37m;
        ╵                          [32m~~~~~~~~~~~~~~~~~[0m


[31mX [41;31m[[41;97mERROR[41;31m][0m [1mTS2307: Cannot find module '@angular/router' or its corresponding type declarations.[0m [1m[35m[plugin angular-compiler][0m

    src/app/features/home/portfolio-footer/portfolio-footer.component.ts:11:27:
[37m      11 │ import { RouterLink } from [32m'@angular/router'[37m;
         ╵                            [32m~~~~~~~~~~~~~~~~~[0m


[31mX [41;31m[[41;97mERROR[41;31m][0m [1mTS2354: This syntax requires an imported helper but module 'tslib' cannot be found.[0m [1m[35m[plugin angular-compiler][0m

    src/app/features/home/portfolio-footer/portfolio-footer.component.ts:19:0:
[37m      19 │ [32m@Component({[37m
         ╵ [32m~~~~~~~~~~~~[0m


[31mX [41;31m[[41;97mERROR[41;31m][0m [1mNG1010: changeDetection must be a member of ChangeDetectionStrategy enum from @angular/core
  Value could not be determined statically.[0m [1m[35m[plugin angular-compiler][0m

    src/app/features/home/portfolio-footer/portfolio-footer.component.ts:25:19:
[37m      25 │   changeDetection: [32mChangeDetectionStrategy.OnPush[37m,
         ╵                    [32m~~~~~~~~~~~~~~~~~~~~~~~~~~~~~~[0m

  Unknown reference.

    src/app/features/home/portfolio-footer/portfolio-footer.component.ts:25:19:
[37m      25 │   changeDetection: [32mChangeDetectionStrategy[37m.OnPush,
         ╵                    [32m~~~~~~~~~~~~~~~~~~~~~~~[0m


[31mX [41;31m[[41;97mERROR[41;31m][0m [1mTS7006: Parameter 'hidden' implicitly has an 'any' type.[0m [1m[35m[plugin angular-compiler][0m

    src/app/features/home/portfolio-footer/portfolio-footer.component.ts:50:28:
[37m      50 │     this.isIpHidden.update(([32mhidden[37m) => !hidden);
         ╵                             [32m~~~~~~[0m


[31mX [41;31m[[41;97mERROR[41;31m][0m [1mTS7006: Parameter 'curr' implicitly has an 'any' type.[0m [1m[35m[plugin angular-compiler][0m

    src/app/features/home/portfolio-footer/portfolio-footer.component.ts:157:33:
[37m      157 │ ...    this.networkInfo.update(([32mcurr[37m) => ({ ...curr, loading: fal...
          ╵                                 [32m~~~~[0m


[31mX [41;31m[[41;97mERROR[41;31m][0m [1mTS2307: Cannot find module '@angular/core' or its corresponding type declarations.[0m [1m[35m[plugin angular-compiler][0m

    src/app/features/home/portfolio-hero/portfolio-hero.component.ts:1:51:
[37m      1 │ import { ChangeDetectionStrategy, Component } from [32m'@angular/core'[37m;
        ╵                                                    [32m~~~~~~~~~~~~~~~[0m


[31mX [41;31m[[41;97mERROR[41;31m][0m [1mTS2354: This syntax requires an imported helper but module 'tslib' cannot be found.[0m [1m[35m[plugin angular-compiler][0m

    src/app/features/home/portfolio-hero/portfolio-hero.component.ts:3:0:
[37m      3 │ [32m@Component({[37m
        ╵ [32m~~~~~~~~~~~~[0m


[31mX [41;31m[[41;97mERROR[41;31m][0m [1mNG1010: changeDetection must be a member of ChangeDetectionStrategy enum from @angular/core
  Value could not be determined statically.[0m [1m[35m[plugin angular-compiler][0m

    src/app/features/home/portfolio-hero/portfolio-hero.component.ts:7:19:
[37m      7 │   changeDetection: [32mChangeDetectionStrategy.OnPush[37m
        ╵                    [32m~~~~~~~~~~~~~~~~~~~~~~~~~~~~~~[0m

  Unknown reference.

    src/app/features/home/portfolio-hero/portfolio-hero.component.ts:7:19:
[37m      7 │   changeDetection: [32mChangeDetectionStrategy[37m.OnPush
        ╵                    [32m~~~~~~~~~~~~~~~~~~~~~~~[0m


[31mX [41;31m[[41;97mERROR[41;31m][0m [1mTS2307: Cannot find module '@angular/core' or its corresponding type declarations.[0m [1m[35m[plugin angular-compiler][0m

    src/app/features/home/projects-section/projects-section.component.ts:10:7:
[37m      10 │ } from [32m'@angular/core'[37m;
         ╵        [32m~~~~~~~~~~~~~~~[0m


[31mX [41;31m[[41;97mERROR[41;31m][0m [1mTS2307: Cannot find module 'gsap' or its corresponding type declarations.[0m [1m[35m[plugin angular-compiler][0m

    src/app/features/home/projects-section/projects-section.component.ts:12:21:
[37m      12 │ import { gsap } from [32m'gsap'[37m;
         ╵                      [32m~~~~~~[0m


[31mX [41;31m[[41;97mERROR[41;31m][0m [1mTS2307: Cannot find module 'gsap/ScrollTrigger' or its corresponding type declarations.[0m [1m[35m[plugin angular-compiler][0m

    src/app/features/home/projects-section/projects-section.component.ts:13:30:
[37m      13 │ import { ScrollTrigger } from [32m'gsap/ScrollTrigger'[37m;
         ╵                               [32m~~~~~~~~~~~~~~~~~~~~[0m


[31mX [41;31m[[41;97mERROR[41;31m][0m [1mTS2354: This syntax requires an imported helper but module 'tslib' cannot be found.[0m [1m[35m[plugin angular-compiler][0m

    src/app/features/home/projects-section/projects-section.component.ts:17:0:
[37m      17 │ [32m@Component({[37m
         ╵ [32m~~~~~~~~~~~~[0m


[31mX [41;31m[[41;97mERROR[41;31m][0m [1mTS7006: Parameter 'st' implicitly has an 'any' type.[0m [1m[35m[plugin angular-compiler][0m

    src/app/features/home/projects-section/projects-section.component.ts:43:36:
[37m      43 │     ScrollTrigger.getAll().forEach(([32mst[37m) => {
         ╵                                     [32m~~[0m


[31mX [41;31m[[41;97mERROR[41;31m][0m [1mTS7006: Parameter 'c' implicitly has an 'any' type.[0m [1m[35m[plugin angular-compiler][0m

    src/app/features/home/projects-section/projects-section.component.ts:52:51:
[37m      52 │ ...t cardElements = this.cards.toArray().map(([32mc[37m) => c.nativeElement);
         ╵                                               [32m^[0m


[31mX [41;31m[[41;97mERROR[41;31m][0m [1mTS7006: Parameter 'card' implicitly has an 'any' type.[0m [1m[35m[plugin angular-compiler][0m

    src/app/features/home/projects-section/projects-section.component.ts:60:28:
[37m      60 │       cardElements.forEach(([32mcard[37m, i) => {
         ╵                             [32m~~~~[0m


[31mX [41;31m[[41;97mERROR[41;31m][0m [1mTS7006: Parameter 'i' implicitly has an 'any' type.[0m [1m[35m[plugin angular-compiler][0m

    src/app/features/home/projects-section/projects-section.component.ts:60:34:
[37m      60 │       cardElements.forEach((card, [32mi[37m) => {
         ╵                                   [32m^[0m


[31mX [41;31m[[41;97mERROR[41;31m][0m [1mTS7006: Parameter 'prevCard' implicitly has an 'any' type.[0m [1m[35m[plugin angular-compiler][0m

    src/app/features/home/projects-section/projects-section.component.ts:97:29:
[37m      97 │       previousCards.forEach(([32mprevCard[37m, j) => {
         ╵                              [32m~~~~~~~~[0m


[31mX [41;31m[[41;97mERROR[41;31m][0m [1mTS7006: Parameter 'j' implicitly has an 'any' type.[0m [1m[35m[plugin angular-compiler][0m

    src/app/features/home/projects-section/projects-section.component.ts:97:39:
[37m      97 │       previousCards.forEach((prevCard, [32mj[37m) => {
         ╵                                        [32m^[0m


[31mX [41;31m[[41;97mERROR[41;31m][0m [1mTS7006: Parameter '_' implicitly has an 'any' type.[0m [1m[35m[plugin angular-compiler][0m

    src/app/features/home/projects-section/projects-section.component.ts:118:41:
[37m      118 │     const snapPoints = cardElements.map(([32m_[37m, i) => {
          ╵                                          [32m^[0m


[31mX [41;31m[[41;97mERROR[41;31m][0m [1mTS7006: Parameter 'i' implicitly has an 'any' type.[0m [1m[35m[plugin angular-compiler][0m

    src/app/features/home/projects-section/projects-section.component.ts:118:44:
[37m      118 │     const snapPoints = cardElements.map((_, [32mi[37m) => {
          ╵                                             [32m^[0m


[31mX [41;31m[[41;97mERROR[41;31m][0m [1mTS7006: Parameter 'self' implicitly has an 'any' type.[0m [1m[35m[plugin angular-compiler][0m

    src/app/features/home/projects-section/projects-section.component.ts:137:17:
[37m      137 │       onUpdate: ([32mself[37m) => {
          ╵                  [32m~~~~[0m


[31mX [41;31m[[41;97mERROR[41;31m][0m [1mTS2307: Cannot find module '@angular/core' or its corresponding type declarations.[0m [1m[35m[plugin angular-compiler][0m

    src/app/features/home/skills-section/skills-section.component.ts:1:59:
[37m      1 │ ... ChangeDetectionStrategy, Component, inject } from [32m'@angular/core'[37m;
        ╵                                                       [32m~~~~~~~~~~~~~~~[0m


[31mX [41;31m[[41;97mERROR[41;31m][0m [1mTS2307: Cannot find module '@angular/platform-browser' or its corresponding type declarations.[0m [1m[35m[plugin angular-compiler][0m

    src/app/features/home/skills-section/skills-section.component.ts:2:29:
[37m      2 │ import { DomSanitizer } from [32m'@angular/platform-browser'[37m;
        ╵                              [32m~~~~~~~~~~~~~~~~~~~~~~~~~~~[0m


[31mX [41;31m[[41;97mERROR[41;31m][0m [1mTS2354: This syntax requires an imported helper but module 'tslib' cannot be found.[0m [1m[35m[plugin angular-compiler][0m

    src/app/features/home/skills-section/skills-section.component.ts:5:0:
[37m      5 │ [32m@Component({[37m
        ╵ [32m~~~~~~~~~~~~[0m


[31mX [41;31m[[41;97mERROR[41;31m][0m [1mNG1010: changeDetection must be a member of ChangeDetectionStrategy enum from @angular/core
  Value could not be determined statically.[0m [1m[35m[plugin angular-compiler][0m

    src/app/features/home/skills-section/skills-section.component.ts:11:19:
[37m      11 │   changeDetection: [32mChangeDetectionStrategy.OnPush[37m,
         ╵                    [32m~~~~~~~~~~~~~~~~~~~~~~~~~~~~~~[0m

  Unknown reference.

    src/app/features/home/skills-section/skills-section.component.ts:11:19:
[37m      11 │   changeDetection: [32mChangeDetectionStrategy[37m.OnPush,
         ╵                    [32m~~~~~~~~~~~~~~~~~~~~~~~[0m


[31mX [41;31m[[41;97mERROR[41;31m][0m [1mTS2307: Cannot find module '@angular/core' or its corresponding type declarations.[0m [1m[35m[plugin angular-compiler][0m

    src/app/features/landing/landing-page.component.ts:1:77:
[37m      1 │ ...rategy, Component, computed, inject, signal } from [32m'@angular/core'[37m;
        ╵                                                       [32m~~~~~~~~~~~~~~~[0m


[31mX [41;31m[[41;97mERROR[41;31m][0m [1mTS2307: Cannot find module '@angular/router' or its corresponding type declarations.[0m [1m[35m[plugin angular-compiler][0m

    src/app/features/landing/landing-page.component.ts:2:27:
[37m      2 │ import { RouterLink } from [32m'@angular/router'[37m;
        ╵                            [32m~~~~~~~~~~~~~~~~~[0m


[31mX [41;31m[[41;97mERROR[41;31m][0m [1mTS2307: Cannot find module '@angular/forms' or its corresponding type declarations.[0m [1m[35m[plugin angular-compiler][0m

    src/app/features/landing/landing-page.component.ts:3:61:
[37m      3 │ ...activeFormsModule, FormBuilder, Validators } from [32m'@angular/forms'[37m;
        ╵                                                      [32m~~~~~~~~~~~~~~~~[0m


[31mX [41;31m[[41;97mERROR[41;31m][0m [1mTS2307: Cannot find module '@ngrx/store' or its corresponding type declarations.[0m [1m[35m[plugin angular-compiler][0m

    src/app/features/landing/landing-page.component.ts:4:22:
[37m      4 │ import { Store } from [32m'@ngrx/store'[37m;
        ╵                       [32m~~~~~~~~~~~~~[0m


[31mX [41;31m[[41;97mERROR[41;31m][0m [1mTS2307: Cannot find module '@angular/core/rxjs-interop' or its corresponding type declarations.[0m [1m[35m[plugin angular-compiler][0m

    src/app/features/landing/landing-page.component.ts:5:25:
[37m      5 │ import { toSignal } from [32m'@angular/core/rxjs-interop'[37m;
        ╵                          [32m~~~~~~~~~~~~~~~~~~~~~~~~~~~~[0m


[31mX [41;31m[[41;97mERROR[41;31m][0m [1mTS2354: This syntax requires an imported helper but module 'tslib' cannot be found.[0m [1m[35m[plugin angular-compiler][0m

    src/app/features/landing/landing-page.component.ts:17:0:
[37m      17 │ [32m@Component({[37m
         ╵ [32m~~~~~~~~~~~~[0m


[31mX [41;31m[[41;97mERROR[41;31m][0m [1mNG1010: changeDetection must be a member of ChangeDetectionStrategy enum from @angular/core
  Value could not be determined statically.[0m [1m[35m[plugin angular-compiler][0m

    src/app/features/landing/landing-page.component.ts:33:19:
[37m      33 │   changeDetection: [32mChangeDetectionStrategy.OnPush[37m,
         ╵                    [32m~~~~~~~~~~~~~~~~~~~~~~~~~~~~~~[0m

  Unknown reference.

    src/app/features/landing/landing-page.component.ts:33:19:
[37m      33 │   changeDetection: [32mChangeDetectionStrategy[37m.OnPush,
         ╵                    [32m~~~~~~~~~~~~~~~~~~~~~~~[0m


[31mX [41;31m[[41;97mERROR[41;31m][0m [1mTS7006: Parameter 'active' implicitly has an 'any' type.[0m [1m[35m[plugin angular-compiler][0m

    src/app/features/landing/landing-page.component.ts:62:27:
[37m      62 │     this.activeFaq.update(([32mactive[37m) => (active === index ? null : i...
         ╵                            [32m~~~~~~[0m


[31mX [41;31m[[41;97mERROR[41;31m][0m [1mTS2307: Cannot find module '@angular/core' or its corresponding type declarations.[0m [1m[35m[plugin angular-compiler][0m

    src/app/features/legal/privacy/privacy-page.component.ts:1:59:
[37m      1 │ ... ChangeDetectionStrategy, Component, signal } from [32m'@angular/core'[37m;
        ╵                                                       [32m~~~~~~~~~~~~~~~[0m


[31mX [41;31m[[41;97mERROR[41;31m][0m [1mTS2307: Cannot find module '@angular/router' or its corresponding type declarations.[0m [1m[35m[plugin angular-compiler][0m

    src/app/features/legal/privacy/privacy-page.component.ts:2:27:
[37m      2 │ import { RouterLink } from [32m'@angular/router'[37m;
        ╵                            [32m~~~~~~~~~~~~~~~~~[0m


[31mX [41;31m[[41;97mERROR[41;31m][0m [1mTS2354: This syntax requires an imported helper but module 'tslib' cannot be found.[0m [1m[35m[plugin angular-compiler][0m

    src/app/features/legal/privacy/privacy-page.component.ts:6:0:
[37m      6 │ [32m@Component({[37m
        ╵ [32m~~~~~~~~~~~~[0m


[31mX [41;31m[[41;97mERROR[41;31m][0m [1mNG1010: changeDetection must be a member of ChangeDetectionStrategy enum from @angular/core
  Value could not be determined statically.[0m [1m[35m[plugin angular-compiler][0m

    src/app/features/legal/privacy/privacy-page.component.ts:12:19:
[37m      12 │   changeDetection: [32mChangeDetectionStrategy.OnPush[37m,
         ╵                    [32m~~~~~~~~~~~~~~~~~~~~~~~~~~~~~~[0m

  Unknown reference.

    src/app/features/legal/privacy/privacy-page.component.ts:12:19:
[37m      12 │   changeDetection: [32mChangeDetectionStrategy[37m.OnPush,
         ╵                    [32m~~~~~~~~~~~~~~~~~~~~~~~[0m


[31mX [41;31m[[41;97mERROR[41;31m][0m [1mTS2307: Cannot find module '@angular/core' or its corresponding type declarations.[0m [1m[35m[plugin angular-compiler][0m

    src/app/features/legal/terms/terms-page.component.ts:1:59:
[37m      1 │ ... ChangeDetectionStrategy, Component, signal } from [32m'@angular/core'[37m;
        ╵                                                       [32m~~~~~~~~~~~~~~~[0m


[31mX [41;31m[[41;97mERROR[41;31m][0m [1mTS2307: Cannot find module '@angular/router' or its corresponding type declarations.[0m [1m[35m[plugin angular-compiler][0m

    src/app/features/legal/terms/terms-page.component.ts:2:27:
[37m      2 │ import { RouterLink } from [32m'@angular/router'[37m;
        ╵                            [32m~~~~~~~~~~~~~~~~~[0m


[31mX [41;31m[[41;97mERROR[41;31m][0m [1mTS2354: This syntax requires an imported helper but module 'tslib' cannot be found.[0m [1m[35m[plugin angular-compiler][0m

    src/app/features/legal/terms/terms-page.component.ts:6:0:
[37m      6 │ [32m@Component({[37m
        ╵ [32m~~~~~~~~~~~~[0m


[31mX [41;31m[[41;97mERROR[41;31m][0m [1mNG1010: changeDetection must be a member of ChangeDetectionStrategy enum from @angular/core
  Value could not be determined statically.[0m [1m[35m[plugin angular-compiler][0m

    src/app/features/legal/terms/terms-page.component.ts:12:19:
[37m      12 │   changeDetection: [32mChangeDetectionStrategy.OnPush[37m,
         ╵                    [32m~~~~~~~~~~~~~~~~~~~~~~~~~~~~~~[0m

  Unknown reference.

    src/app/features/legal/terms/terms-page.component.ts:12:19:
[37m      12 │   changeDetection: [32mChangeDetectionStrategy[37m.OnPush,
         ╵                    [32m~~~~~~~~~~~~~~~~~~~~~~~[0m


[31mX [41;31m[[41;97mERROR[41;31m][0m [1mTS2307: Cannot find module '@angular/core' or its corresponding type declarations.[0m [1m[35m[plugin angular-compiler][0m

    src/app/features/resume/resume-page.component.ts:1:59:
[37m      1 │ ... ChangeDetectionStrategy, Component, signal } from [32m'@angular/core'[37m;
        ╵                                                       [32m~~~~~~~~~~~~~~~[0m


[31mX [41;31m[[41;97mERROR[41;31m][0m [1mTS2307: Cannot find module '@angular/common' or its corresponding type declarations.[0m [1m[35m[plugin angular-compiler][0m

    src/app/features/resume/resume-page.component.ts:2:30:
[37m      2 │ import { UpperCasePipe } from [32m'@angular/common'[37m;
        ╵                               [32m~~~~~~~~~~~~~~~~~[0m


[31mX [41;31m[[41;97mERROR[41;31m][0m [1mTS2354: This syntax requires an imported helper but module 'tslib' cannot be found.[0m [1m[35m[plugin angular-compiler][0m

    src/app/features/resume/resume-page.component.ts:6:0:
[37m      6 │ [32m@Component({[37m
        ╵ [32m~~~~~~~~~~~~[0m


[31mX [41;31m[[41;97mERROR[41;31m][0m [1mNG1010: changeDetection must be a member of ChangeDetectionStrategy enum from @angular/core
  Value could not be determined statically.[0m [1m[35m[plugin angular-compiler][0m

    src/app/features/resume/resume-page.component.ts:11:19:
[37m      11 │   changeDetection: [32mChangeDetectionStrategy.OnPush[37m,
         ╵                    [32m~~~~~~~~~~~~~~~~~~~~~~~~~~~~~~[0m

  Unknown reference.

    src/app/features/resume/resume-page.component.ts:11:19:
[37m      11 │   changeDetection: [32mChangeDetectionStrategy[37m.OnPush,
         ╵                    [32m~~~~~~~~~~~~~~~~~~~~~~~[0m


[31mX [41;31m[[41;97mERROR[41;31m][0m [1mTS2307: Cannot find module '@angular/core' or its corresponding type declarations.[0m [1m[35m[plugin angular-compiler][0m

    src/app/shared/components/icon-cloud/icon-cloud.component.ts:1:137:
[37m      1 │ ...nStrategy, NgZone, ViewChild, AfterViewInit } from [32m'@angular/core'[37m;
        ╵                                                       [32m~~~~~~~~~~~~~~~[0m


[31mX [41;31m[[41;97mERROR[41;31m][0m [1mTS2307: Cannot find module '@angular/common' or its corresponding type declarations.[0m [1m[35m[plugin angular-compiler][0m

    src/app/shared/components/icon-cloud/icon-cloud.component.ts:2:48:
[37m      2 │ import { CommonModule, isPlatformBrowser } from [32m'@angular/common'[37m;
        ╵                                                 [32m~~~~~~~~~~~~~~~~~[0m


[31mX [41;31m[[41;97mERROR[41;31m][0m [1mTS2307: Cannot find module 'three' or its corresponding type declarations.[0m [1m[35m[plugin angular-compiler][0m

    src/app/shared/components/icon-cloud/icon-cloud.component.ts:3:23:
[37m      3 │ import * as THREE from [32m'three'[37m;
        ╵                        [32m~~~~~~~[0m


[31mX [41;31m[[41;97mERROR[41;31m][0m [1mTS2354: This syntax requires an imported helper but module 'tslib' cannot be found.[0m [1m[35m[plugin angular-compiler][0m

    src/app/shared/components/icon-cloud/icon-cloud.component.ts:85:0:
[37m      85 │ [32m@Component({[37m
         ╵ [32m~~~~~~~~~~~~[0m


[31mX [41;31m[[41;97mERROR[41;31m][0m [1mNG1010: changeDetection must be a member of ChangeDetectionStrategy enum from @angular/core
  Value could not be determined statically.[0m [1m[35m[plugin angular-compiler][0m

    src/app/shared/components/icon-cloud/icon-cloud.component.ts:107:19:
[37m      107 │   changeDetection: [32mChangeDetectionStrategy.OnPush[37m,
          ╵                    [32m~~~~~~~~~~~~~~~~~~~~~~~~~~~~~~[0m

  Unknown reference.

    src/app/shared/components/icon-cloud/icon-cloud.component.ts:107:19:
[37m      107 │   changeDetection: [32mChangeDetectionStrategy[37m.OnPush,
          ╵                    [32m~~~~~~~~~~~~~~~~~~~~~~~[0m


[31mX [41;31m[[41;97mERROR[41;31m][0m [1mTS2307: Cannot find module '@angular/core' or its corresponding type declarations.[0m [1m[35m[plugin angular-compiler][0m

    src/app/shared/components/interactive-globe/interactive-globe.component.ts:12:7:
[37m      12 │ } from [32m'@angular/core'[37m;
         ╵        [32m~~~~~~~~~~~~~~~[0m


[31mX [41;31m[[41;97mERROR[41;31m][0m [1mTS2307: Cannot find module '@angular/common' or its corresponding type declarations.[0m [1m[35m[plugin angular-compiler][0m

    src/app/shared/components/interactive-globe/interactive-globe.component.ts:13:48:
[37m      13 │ import { isPlatformBrowser, CommonModule } from [32m'@angular/common'[37m;
         ╵                                                 [32m~~~~~~~~~~~~~~~~~[0m


[31mX [41;31m[[41;97mERROR[41;31m][0m [1mTS2307: Cannot find module 'three' or its corresponding type declarations.[0m [1m[35m[plugin angular-compiler][0m

    src/app/shared/components/interactive-globe/interactive-globe.component.ts:29:7:
[37m      29 │ } from [32m'three'[37m;
         ╵        [32m~~~~~~~[0m


[31mX [41;31m[[41;97mERROR[41;31m][0m [1mTS2307: Cannot find module 'd3-geo' or its corresponding type declarations.[0m [1m[35m[plugin angular-compiler][0m

    src/app/shared/components/interactive-globe/interactive-globe.component.ts:30:44:
[37m      30 │ import { geoEquirectangular, geoPath } from [32m'd3-geo'[37m;
         ╵                                             [32m~~~~~~~~[0m


[31mX [41;31m[[41;97mERROR[41;31m][0m [1mTS2354: This syntax requires an imported helper but module 'tslib' cannot be found.[0m [1m[35m[plugin angular-compiler][0m

    src/app/shared/components/interactive-globe/interactive-globe.component.ts:190:0:
[37m      190 │ [32m@Component({[37m
          ╵ [32m~~~~~~~~~~~~[0m


[31mX [41;31m[[41;97mERROR[41;31m][0m [1mNG1010: changeDetection must be a member of ChangeDetectionStrategy enum from @angular/core
  Value could not be determined statically.[0m [1m[35m[plugin angular-compiler][0m

    src/app/shared/components/interactive-globe/interactive-globe.component.ts:211:19:
[37m      211 │   changeDetection: [32mChangeDetectionStrategy.OnPush[37m,
          ╵                    [32m~~~~~~~~~~~~~~~~~~~~~~~~~~~~~~[0m

  Unknown reference.

    src/app/shared/components/interactive-globe/interactive-globe.component.ts:211:19:
[37m      211 │   changeDetection: [32mChangeDetectionStrategy[37m.OnPush,
          ╵                    [32m~~~~~~~~~~~~~~~~~~~~~~~[0m


[31mX [41;31m[[41;97mERROR[41;31m][0m [1mTS2307: Cannot find module '@angular/core' or its corresponding type declarations.[0m [1m[35m[plugin angular-compiler][0m

    src/app/shared/components/site-header/site-header.component.ts:1:67:
[37m      1 │ ...etectionStrategy, Component, signal, inject } from [32m'@angular/core'[37m;
        ╵                                                       [32m~~~~~~~~~~~~~~~[0m


[31mX [41;31m[[41;97mERROR[41;31m][0m [1mTS2307: Cannot find module '@angular/router' or its corresponding type declarations.[0m [1m[35m[plugin angular-compiler][0m

    src/app/shared/components/site-header/site-header.component.ts:2:53:
[37m      2 │ ...rt { Router, RouterLink, RouterLinkActive } from [32m'@angular/router'[37m;
        ╵                                                     [32m~~~~~~~~~~~~~~~~~[0m


[31mX [41;31m[[41;97mERROR[41;31m][0m [1mTS2354: This syntax requires an imported helper but module 'tslib' cannot be found.[0m [1m[35m[plugin angular-compiler][0m

    src/app/shared/components/site-header/site-header.component.ts:4:0:
[37m      4 │ [32m@Component({[37m
        ╵ [32m~~~~~~~~~~~~[0m


[31mX [41;31m[[41;97mERROR[41;31m][0m [1mNG1010: changeDetection must be a member of ChangeDetectionStrategy enum from @angular/core
  Value could not be determined statically.[0m [1m[35m[plugin angular-compiler][0m

    src/app/shared/components/site-header/site-header.component.ts:10:19:
[37m      10 │   changeDetection: [32mChangeDetectionStrategy.OnPush[37m,
         ╵                    [32m~~~~~~~~~~~~~~~~~~~~~~~~~~~~~~[0m

  Unknown reference.

    src/app/shared/components/site-header/site-header.component.ts:10:19:
[37m      10 │   changeDetection: [32mChangeDetectionStrategy[37m.OnPush,
         ╵                    [32m~~~~~~~~~~~~~~~~~~~~~~~[0m


[31mX [41;31m[[41;97mERROR[41;31m][0m [1mTS2307: Cannot find module '@angular/core' or its corresponding type declarations.[0m [1m[35m[plugin angular-compiler][0m

    src/app/shared/directives/reveal.directive.ts:1:92:
[37m      1 │ ...tRef, HostBinding, OnDestroy, inject, input } from [32m'@angular/core'[37m;
        ╵                                                       [32m~~~~~~~~~~~~~~~[0m


[31mX [41;31m[[41;97mERROR[41;31m][0m [1mTS2307: Cannot find module 'gsap' or its corresponding type declarations.[0m [1m[35m[plugin angular-compiler][0m

    src/app/shared/directives/reveal.directive.ts:2:21:
[37m      2 │ import { gsap } from [32m'gsap'[37m;
        ╵                      [32m~~~~~~[0m


[31mX [41;31m[[41;97mERROR[41;31m][0m [1mTS2307: Cannot find module 'gsap/ScrollTrigger' or its corresponding type declarations.[0m [1m[35m[plugin angular-compiler][0m

    src/app/shared/directives/reveal.directive.ts:3:30:
[37m      3 │ import { ScrollTrigger } from [32m'gsap/ScrollTrigger'[37m;
        ╵                               [32m~~~~~~~~~~~~~~~~~~~~[0m


[31mX [41;31m[[41;97mERROR[41;31m][0m [1mTS2354: This syntax requires an imported helper but module 'tslib' cannot be found.[0m [1m[35m[plugin angular-compiler][0m

    src/app/shared/directives/reveal.directive.ts:7:0:
[37m      7 │ [32m@Directive({ selector: '[appReveal]', standalone: true })[37m
        ╵ [32m~~~~~~~~~~~~~~~~~~~~~~~~~~~~~~~~~~~~~~~~~~~~~~~~~~~~~~~~~[0m


[31mX [41;31m[[41;97mERROR[41;31m][0m [1mTS7006: Parameter 't' implicitly has an 'any' type.[0m [1m[35m[plugin angular-compiler][0m

    src/app/shared/directives/reveal.directive.ts:45:35:
[37m      45 │     ScrollTrigger.getAll().forEach([32mt[37m => {
         ╵                                    [32m^[0m


[31mX [41;31m[[41;97mERROR[41;31m][0m [1mTS2307: Cannot find module '@angular/platform-browser' or its corresponding type declarations.[0m [1m[35m[plugin angular-compiler][0m

    src/main.ts:1:37:
[37m      1 │ import { bootstrapApplication } from [32m'@angular/platform-browser'[37m;
        ╵                                      [32m~~~~~~~~~~~~~~~~~~~~~~~~~~~[0m


[31mX [41;31m[[41;97mERROR[41;31m][0m [1mTS7006: Parameter 'err' implicitly has an 'any' type.[0m [1m[35m[plugin angular-compiler][0m

    src/main.ts:6:10:
[37m      6 │   .catch(([32merr[37m) => console.error(err));
        ╵           [32m~~~[0m

[39m[22m
[33m>[39m Changes detected. Rebuilding...
[32m√[39m Changes detected. Rebuilding...
Application bundle generation failed. [0.917 seconds] - 2026-08-02T20:58:14.798Z

[1m[31m[31mX [41;31m[[41;97mERROR[41;31m][0m [1mTS2307: Cannot find module '@angular/core' or its corresponding type declarations.[0m [1m[35m[plugin angular-compiler][0m

    src/app/app.config.ts:1:70:
[37m      1 │ ...nConfig, provideBrowserGlobalErrorListeners } from [32m'@angular/core'[37m;
        ╵                                                       [32m~~~~~~~~~~~~~~~[0m


[31mX [41;31m[[41;97mERROR[41;31m][0m [1mTS2307: Cannot find module '@ngrx/effects' or its corresponding type declarations.[0m [1m[35m[plugin angular-compiler][0m

    src/app/app.config.ts:2:31:
[37m      2 │ import { provideEffects } from [32m'@ngrx/effects'[37m;
        ╵                                [32m~~~~~~~~~~~~~~~[0m


[31mX [41;31m[[41;97mERROR[41;31m][0m [1mTS2307: Cannot find module '@ngrx/store' or its corresponding type declarations.[0m [1m[35m[plugin angular-compiler][0m

    src/app/app.config.ts:3:29:
[37m      3 │ import { provideStore } from [32m'@ngrx/store'[37m;
        ╵                              [32m~~~~~~~~~~~~~[0m


[31mX [41;31m[[41;97mERROR[41;31m][0m [1mTS2307: Cannot find module '@angular/router' or its corresponding type declarations.[0m [1m[35m[plugin angular-compiler][0m

    src/app/app.config.ts:4:53:
[37m      4 │ ...rt { provideRouter, withInMemoryScrolling } from [32m'@angular/router'[37m;
        ╵                                                     [32m~~~~~~~~~~~~~~~~~[0m


[31mX [41;31m[[41;97mERROR[41;31m][0m [1mTS2307: Cannot find module '@angular/router' or its corresponding type declarations.[0m [1m[35m[plugin angular-compiler][0m

    src/app/app.routes.ts:1:23:
[37m      1 │ import { Routes } from [32m'@angular/router'[37m;
        ╵                        [32m~~~~~~~~~~~~~~~~~[0m


[31mX [41;31m[[41;97mERROR[41;31m][0m [1mTS2307: Cannot find module '@angular/core' or its corresponding type declarations.[0m [1m[35m[plugin angular-compiler][0m

    src/app/app.ts:1:52:
[37m      1 │ import { Component, OnDestroy, AfterViewInit } from [32m'@angular/core'[37m;
        ╵                                                     [32m~~~~~~~~~~~~~~~[0m


[31mX [41;31m[[41;97mERROR[41;31m][0m [1mTS2307: Cannot find module '@angular/router' or its corresponding type declarations.[0m [1m[35m[plugin angular-compiler][0m

    src/app/app.ts:2:29:
[37m      2 │ import { RouterOutlet } from [32m'@angular/router'[37m;
        ╵                              [32m~~~~~~~~~~~~~~~~~[0m


[31mX [41;31m[[41;97mERROR[41;31m][0m [1mTS2307: Cannot find module 'lenis' or its corresponding type declarations.[0m [1m[35m[plugin angular-compiler][0m

    src/app/app.ts:3:18:
[37m      3 │ import Lenis from [32m'lenis'[37m;
        ╵                   [32m~~~~~~~[0m


[31mX [41;31m[[41;97mERROR[41;31m][0m [1mTS2307: Cannot find module 'gsap' or its corresponding type declarations.[0m [1m[35m[plugin angular-compiler][0m

    src/app/app.ts:4:21:
[37m      4 │ import { gsap } from [32m'gsap'[37m;
        ╵                      [32m~~~~~~[0m


[31mX [41;31m[[41;97mERROR[41;31m][0m [1mTS2307: Cannot find module 'gsap/ScrollTrigger' or its corresponding type declarations.[0m [1m[35m[plugin angular-compiler][0m

    src/app/app.ts:5:30:
[37m      5 │ import { ScrollTrigger } from [32m'gsap/ScrollTrigger'[37m;
        ╵                               [32m~~~~~~~~~~~~~~~~~~~~[0m


[31mX [41;31m[[41;97mERROR[41;31m][0m [1mTS2354: This syntax requires an imported helper but module 'tslib' cannot be found.[0m [1m[35m[plugin angular-compiler][0m

    src/app/app.ts:9:0:
[37m      9 │ [32m@Component({[37m
        ╵ [32m~~~~~~~~~~~~[0m


[31mX [41;31m[[41;97mERROR[41;31m][0m [1mNG1010: 'imports' must be an array of components, directives, pipes, or NgModules.
  Value could not be determined statically.[0m [1m[35m[plugin angular-compiler][0m

    src/app/app.ts:11:12:
[37m      11 │   imports: [[32mRouterOutlet[37m],
         ╵             [32m~~~~~~~~~~~~[0m

  Unknown reference.

    src/app/app.ts:11:12:
[37m      11 │   imports: [[32mRouterOutlet[37m],
         ╵             [32m~~~~~~~~~~~~[0m


[31mX [41;31m[[41;97mERROR[41;31m][0m [1mTS2307: Cannot find module '@angular/core' or its corresponding type declarations.[0m [1m[35m[plugin angular-compiler][0m

    src/app/core/services/brief-gateway.service.ts:1:27:
[37m      1 │ import { Injectable } from [32m'@angular/core'[37m;
        ╵                            [32m~~~~~~~~~~~~~~~[0m


[31mX [41;31m[[41;97mERROR[41;31m][0m [1mTS2307: Cannot find module 'rxjs' or its corresponding type declarations.[0m [1m[35m[plugin angular-compiler][0m

    src/app/core/services/brief-gateway.service.ts:2:38:
[37m      2 │ import { delay, Observable, of } from [32m'rxjs'[37m;
        ╵                                       [32m~~~~~~[0m


[31mX [41;31m[[41;97mERROR[41;31m][0m [1mTS2354: This syntax requires an imported helper but module 'tslib' cannot be found.[0m [1m[35m[plugin angular-compiler][0m

    src/app/core/services/brief-gateway.service.ts:6:0:
[37m      6 │ [32m@Injectable({ providedIn: 'root' })[37m
        ╵ [32m~~~~~~~~~~~~~~~~~~~~~~~~~~~~~~~~~~~[0m


[31mX [41;31m[[41;97mERROR[41;31m][0m [1mTS2307: Cannot find module '@ngrx/store' or its corresponding type declarations.[0m [1m[35m[plugin angular-compiler][0m

    src/app/core/state/brief.actions.ts:1:53:
[37m      1 │ import { createActionGroup, emptyProps, props } from [32m'@ngrx/store'[37m;
        ╵                                                      [32m~~~~~~~~~~~~~[0m


[31mX [41;31m[[41;97mERROR[41;31m][0m [1mTS2307: Cannot find module '@angular/core' or its corresponding type declarations.[0m [1m[35m[plugin angular-compiler][0m

    src/app/core/state/brief.effects.ts:1:35:
[37m      1 │ import { Injectable, inject } from [32m'@angular/core'[37m;
        ╵                                    [32m~~~~~~~~~~~~~~~[0m


[31mX [41;31m[[41;97mERROR[41;31m][0m [1mTS2307: Cannot find module '@ngrx/effects' or its corresponding type declarations.[0m [1m[35m[plugin angular-compiler][0m

    src/app/core/state/brief.effects.ts:2:46:
[37m      2 │ import { Actions, createEffect, ofType } from [32m'@ngrx/effects'[37m;
        ╵                                               [32m~~~~~~~~~~~~~~~[0m


[31mX [41;31m[[41;97mERROR[41;31m][0m [1mTS2307: Cannot find module 'rxjs/operators' or its corresponding type declarations.[0m [1m[35m[plugin angular-compiler][0m

    src/app/core/state/brief.effects.ts:3:43:
[37m      3 │ import { catchError, map, switchMap } from [32m'rxjs/operators'[37m;
        ╵                                            [32m~~~~~~~~~~~~~~~~[0m


[31mX [41;31m[[41;97mERROR[41;31m][0m [1mTS2307: Cannot find module 'rxjs' or its corresponding type declarations.[0m [1m[35m[plugin angular-compiler][0m

    src/app/core/state/brief.effects.ts:4:19:
[37m      4 │ import { of } from [32m'rxjs'[37m;
        ╵                    [32m~~~~~~[0m


[31mX [41;31m[[41;97mERROR[41;31m][0m [1mTS2354: This syntax requires an imported helper but module 'tslib' cannot be found.[0m [1m[35m[plugin angular-compiler][0m

    src/app/core/state/brief.effects.ts:8:0:
[37m      8 │ [32m@Injectable()[37m
        ╵ [32m~~~~~~~~~~~~~[0m


[31mX [41;31m[[41;97mERROR[41;31m][0m [1mTS7031: Binding element 'brief' implicitly has an 'any' type.[0m [1m[35m[plugin angular-compiler][0m

    src/app/core/state/brief.effects.ts:15:17:
[37m      15 │     switchMap(({ [32mbrief[37m }) => this.gateway.submit(brief).pipe(
         ╵                  [32m~~~~~[0m


[31mX [41;31m[[41;97mERROR[41;31m][0m [1mTS7006: Parameter 'submittedBrief' implicitly has an 'any' type.[0m [1m[35m[plugin angular-compiler][0m

    src/app/core/state/brief.effects.ts:16:11:
[37m      16 │       map(([32msubmittedBrief[37m) => BriefActions.submitSucceeded({ brief...
         ╵            [32m~~~~~~~~~~~~~~[0m


[31mX [41;31m[[41;97mERROR[41;31m][0m [1mTS2307: Cannot find module '@ngrx/store' or its corresponding type declarations.[0m [1m[35m[plugin angular-compiler][0m

    src/app/core/state/brief.reducer.ts:1:34:
[37m      1 │ import { createReducer, on } from [32m'@ngrx/store'[37m;
        ╵                                   [32m~~~~~~~~~~~~~[0m


[31mX [41;31m[[41;97mERROR[41;31m][0m [1mTS7006: Parameter 'state' implicitly has an 'any' type.[0m [1m[35m[plugin angular-compiler][0m

    src/app/core/state/brief.reducer.ts:9:36:
[37m      9 │ ...riefActions.submitRequested, ([32mstate[37m) => ({ ...state, status: 'su...
        ╵                                  [32m~~~~~[0m


[31mX [41;31m[[41;97mERROR[41;31m][0m [1mTS7006: Parameter '_' implicitly has an 'any' type.[0m [1m[35m[plugin angular-compiler][0m

    src/app/core/state/brief.reducer.ts:10:36:
[37m      10 │ ...BriefActions.submitSucceeded, ([32m_[37m, { brief }) => ({ status: 'suc...
         ╵                                   [32m^[0m


[31mX [41;31m[[41;97mERROR[41;31m][0m [1mTS7031: Binding element 'brief' implicitly has an 'any' type.[0m [1m[35m[plugin angular-compiler][0m

    src/app/core/state/brief.reducer.ts:10:41:
[37m      10 │ ...tions.submitSucceeded, (_, { [32mbrief[37m }) => ({ status: 'success' a...
         ╵                                 [32m~~~~~[0m


[31mX [41;31m[[41;97mERROR[41;31m][0m [1mTS7006: Parameter 'state' implicitly has an 'any' type.[0m [1m[35m[plugin angular-compiler][0m

    src/app/core/state/brief.reducer.ts:11:33:
[37m      11 │ ...(BriefActions.submitFailed, ([32mstate[37m, { error }) => ({ ...state, ...
         ╵                                 [32m~~~~~[0m


[31mX [41;31m[[41;97mERROR[41;31m][0m [1mTS7031: Binding element 'error' implicitly has an 'any' type.[0m [1m[35m[plugin angular-compiler][0m

    src/app/core/state/brief.reducer.ts:11:42:
[37m      11 │ ...ions.submitFailed, (state, { [32merror[37m }) => ({ ...state, status: '...
         ╵                                 [32m~~~~~[0m


[31mX [41;31m[[41;97mERROR[41;31m][0m [1mTS2307: Cannot find module '@ngrx/store' or its corresponding type declarations.[0m [1m[35m[plugin angular-compiler][0m

    src/app/core/state/brief.selectors.ts:1:38:
[37m      1 │ import { createFeatureSelector } from [32m'@ngrx/store'[37m;
        ╵                                       [32m~~~~~~~~~~~~~[0m


[31mX [41;31m[[41;97mERROR[41;31m][0m [1mTS2307: Cannot find module '@angular/core' or its corresponding type declarations.[0m [1m[35m[plugin angular-compiler][0m

    src/app/features/home/about-section/about-section.component.ts:1:51:
[37m      1 │ import { ChangeDetectionStrategy, Component } from [32m'@angular/core'[37m;
        ╵                                                    [32m~~~~~~~~~~~~~~~[0m


[31mX [41;31m[[41;97mERROR[41;31m][0m [1mTS2354: This syntax requires an imported helper but module 'tslib' cannot be found.[0m [1m[35m[plugin angular-compiler][0m

    src/app/features/home/about-section/about-section.component.ts:4:0:
[37m      4 │ [32m@Component({[37m
        ╵ [32m~~~~~~~~~~~~[0m


[31mX [41;31m[[41;97mERROR[41;31m][0m [1mNG1010: changeDetection must be a member of ChangeDetectionStrategy enum from @angular/core
  Value could not be determined statically.[0m [1m[35m[plugin angular-compiler][0m

    src/app/features/home/about-section/about-section.component.ts:8:19:
[37m      8 │   changeDetection: [32mChangeDetectionStrategy.OnPush[37m,
        ╵                    [32m~~~~~~~~~~~~~~~~~~~~~~~~~~~~~~[0m

  Unknown reference.

    src/app/features/home/about-section/about-section.component.ts:8:19:
[37m      8 │   changeDetection: [32mChangeDetectionStrategy[37m.OnPush,
        ╵                    [32m~~~~~~~~~~~~~~~~~~~~~~~[0m


[31mX [41;31m[[41;97mERROR[41;31m][0m [1mTS2307: Cannot find module '@angular/core' or its corresponding type declarations.[0m [1m[35m[plugin angular-compiler][0m

    src/app/features/home/contact-section/contact-section.component.ts:8:7:
[37m      8 │ } from [32m'@angular/core'[37m;
        ╵        [32m~~~~~~~~~~~~~~~[0m


[31mX [41;31m[[41;97mERROR[41;31m][0m [1mTS2307: Cannot find module '@angular/common' or its corresponding type declarations.[0m [1m[35m[plugin angular-compiler][0m

    src/app/features/home/contact-section/contact-section.component.ts:9:29:
[37m      9 │ import { CommonModule } from [32m'@angular/common'[37m;
        ╵                              [32m~~~~~~~~~~~~~~~~~[0m


[31mX [41;31m[[41;97mERROR[41;31m][0m [1mTS2307: Cannot find module '@angular/forms' or its corresponding type declarations.[0m [1m[35m[plugin angular-compiler][0m

    src/app/features/home/contact-section/contact-section.component.ts:10:78:
[37m      10 │ ... FormBuilder, Validators, AbstractControl } from [32m'@angular/forms'[37m;
         ╵                                                     [32m~~~~~~~~~~~~~~~~[0m


[31mX [41;31m[[41;97mERROR[41;31m][0m [1mTS2307: Cannot find module '@ngrx/store' or its corresponding type declarations.[0m [1m[35m[plugin angular-compiler][0m

    src/app/features/home/contact-section/contact-section.component.ts:11:22:
[37m      11 │ import { Store } from [32m'@ngrx/store'[37m;
         ╵                       [32m~~~~~~~~~~~~~[0m


[31mX [41;31m[[41;97mERROR[41;31m][0m [1mTS2307: Cannot find module '@angular/core/rxjs-interop' or its corresponding type declarations.[0m [1m[35m[plugin angular-compiler][0m

    src/app/features/home/contact-section/contact-section.component.ts:12:25:
[37m      12 │ import { toSignal } from [32m'@angular/core/rxjs-interop'[37m;
         ╵                          [32m~~~~~~~~~~~~~~~~~~~~~~~~~~~~[0m


[31mX [41;31m[[41;97mERROR[41;31m][0m [1mTS2354: This syntax requires an imported helper but module 'tslib' cannot be found.[0m [1m[35m[plugin angular-compiler][0m

    src/app/features/home/contact-section/contact-section.component.ts:17:0:
[37m      17 │ [32m@Component({[37m
         ╵ [32m~~~~~~~~~~~~[0m


[31mX [41;31m[[41;97mERROR[41;31m][0m [1mNG1010: changeDetection must be a member of ChangeDetectionStrategy enum from @angular/core
  Value could not be determined statically.[0m [1m[35m[plugin angular-compiler][0m

    src/app/features/home/contact-section/contact-section.component.ts:23:19:
[37m      23 │   changeDetection: [32mChangeDetectionStrategy.OnPush[37m,
         ╵                    [32m~~~~~~~~~~~~~~~~~~~~~~~~~~~~~~[0m

  Unknown reference.

    src/app/features/home/contact-section/contact-section.component.ts:23:19:
[37m      23 │   changeDetection: [32mChangeDetectionStrategy[37m.OnPush,
         ╵                    [32m~~~~~~~~~~~~~~~~~~~~~~~[0m


[31mX [41;31m[[41;97mERROR[41;31m][0m [1mTS2307: Cannot find module '@angular/core' or its corresponding type declarations.[0m [1m[35m[plugin angular-compiler][0m

    src/app/features/home/portfolio-footer/portfolio-footer.component.ts:8:7:
[37m      8 │ } from [32m'@angular/core'[37m;
        ╵        [32m~~~~~~~~~~~~~~~[0m


[31mX [41;31m[[41;97mERROR[41;31m][0m [1mTS2307: Cannot find module '@angular/common' or its corresponding type declarations.[0m [1m[35m[plugin angular-compiler][0m

    src/app/features/home/portfolio-footer/portfolio-footer.component.ts:9:25:
[37m      9 │ import { DatePipe } from [32m'@angular/common'[37m;
        ╵                          [32m~~~~~~~~~~~~~~~~~[0m


[31mX [41;31m[[41;97mERROR[41;31m][0m [1mTS2307: Cannot find module '@angular/router' or its corresponding type declarations.[0m [1m[35m[plugin angular-compiler][0m

    src/app/features/home/portfolio-footer/portfolio-footer.component.ts:11:27:
[37m      11 │ import { RouterLink } from [32m'@angular/router'[37m;
         ╵                            [32m~~~~~~~~~~~~~~~~~[0m


[31mX [41;31m[[41;97mERROR[41;31m][0m [1mTS2354: This syntax requires an imported helper but module 'tslib' cannot be found.[0m [1m[35m[plugin angular-compiler][0m

    src/app/features/home/portfolio-footer/portfolio-footer.component.ts:19:0:
[37m      19 │ [32m@Component({[37m
         ╵ [32m~~~~~~~~~~~~[0m


[31mX [41;31m[[41;97mERROR[41;31m][0m [1mTS7006: Parameter 'hidden' implicitly has an 'any' type.[0m [1m[35m[plugin angular-compiler][0m

    src/app/features/home/portfolio-footer/portfolio-footer.component.ts:50:28:
[37m      50 │     this.isIpHidden.update(([32mhidden[37m) => !hidden);
         ╵                             [32m~~~~~~[0m


[31mX [41;31m[[41;97mERROR[41;31m][0m [1mTS7006: Parameter 'curr' implicitly has an 'any' type.[0m [1m[35m[plugin angular-compiler][0m

    src/app/features/home/portfolio-footer/portfolio-footer.component.ts:157:33:
[37m      157 │ ...    this.networkInfo.update(([32mcurr[37m) => ({ ...curr, loading: fal...
          ╵                                 [32m~~~~[0m


[31mX [41;31m[[41;97mERROR[41;31m][0m [1mTS2307: Cannot find module '@angular/core' or its corresponding type declarations.[0m [1m[35m[plugin angular-compiler][0m

    src/app/features/home/portfolio-hero/portfolio-hero.component.ts:1:51:
[37m      1 │ import { ChangeDetectionStrategy, Component } from [32m'@angular/core'[37m;
        ╵                                                    [32m~~~~~~~~~~~~~~~[0m


[31mX [41;31m[[41;97mERROR[41;31m][0m [1mTS2354: This syntax requires an imported helper but module 'tslib' cannot be found.[0m [1m[35m[plugin angular-compiler][0m

    src/app/features/home/portfolio-hero/portfolio-hero.component.ts:3:0:
[37m      3 │ [32m@Component({[37m
        ╵ [32m~~~~~~~~~~~~[0m


[31mX [41;31m[[41;97mERROR[41;31m][0m [1mNG1010: changeDetection must be a member of ChangeDetectionStrategy enum from @angular/core
  Value could not be determined statically.[0m [1m[35m[plugin angular-compiler][0m

    src/app/features/home/portfolio-hero/portfolio-hero.component.ts:7:19:
[37m      7 │   changeDetection: [32mChangeDetectionStrategy.OnPush[37m
        ╵                    [32m~~~~~~~~~~~~~~~~~~~~~~~~~~~~~~[0m

  Unknown reference.

    src/app/features/home/portfolio-hero/portfolio-hero.component.ts:7:19:
[37m      7 │   changeDetection: [32mChangeDetectionStrategy[37m.OnPush
        ╵                    [32m~~~~~~~~~~~~~~~~~~~~~~~[0m


[31mX [41;31m[[41;97mERROR[41;31m][0m [1mTS2307: Cannot find module '@angular/core' or its corresponding type declarations.[0m [1m[35m[plugin angular-compiler][0m

    src/app/features/home/projects-section/projects-section.component.ts:10:7:
[37m      10 │ } from [32m'@angular/core'[37m;
         ╵        [32m~~~~~~~~~~~~~~~[0m


[31mX [41;31m[[41;97mERROR[41;31m][0m [1mTS2307: Cannot find module 'gsap' or its corresponding type declarations.[0m [1m[35m[plugin angular-compiler][0m

    src/app/features/home/projects-section/projects-section.component.ts:12:21:
[37m      12 │ import { gsap } from [32m'gsap'[37m;
         ╵                      [32m~~~~~~[0m


[31mX [41;31m[[41;97mERROR[41;31m][0m [1mTS2307: Cannot find module 'gsap/ScrollTrigger' or its corresponding type declarations.[0m [1m[35m[plugin angular-compiler][0m

    src/app/features/home/projects-section/projects-section.component.ts:13:30:
[37m      13 │ import { ScrollTrigger } from [32m'gsap/ScrollTrigger'[37m;
         ╵                               [32m~~~~~~~~~~~~~~~~~~~~[0m


[31mX [41;31m[[41;97mERROR[41;31m][0m [1mTS2354: This syntax requires an imported helper but module 'tslib' cannot be found.[0m [1m[35m[plugin angular-compiler][0m

    src/app/features/home/projects-section/projects-section.component.ts:17:0:
[37m      17 │ [32m@Component({[37m
         ╵ [32m~~~~~~~~~~~~[0m


[31mX [41;31m[[41;97mERROR[41;31m][0m [1mTS7006: Parameter 'st' implicitly has an 'any' type.[0m [1m[35m[plugin angular-compiler][0m

    src/app/features/home/projects-section/projects-section.component.ts:43:36:
[37m      43 │     ScrollTrigger.getAll().forEach(([32mst[37m) => {
         ╵                                     [32m~~[0m


[31mX [41;31m[[41;97mERROR[41;31m][0m [1mTS7006: Parameter 'c' implicitly has an 'any' type.[0m [1m[35m[plugin angular-compiler][0m

    src/app/features/home/projects-section/projects-section.component.ts:52:51:
[37m      52 │ ...t cardElements = this.cards.toArray().map(([32mc[37m) => c.nativeElement);
         ╵                                               [32m^[0m


[31mX [41;31m[[41;97mERROR[41;31m][0m [1mTS7006: Parameter 'card' implicitly has an 'any' type.[0m [1m[35m[plugin angular-compiler][0m

    src/app/features/home/projects-section/projects-section.component.ts:60:28:
[37m      60 │       cardElements.forEach(([32mcard[37m, i) => {
         ╵                             [32m~~~~[0m


[31mX [41;31m[[41;97mERROR[41;31m][0m [1mTS7006: Parameter 'i' implicitly has an 'any' type.[0m [1m[35m[plugin angular-compiler][0m

    src/app/features/home/projects-section/projects-section.component.ts:60:34:
[37m      60 │       cardElements.forEach((card, [32mi[37m) => {
         ╵                                   [32m^[0m


[31mX [41;31m[[41;97mERROR[41;31m][0m [1mTS7006: Parameter 'prevCard' implicitly has an 'any' type.[0m [1m[35m[plugin angular-compiler][0m

    src/app/features/home/projects-section/projects-section.component.ts:97:29:
[37m      97 │       previousCards.forEach(([32mprevCard[37m, j) => {
         ╵                              [32m~~~~~~~~[0m


[31mX [41;31m[[41;97mERROR[41;31m][0m [1mTS7006: Parameter 'j' implicitly has an 'any' type.[0m [1m[35m[plugin angular-compiler][0m

    src/app/features/home/projects-section/projects-section.component.ts:97:39:
[37m      97 │       previousCards.forEach((prevCard, [32mj[37m) => {
         ╵                                        [32m^[0m


[31mX [41;31m[[41;97mERROR[41;31m][0m [1mTS7006: Parameter '_' implicitly has an 'any' type.[0m [1m[35m[plugin angular-compiler][0m

    src/app/features/home/projects-section/projects-section.component.ts:118:41:
[37m      118 │     const snapPoints = cardElements.map(([32m_[37m, i) => {
          ╵                                          [32m^[0m


[31mX [41;31m[[41;97mERROR[41;31m][0m [1mTS7006: Parameter 'i' implicitly has an 'any' type.[0m [1m[35m[plugin angular-compiler][0m

    src/app/features/home/projects-section/projects-section.component.ts:118:44:
[37m      118 │     const snapPoints = cardElements.map((_, [32mi[37m) => {
          ╵                                             [32m^[0m


[31mX [41;31m[[41;97mERROR[41;31m][0m [1mTS7006: Parameter 'self' implicitly has an 'any' type.[0m [1m[35m[plugin angular-compiler][0m

    src/app/features/home/projects-section/projects-section.component.ts:137:17:
[37m      137 │       onUpdate: ([32mself[37m) => {
          ╵                  [32m~~~~[0m


[31mX [41;31m[[41;97mERROR[41;31m][0m [1mTS2307: Cannot find module '@angular/core' or its corresponding type declarations.[0m [1m[35m[plugin angular-compiler][0m

    src/app/features/home/skills-section/skills-section.component.ts:1:59:
[37m      1 │ ... ChangeDetectionStrategy, Component, inject } from [32m'@angular/core'[37m;
        ╵                                                       [32m~~~~~~~~~~~~~~~[0m


[31mX [41;31m[[41;97mERROR[41;31m][0m [1mTS2307: Cannot find module '@angular/platform-browser' or its corresponding type declarations.[0m [1m[35m[plugin angular-compiler][0m

    src/app/features/home/skills-section/skills-section.component.ts:2:29:
[37m      2 │ import { DomSanitizer } from [32m'@angular/platform-browser'[37m;
        ╵                              [32m~~~~~~~~~~~~~~~~~~~~~~~~~~~[0m


[31mX [41;31m[[41;97mERROR[41;31m][0m [1mTS2354: This syntax requires an imported helper but module 'tslib' cannot be found.[0m [1m[35m[plugin angular-compiler][0m

    src/app/features/home/skills-section/skills-section.component.ts:5:0:
[37m      5 │ [32m@Component({[37m
        ╵ [32m~~~~~~~~~~~~[0m


[31mX [41;31m[[41;97mERROR[41;31m][0m [1mNG1010: changeDetection must be a member of ChangeDetectionStrategy enum from @angular/core
  Value could not be determined statically.[0m [1m[35m[plugin angular-compiler][0m

    src/app/features/home/skills-section/skills-section.component.ts:11:19:
[37m      11 │   changeDetection: [32mChangeDetectionStrategy.OnPush[37m,
         ╵                    [32m~~~~~~~~~~~~~~~~~~~~~~~~~~~~~~[0m

  Unknown reference.

    src/app/features/home/skills-section/skills-section.component.ts:11:19:
[37m      11 │   changeDetection: [32mChangeDetectionStrategy[37m.OnPush,
         ╵                    [32m~~~~~~~~~~~~~~~~~~~~~~~[0m


[31mX [41;31m[[41;97mERROR[41;31m][0m [1mTS2307: Cannot find module '@angular/core' or its corresponding type declarations.[0m [1m[35m[plugin angular-compiler][0m

    src/app/features/landing/landing-page.component.ts:1:77:
[37m      1 │ ...rategy, Component, computed, inject, signal } from [32m'@angular/core'[37m;
        ╵                                                       [32m~~~~~~~~~~~~~~~[0m


[31mX [41;31m[[41;97mERROR[41;31m][0m [1mTS2307: Cannot find module '@angular/router' or its corresponding type declarations.[0m [1m[35m[plugin angular-compiler][0m

    src/app/features/landing/landing-page.component.ts:2:27:
[37m      2 │ import { RouterLink } from [32m'@angular/router'[37m;
        ╵                            [32m~~~~~~~~~~~~~~~~~[0m


[31mX [41;31m[[41;97mERROR[41;31m][0m [1mTS2307: Cannot find module '@angular/forms' or its corresponding type declarations.[0m [1m[35m[plugin angular-compiler][0m

    src/app/features/landing/landing-page.component.ts:3:61:
[37m      3 │ ...activeFormsModule, FormBuilder, Validators } from [32m'@angular/forms'[37m;
        ╵                                                      [32m~~~~~~~~~~~~~~~~[0m


[31mX [41;31m[[41;97mERROR[41;31m][0m [1mTS2307: Cannot find module '@ngrx/store' or its corresponding type declarations.[0m [1m[35m[plugin angular-compiler][0m

    src/app/features/landing/landing-page.component.ts:4:22:
[37m      4 │ import { Store } from [32m'@ngrx/store'[37m;
        ╵                       [32m~~~~~~~~~~~~~[0m


[31mX [41;31m[[41;97mERROR[41;31m][0m [1mTS2307: Cannot find module '@angular/core/rxjs-interop' or its corresponding type declarations.[0m [1m[35m[plugin angular-compiler][0m

    src/app/features/landing/landing-page.component.ts:5:25:
[37m      5 │ import { toSignal } from [32m'@angular/core/rxjs-interop'[37m;
        ╵                          [32m~~~~~~~~~~~~~~~~~~~~~~~~~~~~[0m


[31mX [41;31m[[41;97mERROR[41;31m][0m [1mTS2354: This syntax requires an imported helper but module 'tslib' cannot be found.[0m [1m[35m[plugin angular-compiler][0m

    src/app/features/landing/landing-page.component.ts:17:0:
[37m      17 │ [32m@Component({[37m
         ╵ [32m~~~~~~~~~~~~[0m


[31mX [41;31m[[41;97mERROR[41;31m][0m [1mNG1010: changeDetection must be a member of ChangeDetectionStrategy enum from @angular/core
  Value could not be determined statically.[0m [1m[35m[plugin angular-compiler][0m

    src/app/features/landing/landing-page.component.ts:33:19:
[37m      33 │   changeDetection: [32mChangeDetectionStrategy.OnPush[37m,
         ╵                    [32m~~~~~~~~~~~~~~~~~~~~~~~~~~~~~~[0m

  Unknown reference.

    src/app/features/landing/landing-page.component.ts:33:19:
[37m      33 │   changeDetection: [32mChangeDetectionStrategy[37m.OnPush,
         ╵                    [32m~~~~~~~~~~~~~~~~~~~~~~~[0m


[31mX [41;31m[[41;97mERROR[41;31m][0m [1mTS7006: Parameter 'active' implicitly has an 'any' type.[0m [1m[35m[plugin angular-compiler][0m

    src/app/features/landing/landing-page.component.ts:62:27:
[37m      62 │     this.activeFaq.update(([32mactive[37m) => (active === index ? null : i...
         ╵                            [32m~~~~~~[0m


[31mX [41;31m[[41;97mERROR[41;31m][0m [1mTS2307: Cannot find module '@angular/core' or its corresponding type declarations.[0m [1m[35m[plugin angular-compiler][0m

    src/app/features/legal/privacy/privacy-page.component.ts:1:59:
[37m      1 │ ... ChangeDetectionStrategy, Component, signal } from [32m'@angular/core'[37m;
        ╵                                                       [32m~~~~~~~~~~~~~~~[0m


[31mX [41;31m[[41;97mERROR[41;31m][0m [1mTS2307: Cannot find module '@angular/router' or its corresponding type declarations.[0m [1m[35m[plugin angular-compiler][0m

    src/app/features/legal/privacy/privacy-page.component.ts:2:27:
[37m      2 │ import { RouterLink } from [32m'@angular/router'[37m;
        ╵                            [32m~~~~~~~~~~~~~~~~~[0m


[31mX [41;31m[[41;97mERROR[41;31m][0m [1mTS2354: This syntax requires an imported helper but module 'tslib' cannot be found.[0m [1m[35m[plugin angular-compiler][0m

    src/app/features/legal/privacy/privacy-page.component.ts:6:0:
[37m      6 │ [32m@Component({[37m
        ╵ [32m~~~~~~~~~~~~[0m


[31mX [41;31m[[41;97mERROR[41;31m][0m [1mNG1010: changeDetection must be a member of ChangeDetectionStrategy enum from @angular/core
  Value could not be determined statically.[0m [1m[35m[plugin angular-compiler][0m

    src/app/features/legal/privacy/privacy-page.component.ts:12:19:
[37m      12 │   changeDetection: [32mChangeDetectionStrategy.OnPush[37m,
         ╵                    [32m~~~~~~~~~~~~~~~~~~~~~~~~~~~~~~[0m

  Unknown reference.

    src/app/features/legal/privacy/privacy-page.component.ts:12:19:
[37m      12 │   changeDetection: [32mChangeDetectionStrategy[37m.OnPush,
         ╵                    [32m~~~~~~~~~~~~~~~~~~~~~~~[0m


[31mX [41;31m[[41;97mERROR[41;31m][0m [1mTS2307: Cannot find module '@angular/core' or its corresponding type declarations.[0m [1m[35m[plugin angular-compiler][0m

    src/app/features/legal/terms/terms-page.component.ts:1:59:
[37m      1 │ ... ChangeDetectionStrategy, Component, signal } from [32m'@angular/core'[37m;
        ╵                                                       [32m~~~~~~~~~~~~~~~[0m


[31mX [41;31m[[41;97mERROR[41;31m][0m [1mTS2307: Cannot find module '@angular/router' or its corresponding type declarations.[0m [1m[35m[plugin angular-compiler][0m

    src/app/features/legal/terms/terms-page.component.ts:2:27:
[37m      2 │ import { RouterLink } from [32m'@angular/router'[37m;
        ╵                            [32m~~~~~~~~~~~~~~~~~[0m


[31mX [41;31m[[41;97mERROR[41;31m][0m [1mTS2354: This syntax requires an imported helper but module 'tslib' cannot be found.[0m [1m[35m[plugin angular-compiler][0m

    src/app/features/legal/terms/terms-page.component.ts:6:0:
[37m      6 │ [32m@Component({[37m
        ╵ [32m~~~~~~~~~~~~[0m


[31mX [41;31m[[41;97mERROR[41;31m][0m [1mNG1010: changeDetection must be a member of ChangeDetectionStrategy enum from @angular/core
  Value could not be determined statically.[0m [1m[35m[plugin angular-compiler][0m

    src/app/features/legal/terms/terms-page.component.ts:12:19:
[37m      12 │   changeDetection: [32mChangeDetectionStrategy.OnPush[37m,
         ╵                    [32m~~~~~~~~~~~~~~~~~~~~~~~~~~~~~~[0m

  Unknown reference.

    src/app/features/legal/terms/terms-page.component.ts:12:19:
[37m      12 │   changeDetection: [32mChangeDetectionStrategy[37m.OnPush,
         ╵                    [32m~~~~~~~~~~~~~~~~~~~~~~~[0m


[31mX [41;31m[[41;97mERROR[41;31m][0m [1mTS2307: Cannot find module '@angular/core' or its corresponding type declarations.[0m [1m[35m[plugin angular-compiler][0m

    src/app/features/resume/resume-page.component.ts:1:59:
[37m      1 │ ... ChangeDetectionStrategy, Component, signal } from [32m'@angular/core'[37m;
        ╵                                                       [32m~~~~~~~~~~~~~~~[0m


[31mX [41;31m[[41;97mERROR[41;31m][0m [1mTS2307: Cannot find module '@angular/common' or its corresponding type declarations.[0m [1m[35m[plugin angular-compiler][0m

    src/app/features/resume/resume-page.component.ts:2:30:
[37m      2 │ import { UpperCasePipe } from [32m'@angular/common'[37m;
        ╵                               [32m~~~~~~~~~~~~~~~~~[0m


[31mX [41;31m[[41;97mERROR[41;31m][0m [1mTS2354: This syntax requires an imported helper but module 'tslib' cannot be found.[0m [1m[35m[plugin angular-compiler][0m

    src/app/features/resume/resume-page.component.ts:6:0:
[37m      6 │ [32m@Component({[37m
        ╵ [32m~~~~~~~~~~~~[0m


[31mX [41;31m[[41;97mERROR[41;31m][0m [1mNG1010: changeDetection must be a member of ChangeDetectionStrategy enum from @angular/core
  Value could not be determined statically.[0m [1m[35m[plugin angular-compiler][0m

    src/app/features/resume/resume-page.component.ts:11:19:
[37m      11 │   changeDetection: [32mChangeDetectionStrategy.OnPush[37m,
         ╵                    [32m~~~~~~~~~~~~~~~~~~~~~~~~~~~~~~[0m

  Unknown reference.

    src/app/features/resume/resume-page.component.ts:11:19:
[37m      11 │   changeDetection: [32mChangeDetectionStrategy[37m.OnPush,
         ╵                    [32m~~~~~~~~~~~~~~~~~~~~~~~[0m


[31mX [41;31m[[41;97mERROR[41;31m][0m [1mTS2307: Cannot find module '@angular/core' or its corresponding type declarations.[0m [1m[35m[plugin angular-compiler][0m

    src/app/shared/components/icon-cloud/icon-cloud.component.ts:1:137:
[37m      1 │ ...nStrategy, NgZone, ViewChild, AfterViewInit } from [32m'@angular/core'[37m;
        ╵                                                       [32m~~~~~~~~~~~~~~~[0m


[31mX [41;31m[[41;97mERROR[41;31m][0m [1mTS2307: Cannot find module '@angular/common' or its corresponding type declarations.[0m [1m[35m[plugin angular-compiler][0m

    src/app/shared/components/icon-cloud/icon-cloud.component.ts:2:48:
[37m      2 │ import { CommonModule, isPlatformBrowser } from [32m'@angular/common'[37m;
        ╵                                                 [32m~~~~~~~~~~~~~~~~~[0m


[31mX [41;31m[[41;97mERROR[41;31m][0m [1mTS2307: Cannot find module 'three' or its corresponding type declarations.[0m [1m[35m[plugin angular-compiler][0m

    src/app/shared/components/icon-cloud/icon-cloud.component.ts:3:23:
[37m      3 │ import * as THREE from [32m'three'[37m;
        ╵                        [32m~~~~~~~[0m


[31mX [41;31m[[41;97mERROR[41;31m][0m [1mTS2354: This syntax requires an imported helper but module 'tslib' cannot be found.[0m [1m[35m[plugin angular-compiler][0m

    src/app/shared/components/icon-cloud/icon-cloud.component.ts:85:0:
[37m      85 │ [32m@Component({[37m
         ╵ [32m~~~~~~~~~~~~[0m


[31mX [41;31m[[41;97mERROR[41;31m][0m [1mNG1010: changeDetection must be a member of ChangeDetectionStrategy enum from @angular/core
  Value could not be determined statically.[0m [1m[35m[plugin angular-compiler][0m

    src/app/shared/components/icon-cloud/icon-cloud.component.ts:107:19:
[37m      107 │   changeDetection: [32mChangeDetectionStrategy.OnPush[37m,
          ╵                    [32m~~~~~~~~~~~~~~~~~~~~~~~~~~~~~~[0m

  Unknown reference.

    src/app/shared/components/icon-cloud/icon-cloud.component.ts:107:19:
[37m      107 │   changeDetection: [32mChangeDetectionStrategy[37m.OnPush,
          ╵                    [32m~~~~~~~~~~~~~~~~~~~~~~~[0m


[31mX [41;31m[[41;97mERROR[41;31m][0m [1mTS2307: Cannot find module '@angular/core' or its corresponding type declarations.[0m [1m[35m[plugin angular-compiler][0m

    src/app/shared/components/interactive-globe/interactive-globe.component.ts:12:7:
[37m      12 │ } from [32m'@angular/core'[37m;
         ╵        [32m~~~~~~~~~~~~~~~[0m


[31mX [41;31m[[41;97mERROR[41;31m][0m [1mTS2307: Cannot find module '@angular/common' or its corresponding type declarations.[0m [1m[35m[plugin angular-compiler][0m

    src/app/shared/components/interactive-globe/interactive-globe.component.ts:13:48:
[37m      13 │ import { isPlatformBrowser, CommonModule } from [32m'@angular/common'[37m;
         ╵                                                 [32m~~~~~~~~~~~~~~~~~[0m


[31mX [41;31m[[41;97mERROR[41;31m][0m [1mTS2307: Cannot find module 'three' or its corresponding type declarations.[0m [1m[35m[plugin angular-compiler][0m

    src/app/shared/components/interactive-globe/interactive-globe.component.ts:29:7:
[37m      29 │ } from [32m'three'[37m;
         ╵        [32m~~~~~~~[0m


[31mX [41;31m[[41;97mERROR[41;31m][0m [1mTS2307: Cannot find module 'd3-geo' or its corresponding type declarations.[0m [1m[35m[plugin angular-compiler][0m

    src/app/shared/components/interactive-globe/interactive-globe.component.ts:30:44:
[37m      30 │ import { geoEquirectangular, geoPath } from [32m'd3-geo'[37m;
         ╵                                             [32m~~~~~~~~[0m


[31mX [41;31m[[41;97mERROR[41;31m][0m [1mTS2354: This syntax requires an imported helper but module 'tslib' cannot be found.[0m [1m[35m[plugin angular-compiler][0m

    src/app/shared/components/interactive-globe/interactive-globe.component.ts:190:0:
[37m      190 │ [32m@Component({[37m
          ╵ [32m~~~~~~~~~~~~[0m


[31mX [41;31m[[41;97mERROR[41;31m][0m [1mNG1010: changeDetection must be a member of ChangeDetectionStrategy enum from @angular/core
  Value could not be determined statically.[0m [1m[35m[plugin angular-compiler][0m

    src/app/shared/components/interactive-globe/interactive-globe.component.ts:211:19:
[37m      211 │   changeDetection: [32mChangeDetectionStrategy.OnPush[37m,
          ╵                    [32m~~~~~~~~~~~~~~~~~~~~~~~~~~~~~~[0m

  Unknown reference.

    src/app/shared/components/interactive-globe/interactive-globe.component.ts:211:19:
[37m      211 │   changeDetection: [32mChangeDetectionStrategy[37m.OnPush,
          ╵                    [32m~~~~~~~~~~~~~~~~~~~~~~~[0m


[31mX [41;31m[[41;97mERROR[41;31m][0m [1mTS2307: Cannot find module '@angular/core' or its corresponding type declarations.[0m [1m[35m[plugin angular-compiler][0m

    src/app/shared/components/site-header/site-header.component.ts:1:67:
[37m      1 │ ...etectionStrategy, Component, signal, inject } from [32m'@angular/core'[37m;
        ╵                                                       [32m~~~~~~~~~~~~~~~[0m


[31mX [41;31m[[41;97mERROR[41;31m][0m [1mTS2307: Cannot find module '@angular/router' or its corresponding type declarations.[0m [1m[35m[plugin angular-compiler][0m

    src/app/shared/components/site-header/site-header.component.ts:2:53:
[37m      2 │ ...rt { Router, RouterLink, RouterLinkActive } from [32m'@angular/router'[37m;
        ╵                                                     [32m~~~~~~~~~~~~~~~~~[0m


[31mX [41;31m[[41;97mERROR[41;31m][0m [1mTS2354: This syntax requires an imported helper but module 'tslib' cannot be found.[0m [1m[35m[plugin angular-compiler][0m

    src/app/shared/components/site-header/site-header.component.ts:4:0:
[37m      4 │ [32m@Component({[37m
        ╵ [32m~~~~~~~~~~~~[0m


[31mX [41;31m[[41;97mERROR[41;31m][0m [1mNG1010: changeDetection must be a member of ChangeDetectionStrategy enum from @angular/core
  Value could not be determined statically.[0m [1m[35m[plugin angular-compiler][0m

    src/app/shared/components/site-header/site-header.component.ts:10:19:
[37m      10 │   changeDetection: [32mChangeDetectionStrategy.OnPush[37m,
         ╵                    [32m~~~~~~~~~~~~~~~~~~~~~~~~~~~~~~[0m

  Unknown reference.

    src/app/shared/components/site-header/site-header.component.ts:10:19:
[37m      10 │   changeDetection: [32mChangeDetectionStrategy[37m.OnPush,
         ╵                    [32m~~~~~~~~~~~~~~~~~~~~~~~[0m


[31mX [41;31m[[41;97mERROR[41;31m][0m [1mTS2307: Cannot find module '@angular/core' or its corresponding type declarations.[0m [1m[35m[plugin angular-compiler][0m

    src/app/shared/directives/reveal.directive.ts:1:92:
[37m      1 │ ...tRef, HostBinding, OnDestroy, inject, input } from [32m'@angular/core'[37m;
        ╵                                                       [32m~~~~~~~~~~~~~~~[0m


[31mX [41;31m[[41;97mERROR[41;31m][0m [1mTS2307: Cannot find module 'gsap' or its corresponding type declarations.[0m [1m[35m[plugin angular-compiler][0m

    src/app/shared/directives/reveal.directive.ts:2:21:
[37m      2 │ import { gsap } from [32m'gsap'[37m;
        ╵                      [32m~~~~~~[0m


[31mX [41;31m[[41;97mERROR[41;31m][0m [1mTS2307: Cannot find module 'gsap/ScrollTrigger' or its corresponding type declarations.[0m [1m[35m[plugin angular-compiler][0m

    src/app/shared/directives/reveal.directive.ts:3:30:
[37m      3 │ import { ScrollTrigger } from [32m'gsap/ScrollTrigger'[37m;
        ╵                               [32m~~~~~~~~~~~~~~~~~~~~[0m


[31mX [41;31m[[41;97mERROR[41;31m][0m [1mTS2354: This syntax requires an imported helper but module 'tslib' cannot be found.[0m [1m[35m[plugin angular-compiler][0m

    src/app/shared/directives/reveal.directive.ts:7:0:
[37m      7 │ [32m@Directive({ selector: '[appReveal]', standalone: true })[37m
        ╵ [32m~~~~~~~~~~~~~~~~~~~~~~~~~~~~~~~~~~~~~~~~~~~~~~~~~~~~~~~~~[0m


[31mX [41;31m[[41;97mERROR[41;31m][0m [1mTS7006: Parameter 't' implicitly has an 'any' type.[0m [1m[35m[plugin angular-compiler][0m

    src/app/shared/directives/reveal.directive.ts:45:35:
[37m      45 │     ScrollTrigger.getAll().forEach([32mt[37m => {
         ╵                                    [32m^[0m


[31mX [41;31m[[41;97mERROR[41;31m][0m [1mTS2307: Cannot find module '@angular/platform-browser' or its corresponding type declarations.[0m [1m[35m[plugin angular-compiler][0m

    src/main.ts:1:37:
[37m      1 │ import { bootstrapApplication } from [32m'@angular/platform-browser'[37m;
        ╵                                      [32m~~~~~~~~~~~~~~~~~~~~~~~~~~~[0m


[31mX [41;31m[[41;97mERROR[41;31m][0m [1mTS7006: Parameter 'err' implicitly has an 'any' type.[0m [1m[35m[plugin angular-compiler][0m

    src/main.ts:6:10:
[37m      6 │   .catch(([32merr[37m) => console.error(err));
        ╵           [32m~~~[0m

[39m[22m
[33m>[39m Changes detected. Rebuilding...
[32m√[39m Changes detected. Rebuilding...
Application bundle generation failed. [1.073 seconds] - 2026-08-02T20:58:30.186Z

[1m[31m[31mX [41;31m[[41;97mERROR[41;31m][0m [1mTS2307: Cannot find module '@angular/core' or its corresponding type declarations.[0m [1m[35m[plugin angular-compiler][0m

    src/app/app.config.ts:1:70:
[37m      1 │ ...nConfig, provideBrowserGlobalErrorListeners } from [32m'@angular/core'[37m;
        ╵                                                       [32m~~~~~~~~~~~~~~~[0m


[31mX [41;31m[[41;97mERROR[41;31m][0m [1mTS2307: Cannot find module '@ngrx/effects' or its corresponding type declarations.[0m [1m[35m[plugin angular-compiler][0m

    src/app/app.config.ts:2:31:
[37m      2 │ import { provideEffects } from [32m'@ngrx/effects'[37m;
        ╵                                [32m~~~~~~~~~~~~~~~[0m


[31mX [41;31m[[41;97mERROR[41;31m][0m [1mTS2307: Cannot find module '@ngrx/store' or its corresponding type declarations.[0m [1m[35m[plugin angular-compiler][0m

    src/app/app.config.ts:3:29:
[37m      3 │ import { provideStore } from [32m'@ngrx/store'[37m;
        ╵                              [32m~~~~~~~~~~~~~[0m


[31mX [41;31m[[41;97mERROR[41;31m][0m [1mTS2307: Cannot find module '@angular/router' or its corresponding type declarations.[0m [1m[35m[plugin angular-compiler][0m

    src/app/app.config.ts:4:53:
[37m      4 │ ...rt { provideRouter, withInMemoryScrolling } from [32m'@angular/router'[37m;
        ╵                                                     [32m~~~~~~~~~~~~~~~~~[0m


[31mX [41;31m[[41;97mERROR[41;31m][0m [1mTS2307: Cannot find module '@angular/router' or its corresponding type declarations.[0m [1m[35m[plugin angular-compiler][0m

    src/app/app.routes.ts:1:23:
[37m      1 │ import { Routes } from [32m'@angular/router'[37m;
        ╵                        [32m~~~~~~~~~~~~~~~~~[0m


[31mX [41;31m[[41;97mERROR[41;31m][0m [1mTS2307: Cannot find module '@angular/core' or its corresponding type declarations.[0m [1m[35m[plugin angular-compiler][0m

    src/app/app.ts:1:52:
[37m      1 │ import { Component, OnDestroy, AfterViewInit } from [32m'@angular/core'[37m;
        ╵                                                     [32m~~~~~~~~~~~~~~~[0m


[31mX [41;31m[[41;97mERROR[41;31m][0m [1mTS2307: Cannot find module '@angular/router' or its corresponding type declarations.[0m [1m[35m[plugin angular-compiler][0m

    src/app/app.ts:2:29:
[37m      2 │ import { RouterOutlet } from [32m'@angular/router'[37m;
        ╵                              [32m~~~~~~~~~~~~~~~~~[0m


[31mX [41;31m[[41;97mERROR[41;31m][0m [1mTS2307: Cannot find module 'lenis' or its corresponding type declarations.[0m [1m[35m[plugin angular-compiler][0m

    src/app/app.ts:3:18:
[37m      3 │ import Lenis from [32m'lenis'[37m;
        ╵                   [32m~~~~~~~[0m


[31mX [41;31m[[41;97mERROR[41;31m][0m [1mTS2307: Cannot find module 'gsap' or its corresponding type declarations.[0m [1m[35m[plugin angular-compiler][0m

    src/app/app.ts:4:21:
[37m      4 │ import { gsap } from [32m'gsap'[37m;
        ╵                      [32m~~~~~~[0m


[31mX [41;31m[[41;97mERROR[41;31m][0m [1mTS2307: Cannot find module 'gsap/ScrollTrigger' or its corresponding type declarations.[0m [1m[35m[plugin angular-compiler][0m

    src/app/app.ts:5:30:
[37m      5 │ import { ScrollTrigger } from [32m'gsap/ScrollTrigger'[37m;
        ╵                               [32m~~~~~~~~~~~~~~~~~~~~[0m


[31mX [41;31m[[41;97mERROR[41;31m][0m [1mTS2354: This syntax requires an imported helper but module 'tslib' cannot be found.[0m [1m[35m[plugin angular-compiler][0m

    src/app/app.ts:9:0:
[37m      9 │ [32m@Component({[37m
        ╵ [32m~~~~~~~~~~~~[0m


[31mX [41;31m[[41;97mERROR[41;31m][0m [1mNG1010: 'imports' must be an array of components, directives, pipes, or NgModules.
  Value could not be determined statically.[0m [1m[35m[plugin angular-compiler][0m

    src/app/app.ts:11:12:
[37m      11 │   imports: [[32mRouterOutlet[37m],
         ╵             [32m~~~~~~~~~~~~[0m

  Unknown reference.

    src/app/app.ts:11:12:
[37m      11 │   imports: [[32mRouterOutlet[37m],
         ╵             [32m~~~~~~~~~~~~[0m


[31mX [41;31m[[41;97mERROR[41;31m][0m [1mTS2307: Cannot find module '@angular/core' or its corresponding type declarations.[0m [1m[35m[plugin angular-compiler][0m

    src/app/core/services/brief-gateway.service.ts:1:27:
[37m      1 │ import { Injectable } from [32m'@angular/core'[37m;
        ╵                            [32m~~~~~~~~~~~~~~~[0m


[31mX [41;31m[[41;97mERROR[41;31m][0m [1mTS2307: Cannot find module 'rxjs' or its corresponding type declarations.[0m [1m[35m[plugin angular-compiler][0m

    src/app/core/services/brief-gateway.service.ts:2:38:
[37m      2 │ import { delay, Observable, of } from [32m'rxjs'[37m;
        ╵                                       [32m~~~~~~[0m


[31mX [41;31m[[41;97mERROR[41;31m][0m [1mTS2354: This syntax requires an imported helper but module 'tslib' cannot be found.[0m [1m[35m[plugin angular-compiler][0m

    src/app/core/services/brief-gateway.service.ts:6:0:
[37m      6 │ [32m@Injectable({ providedIn: 'root' })[37m
        ╵ [32m~~~~~~~~~~~~~~~~~~~~~~~~~~~~~~~~~~~[0m


[31mX [41;31m[[41;97mERROR[41;31m][0m [1mTS2307: Cannot find module '@ngrx/store' or its corresponding type declarations.[0m [1m[35m[plugin angular-compiler][0m

    src/app/core/state/brief.actions.ts:1:53:
[37m      1 │ import { createActionGroup, emptyProps, props } from [32m'@ngrx/store'[37m;
        ╵                                                      [32m~~~~~~~~~~~~~[0m


[31mX [41;31m[[41;97mERROR[41;31m][0m [1mTS2307: Cannot find module '@angular/core' or its corresponding type declarations.[0m [1m[35m[plugin angular-compiler][0m

    src/app/core/state/brief.effects.ts:1:35:
[37m      1 │ import { Injectable, inject } from [32m'@angular/core'[37m;
        ╵                                    [32m~~~~~~~~~~~~~~~[0m


[31mX [41;31m[[41;97mERROR[41;31m][0m [1mTS2307: Cannot find module '@ngrx/effects' or its corresponding type declarations.[0m [1m[35m[plugin angular-compiler][0m

    src/app/core/state/brief.effects.ts:2:46:
[37m      2 │ import { Actions, createEffect, ofType } from [32m'@ngrx/effects'[37m;
        ╵                                               [32m~~~~~~~~~~~~~~~[0m


[31mX [41;31m[[41;97mERROR[41;31m][0m [1mTS2307: Cannot find module 'rxjs/operators' or its corresponding type declarations.[0m [1m[35m[plugin angular-compiler][0m

    src/app/core/state/brief.effects.ts:3:43:
[37m      3 │ import { catchError, map, switchMap } from [32m'rxjs/operators'[37m;
        ╵                                            [32m~~~~~~~~~~~~~~~~[0m


[31mX [41;31m[[41;97mERROR[41;31m][0m [1mTS2307: Cannot find module 'rxjs' or its corresponding type declarations.[0m [1m[35m[plugin angular-compiler][0m

    src/app/core/state/brief.effects.ts:4:19:
[37m      4 │ import { of } from [32m'rxjs'[37m;
        ╵                    [32m~~~~~~[0m


[31mX [41;31m[[41;97mERROR[41;31m][0m [1mTS2354: This syntax requires an imported helper but module 'tslib' cannot be found.[0m [1m[35m[plugin angular-compiler][0m

    src/app/core/state/brief.effects.ts:8:0:
[37m      8 │ [32m@Injectable()[37m
        ╵ [32m~~~~~~~~~~~~~[0m


[31mX [41;31m[[41;97mERROR[41;31m][0m [1mTS7031: Binding element 'brief' implicitly has an 'any' type.[0m [1m[35m[plugin angular-compiler][0m

    src/app/core/state/brief.effects.ts:15:17:
[37m      15 │     switchMap(({ [32mbrief[37m }) => this.gateway.submit(brief).pipe(
         ╵                  [32m~~~~~[0m


[31mX [41;31m[[41;97mERROR[41;31m][0m [1mTS7006: Parameter 'submittedBrief' implicitly has an 'any' type.[0m [1m[35m[plugin angular-compiler][0m

    src/app/core/state/brief.effects.ts:16:11:
[37m      16 │       map(([32msubmittedBrief[37m) => BriefActions.submitSucceeded({ brief...
         ╵            [32m~~~~~~~~~~~~~~[0m


[31mX [41;31m[[41;97mERROR[41;31m][0m [1mTS2307: Cannot find module '@ngrx/store' or its corresponding type declarations.[0m [1m[35m[plugin angular-compiler][0m

    src/app/core/state/brief.reducer.ts:1:34:
[37m      1 │ import { createReducer, on } from [32m'@ngrx/store'[37m;
        ╵                                   [32m~~~~~~~~~~~~~[0m


[31mX [41;31m[[41;97mERROR[41;31m][0m [1mTS7006: Parameter 'state' implicitly has an 'any' type.[0m [1m[35m[plugin angular-compiler][0m

    src/app/core/state/brief.reducer.ts:9:36:
[37m      9 │ ...riefActions.submitRequested, ([32mstate[37m) => ({ ...state, status: 'su...
        ╵                                  [32m~~~~~[0m


[31mX [41;31m[[41;97mERROR[41;31m][0m [1mTS7006: Parameter '_' implicitly has an 'any' type.[0m [1m[35m[plugin angular-compiler][0m

    src/app/core/state/brief.reducer.ts:10:36:
[37m      10 │ ...BriefActions.submitSucceeded, ([32m_[37m, { brief }) => ({ status: 'suc...
         ╵                                   [32m^[0m


[31mX [41;31m[[41;97mERROR[41;31m][0m [1mTS7031: Binding element 'brief' implicitly has an 'any' type.[0m [1m[35m[plugin angular-compiler][0m

    src/app/core/state/brief.reducer.ts:10:41:
[37m      10 │ ...tions.submitSucceeded, (_, { [32mbrief[37m }) => ({ status: 'success' a...
         ╵                                 [32m~~~~~[0m


[31mX [41;31m[[41;97mERROR[41;31m][0m [1mTS7006: Parameter 'state' implicitly has an 'any' type.[0m [1m[35m[plugin angular-compiler][0m

    src/app/core/state/brief.reducer.ts:11:33:
[37m      11 │ ...(BriefActions.submitFailed, ([32mstate[37m, { error }) => ({ ...state, ...
         ╵                                 [32m~~~~~[0m


[31mX [41;31m[[41;97mERROR[41;31m][0m [1mTS7031: Binding element 'error' implicitly has an 'any' type.[0m [1m[35m[plugin angular-compiler][0m

    src/app/core/state/brief.reducer.ts:11:42:
[37m      11 │ ...ions.submitFailed, (state, { [32merror[37m }) => ({ ...state, status: '...
         ╵                                 [32m~~~~~[0m


[31mX [41;31m[[41;97mERROR[41;31m][0m [1mTS2307: Cannot find module '@ngrx/store' or its corresponding type declarations.[0m [1m[35m[plugin angular-compiler][0m

    src/app/core/state/brief.selectors.ts:1:38:
[37m      1 │ import { createFeatureSelector } from [32m'@ngrx/store'[37m;
        ╵                                       [32m~~~~~~~~~~~~~[0m


[31mX [41;31m[[41;97mERROR[41;31m][0m [1mTS2307: Cannot find module '@angular/core' or its corresponding type declarations.[0m [1m[35m[plugin angular-compiler][0m

    src/app/features/home/about-section/about-section.component.ts:1:51:
[37m      1 │ import { ChangeDetectionStrategy, Component } from [32m'@angular/core'[37m;
        ╵                                                    [32m~~~~~~~~~~~~~~~[0m


[31mX [41;31m[[41;97mERROR[41;31m][0m [1mTS2354: This syntax requires an imported helper but module 'tslib' cannot be found.[0m [1m[35m[plugin angular-compiler][0m

    src/app/features/home/about-section/about-section.component.ts:4:0:
[37m      4 │ [32m@Component({[37m
        ╵ [32m~~~~~~~~~~~~[0m


[31mX [41;31m[[41;97mERROR[41;31m][0m [1mNG1010: changeDetection must be a member of ChangeDetectionStrategy enum from @angular/core
  Value could not be determined statically.[0m [1m[35m[plugin angular-compiler][0m

    src/app/features/home/about-section/about-section.component.ts:8:19:
[37m      8 │   changeDetection: [32mChangeDetectionStrategy.OnPush[37m,
        ╵                    [32m~~~~~~~~~~~~~~~~~~~~~~~~~~~~~~[0m

  Unknown reference.

    src/app/features/home/about-section/about-section.component.ts:8:19:
[37m      8 │   changeDetection: [32mChangeDetectionStrategy[37m.OnPush,
        ╵                    [32m~~~~~~~~~~~~~~~~~~~~~~~[0m


[31mX [41;31m[[41;97mERROR[41;31m][0m [1mTS2307: Cannot find module '@angular/core' or its corresponding type declarations.[0m [1m[35m[plugin angular-compiler][0m

    src/app/features/home/contact-section/contact-section.component.ts:8:7:
[37m      8 │ } from [32m'@angular/core'[37m;
        ╵        [32m~~~~~~~~~~~~~~~[0m


[31mX [41;31m[[41;97mERROR[41;31m][0m [1mTS2307: Cannot find module '@angular/common' or its corresponding type declarations.[0m [1m[35m[plugin angular-compiler][0m

    src/app/features/home/contact-section/contact-section.component.ts:9:29:
[37m      9 │ import { CommonModule } from [32m'@angular/common'[37m;
        ╵                              [32m~~~~~~~~~~~~~~~~~[0m


[31mX [41;31m[[41;97mERROR[41;31m][0m [1mTS2307: Cannot find module '@angular/forms' or its corresponding type declarations.[0m [1m[35m[plugin angular-compiler][0m

    src/app/features/home/contact-section/contact-section.component.ts:10:78:
[37m      10 │ ... FormBuilder, Validators, AbstractControl } from [32m'@angular/forms'[37m;
         ╵                                                     [32m~~~~~~~~~~~~~~~~[0m


[31mX [41;31m[[41;97mERROR[41;31m][0m [1mTS2307: Cannot find module '@ngrx/store' or its corresponding type declarations.[0m [1m[35m[plugin angular-compiler][0m

    src/app/features/home/contact-section/contact-section.component.ts:11:22:
[37m      11 │ import { Store } from [32m'@ngrx/store'[37m;
         ╵                       [32m~~~~~~~~~~~~~[0m


[31mX [41;31m[[41;97mERROR[41;31m][0m [1mTS2307: Cannot find module '@angular/core/rxjs-interop' or its corresponding type declarations.[0m [1m[35m[plugin angular-compiler][0m

    src/app/features/home/contact-section/contact-section.component.ts:12:25:
[37m      12 │ import { toSignal } from [32m'@angular/core/rxjs-interop'[37m;
         ╵                          [32m~~~~~~~~~~~~~~~~~~~~~~~~~~~~[0m


[31mX [41;31m[[41;97mERROR[41;31m][0m [1mTS2354: This syntax requires an imported helper but module 'tslib' cannot be found.[0m [1m[35m[plugin angular-compiler][0m

    src/app/features/home/contact-section/contact-section.component.ts:17:0:
[37m      17 │ [32m@Component({[37m
         ╵ [32m~~~~~~~~~~~~[0m


[31mX [41;31m[[41;97mERROR[41;31m][0m [1mNG1010: changeDetection must be a member of ChangeDetectionStrategy enum from @angular/core
  Value could not be determined statically.[0m [1m[35m[plugin angular-compiler][0m

    src/app/features/home/contact-section/contact-section.component.ts:23:19:
[37m      23 │   changeDetection: [32mChangeDetectionStrategy.OnPush[37m,
         ╵                    [32m~~~~~~~~~~~~~~~~~~~~~~~~~~~~~~[0m

  Unknown reference.

    src/app/features/home/contact-section/contact-section.component.ts:23:19:
[37m      23 │   changeDetection: [32mChangeDetectionStrategy[37m.OnPush,
         ╵                    [32m~~~~~~~~~~~~~~~~~~~~~~~[0m


[31mX [41;31m[[41;97mERROR[41;31m][0m [1mTS2307: Cannot find module '@angular/core' or its corresponding type declarations.[0m [1m[35m[plugin angular-compiler][0m

    src/app/features/home/portfolio-footer/portfolio-footer.component.ts:8:7:
[37m      8 │ } from [32m'@angular/core'[37m;
        ╵        [32m~~~~~~~~~~~~~~~[0m


[31mX [41;31m[[41;97mERROR[41;31m][0m [1mTS2307: Cannot find module '@angular/common' or its corresponding type declarations.[0m [1m[35m[plugin angular-compiler][0m

    src/app/features/home/portfolio-footer/portfolio-footer.component.ts:9:25:
[37m      9 │ import { DatePipe } from [32m'@angular/common'[37m;
        ╵                          [32m~~~~~~~~~~~~~~~~~[0m


[31mX [41;31m[[41;97mERROR[41;31m][0m [1mTS2307: Cannot find module '@angular/router' or its corresponding type declarations.[0m [1m[35m[plugin angular-compiler][0m

    src/app/features/home/portfolio-footer/portfolio-footer.component.ts:11:27:
[37m      11 │ import { RouterLink } from [32m'@angular/router'[37m;
         ╵                            [32m~~~~~~~~~~~~~~~~~[0m


[31mX [41;31m[[41;97mERROR[41;31m][0m [1mTS2354: This syntax requires an imported helper but module 'tslib' cannot be found.[0m [1m[35m[plugin angular-compiler][0m

    src/app/features/home/portfolio-footer/portfolio-footer.component.ts:19:0:
[37m      19 │ [32m@Component({[37m
         ╵ [32m~~~~~~~~~~~~[0m


[31mX [41;31m[[41;97mERROR[41;31m][0m [1mTS7006: Parameter 'hidden' implicitly has an 'any' type.[0m [1m[35m[plugin angular-compiler][0m

    src/app/features/home/portfolio-footer/portfolio-footer.component.ts:50:28:
[37m      50 │     this.isIpHidden.update(([32mhidden[37m) => !hidden);
         ╵                             [32m~~~~~~[0m


[31mX [41;31m[[41;97mERROR[41;31m][0m [1mTS7006: Parameter 'curr' implicitly has an 'any' type.[0m [1m[35m[plugin angular-compiler][0m

    src/app/features/home/portfolio-footer/portfolio-footer.component.ts:157:33:
[37m      157 │ ...    this.networkInfo.update(([32mcurr[37m) => ({ ...curr, loading: fal...
          ╵                                 [32m~~~~[0m


[31mX [41;31m[[41;97mERROR[41;31m][0m [1mTS2307: Cannot find module '@angular/core' or its corresponding type declarations.[0m [1m[35m[plugin angular-compiler][0m

    src/app/features/home/portfolio-hero/portfolio-hero.component.ts:1:51:
[37m      1 │ import { ChangeDetectionStrategy, Component } from [32m'@angular/core'[37m;
        ╵                                                    [32m~~~~~~~~~~~~~~~[0m


[31mX [41;31m[[41;97mERROR[41;31m][0m [1mTS2354: This syntax requires an imported helper but module 'tslib' cannot be found.[0m [1m[35m[plugin angular-compiler][0m

    src/app/features/home/portfolio-hero/portfolio-hero.component.ts:3:0:
[37m      3 │ [32m@Component({[37m
        ╵ [32m~~~~~~~~~~~~[0m


[31mX [41;31m[[41;97mERROR[41;31m][0m [1mNG1010: changeDetection must be a member of ChangeDetectionStrategy enum from @angular/core
  Value could not be determined statically.[0m [1m[35m[plugin angular-compiler][0m

    src/app/features/home/portfolio-hero/portfolio-hero.component.ts:7:19:
[37m      7 │   changeDetection: [32mChangeDetectionStrategy.OnPush[37m
        ╵                    [32m~~~~~~~~~~~~~~~~~~~~~~~~~~~~~~[0m

  Unknown reference.

    src/app/features/home/portfolio-hero/portfolio-hero.component.ts:7:19:
[37m      7 │   changeDetection: [32mChangeDetectionStrategy[37m.OnPush
        ╵                    [32m~~~~~~~~~~~~~~~~~~~~~~~[0m


[31mX [41;31m[[41;97mERROR[41;31m][0m [1mTS2307: Cannot find module '@angular/core' or its corresponding type declarations.[0m [1m[35m[plugin angular-compiler][0m

    src/app/features/home/projects-section/projects-section.component.ts:10:7:
[37m      10 │ } from [32m'@angular/core'[37m;
         ╵        [32m~~~~~~~~~~~~~~~[0m


[31mX [41;31m[[41;97mERROR[41;31m][0m [1mTS2307: Cannot find module 'gsap' or its corresponding type declarations.[0m [1m[35m[plugin angular-compiler][0m

    src/app/features/home/projects-section/projects-section.component.ts:12:21:
[37m      12 │ import { gsap } from [32m'gsap'[37m;
         ╵                      [32m~~~~~~[0m


[31mX [41;31m[[41;97mERROR[41;31m][0m [1mTS2307: Cannot find module 'gsap/ScrollTrigger' or its corresponding type declarations.[0m [1m[35m[plugin angular-compiler][0m

    src/app/features/home/projects-section/projects-section.component.ts:13:30:
[37m      13 │ import { ScrollTrigger } from [32m'gsap/ScrollTrigger'[37m;
         ╵                               [32m~~~~~~~~~~~~~~~~~~~~[0m


[31mX [41;31m[[41;97mERROR[41;31m][0m [1mTS2354: This syntax requires an imported helper but module 'tslib' cannot be found.[0m [1m[35m[plugin angular-compiler][0m

    src/app/features/home/projects-section/projects-section.component.ts:17:0:
[37m      17 │ [32m@Component({[37m
         ╵ [32m~~~~~~~~~~~~[0m


[31mX [41;31m[[41;97mERROR[41;31m][0m [1mTS7006: Parameter 'st' implicitly has an 'any' type.[0m [1m[35m[plugin angular-compiler][0m

    src/app/features/home/projects-section/projects-section.component.ts:43:36:
[37m      43 │     ScrollTrigger.getAll().forEach(([32mst[37m) => {
         ╵                                     [32m~~[0m


[31mX [41;31m[[41;97mERROR[41;31m][0m [1mTS7006: Parameter 'c' implicitly has an 'any' type.[0m [1m[35m[plugin angular-compiler][0m

    src/app/features/home/projects-section/projects-section.component.ts:52:51:
[37m      52 │ ...t cardElements = this.cards.toArray().map(([32mc[37m) => c.nativeElement);
         ╵                                               [32m^[0m


[31mX [41;31m[[41;97mERROR[41;31m][0m [1mTS7006: Parameter 'card' implicitly has an 'any' type.[0m [1m[35m[plugin angular-compiler][0m

    src/app/features/home/projects-section/projects-section.component.ts:60:28:
[37m      60 │       cardElements.forEach(([32mcard[37m, i) => {
         ╵                             [32m~~~~[0m


[31mX [41;31m[[41;97mERROR[41;31m][0m [1mTS7006: Parameter 'i' implicitly has an 'any' type.[0m [1m[35m[plugin angular-compiler][0m

    src/app/features/home/projects-section/projects-section.component.ts:60:34:
[37m      60 │       cardElements.forEach((card, [32mi[37m) => {
         ╵                                   [32m^[0m


[31mX [41;31m[[41;97mERROR[41;31m][0m [1mTS7006: Parameter 'prevCard' implicitly has an 'any' type.[0m [1m[35m[plugin angular-compiler][0m

    src/app/features/home/projects-section/projects-section.component.ts:97:29:
[37m      97 │       previousCards.forEach(([32mprevCard[37m, j) => {
         ╵                              [32m~~~~~~~~[0m


[31mX [41;31m[[41;97mERROR[41;31m][0m [1mTS7006: Parameter 'j' implicitly has an 'any' type.[0m [1m[35m[plugin angular-compiler][0m

    src/app/features/home/projects-section/projects-section.component.ts:97:39:
[37m      97 │       previousCards.forEach((prevCard, [32mj[37m) => {
         ╵                                        [32m^[0m


[31mX [41;31m[[41;97mERROR[41;31m][0m [1mTS7006: Parameter '_' implicitly has an 'any' type.[0m [1m[35m[plugin angular-compiler][0m

    src/app/features/home/projects-section/projects-section.component.ts:118:41:
[37m      118 │     const snapPoints = cardElements.map(([32m_[37m, i) => {
          ╵                                          [32m^[0m


[31mX [41;31m[[41;97mERROR[41;31m][0m [1mTS7006: Parameter 'i' implicitly has an 'any' type.[0m [1m[35m[plugin angular-compiler][0m

    src/app/features/home/projects-section/projects-section.component.ts:118:44:
[37m      118 │     const snapPoints = cardElements.map((_, [32mi[37m) => {
          ╵                                             [32m^[0m


[31mX [41;31m[[41;97mERROR[41;31m][0m [1mTS7006: Parameter 'self' implicitly has an 'any' type.[0m [1m[35m[plugin angular-compiler][0m

    src/app/features/home/projects-section/projects-section.component.ts:137:17:
[37m      137 │       onUpdate: ([32mself[37m) => {
          ╵                  [32m~~~~[0m


[31mX [41;31m[[41;97mERROR[41;31m][0m [1mTS2307: Cannot find module '@angular/core' or its corresponding type declarations.[0m [1m[35m[plugin angular-compiler][0m

    src/app/features/home/skills-section/skills-section.component.ts:1:59:
[37m      1 │ ... ChangeDetectionStrategy, Component, inject } from [32m'@angular/core'[37m;
        ╵                                                       [32m~~~~~~~~~~~~~~~[0m


[31mX [41;31m[[41;97mERROR[41;31m][0m [1mTS2307: Cannot find module '@angular/platform-browser' or its corresponding type declarations.[0m [1m[35m[plugin angular-compiler][0m

    src/app/features/home/skills-section/skills-section.component.ts:2:29:
[37m      2 │ import { DomSanitizer } from [32m'@angular/platform-browser'[37m;
        ╵                              [32m~~~~~~~~~~~~~~~~~~~~~~~~~~~[0m


[31mX [41;31m[[41;97mERROR[41;31m][0m [1mTS2354: This syntax requires an imported helper but module 'tslib' cannot be found.[0m [1m[35m[plugin angular-compiler][0m

    src/app/features/home/skills-section/skills-section.component.ts:5:0:
[37m      5 │ [32m@Component({[37m
        ╵ [32m~~~~~~~~~~~~[0m


[31mX [41;31m[[41;97mERROR[41;31m][0m [1mTS2307: Cannot find module '@angular/core' or its corresponding type declarations.[0m [1m[35m[plugin angular-compiler][0m

    src/app/features/landing/landing-page.component.ts:1:77:
[37m      1 │ ...rategy, Component, computed, inject, signal } from [32m'@angular/core'[37m;
        ╵                                                       [32m~~~~~~~~~~~~~~~[0m


[31mX [41;31m[[41;97mERROR[41;31m][0m [1mTS2307: Cannot find module '@angular/router' or its corresponding type declarations.[0m [1m[35m[plugin angular-compiler][0m

    src/app/features/landing/landing-page.component.ts:2:27:
[37m      2 │ import { RouterLink } from [32m'@angular/router'[37m;
        ╵                            [32m~~~~~~~~~~~~~~~~~[0m


[31mX [41;31m[[41;97mERROR[41;31m][0m [1mTS2307: Cannot find module '@angular/forms' or its corresponding type declarations.[0m [1m[35m[plugin angular-compiler][0m

    src/app/features/landing/landing-page.component.ts:3:61:
[37m      3 │ ...activeFormsModule, FormBuilder, Validators } from [32m'@angular/forms'[37m;
        ╵                                                      [32m~~~~~~~~~~~~~~~~[0m


[31mX [41;31m[[41;97mERROR[41;31m][0m [1mTS2307: Cannot find module '@ngrx/store' or its corresponding type declarations.[0m [1m[35m[plugin angular-compiler][0m

    src/app/features/landing/landing-page.component.ts:4:22:
[37m      4 │ import { Store } from [32m'@ngrx/store'[37m;
        ╵                       [32m~~~~~~~~~~~~~[0m


[31mX [41;31m[[41;97mERROR[41;31m][0m [1mTS2307: Cannot find module '@angular/core/rxjs-interop' or its corresponding type declarations.[0m [1m[35m[plugin angular-compiler][0m

    src/app/features/landing/landing-page.component.ts:5:25:
[37m      5 │ import { toSignal } from [32m'@angular/core/rxjs-interop'[37m;
        ╵                          [32m~~~~~~~~~~~~~~~~~~~~~~~~~~~~[0m


[31mX [41;31m[[41;97mERROR[41;31m][0m [1mTS2354: This syntax requires an imported helper but module 'tslib' cannot be found.[0m [1m[35m[plugin angular-compiler][0m

    src/app/features/landing/landing-page.component.ts:17:0:
[37m      17 │ [32m@Component({[37m
         ╵ [32m~~~~~~~~~~~~[0m


[31mX [41;31m[[41;97mERROR[41;31m][0m [1mNG1010: changeDetection must be a member of ChangeDetectionStrategy enum from @angular/core
  Value could not be determined statically.[0m [1m[35m[plugin angular-compiler][0m

    src/app/features/landing/landing-page.component.ts:33:19:
[37m      33 │   changeDetection: [32mChangeDetectionStrategy.OnPush[37m,
         ╵                    [32m~~~~~~~~~~~~~~~~~~~~~~~~~~~~~~[0m

  Unknown reference.

    src/app/features/landing/landing-page.component.ts:33:19:
[37m      33 │   changeDetection: [32mChangeDetectionStrategy[37m.OnPush,
         ╵                    [32m~~~~~~~~~~~~~~~~~~~~~~~[0m


[31mX [41;31m[[41;97mERROR[41;31m][0m [1mTS7006: Parameter 'active' implicitly has an 'any' type.[0m [1m[35m[plugin angular-compiler][0m

    src/app/features/landing/landing-page.component.ts:62:27:
[37m      62 │     this.activeFaq.update(([32mactive[37m) => (active === index ? null : i...
         ╵                            [32m~~~~~~[0m


[31mX [41;31m[[41;97mERROR[41;31m][0m [1mTS2307: Cannot find module '@angular/core' or its corresponding type declarations.[0m [1m[35m[plugin angular-compiler][0m

    src/app/features/legal/privacy/privacy-page.component.ts:1:59:
[37m      1 │ ... ChangeDetectionStrategy, Component, signal } from [32m'@angular/core'[37m;
        ╵                                                       [32m~~~~~~~~~~~~~~~[0m


[31mX [41;31m[[41;97mERROR[41;31m][0m [1mTS2307: Cannot find module '@angular/router' or its corresponding type declarations.[0m [1m[35m[plugin angular-compiler][0m

    src/app/features/legal/privacy/privacy-page.component.ts:2:27:
[37m      2 │ import { RouterLink } from [32m'@angular/router'[37m;
        ╵                            [32m~~~~~~~~~~~~~~~~~[0m


[31mX [41;31m[[41;97mERROR[41;31m][0m [1mTS2354: This syntax requires an imported helper but module 'tslib' cannot be found.[0m [1m[35m[plugin angular-compiler][0m

    src/app/features/legal/privacy/privacy-page.component.ts:6:0:
[37m      6 │ [32m@Component({[37m
        ╵ [32m~~~~~~~~~~~~[0m


[31mX [41;31m[[41;97mERROR[41;31m][0m [1mNG1010: changeDetection must be a member of ChangeDetectionStrategy enum from @angular/core
  Value could not be determined statically.[0m [1m[35m[plugin angular-compiler][0m

    src/app/features/legal/privacy/privacy-page.component.ts:12:19:
[37m      12 │   changeDetection: [32mChangeDetectionStrategy.OnPush[37m,
         ╵                    [32m~~~~~~~~~~~~~~~~~~~~~~~~~~~~~~[0m

  Unknown reference.

    src/app/features/legal/privacy/privacy-page.component.ts:12:19:
[37m      12 │   changeDetection: [32mChangeDetectionStrategy[37m.OnPush,
         ╵                    [32m~~~~~~~~~~~~~~~~~~~~~~~[0m


[31mX [41;31m[[41;97mERROR[41;31m][0m [1mTS2307: Cannot find module '@angular/core' or its corresponding type declarations.[0m [1m[35m[plugin angular-compiler][0m

    src/app/features/legal/terms/terms-page.component.ts:1:59:
[37m      1 │ ... ChangeDetectionStrategy, Component, signal } from [32m'@angular/core'[37m;
        ╵                                                       [32m~~~~~~~~~~~~~~~[0m


[31mX [41;31m[[41;97mERROR[41;31m][0m [1mTS2307: Cannot find module '@angular/router' or its corresponding type declarations.[0m [1m[35m[plugin angular-compiler][0m

    src/app/features/legal/terms/terms-page.component.ts:2:27:
[37m      2 │ import { RouterLink } from [32m'@angular/router'[37m;
        ╵                            [32m~~~~~~~~~~~~~~~~~[0m


[31mX [41;31m[[41;97mERROR[41;31m][0m [1mTS2354: This syntax requires an imported helper but module 'tslib' cannot be found.[0m [1m[35m[plugin angular-compiler][0m

    src/app/features/legal/terms/terms-page.component.ts:6:0:
[37m      6 │ [32m@Component({[37m
        ╵ [32m~~~~~~~~~~~~[0m


[31mX [41;31m[[41;97mERROR[41;31m][0m [1mNG1010: changeDetection must be a member of ChangeDetectionStrategy enum from @angular/core
  Value could not be determined statically.[0m [1m[35m[plugin angular-compiler][0m

    src/app/features/legal/terms/terms-page.component.ts:12:19:
[37m      12 │   changeDetection: [32mChangeDetectionStrategy.OnPush[37m,
         ╵                    [32m~~~~~~~~~~~~~~~~~~~~~~~~~~~~~~[0m

  Unknown reference.

    src/app/features/legal/terms/terms-page.component.ts:12:19:
[37m      12 │   changeDetection: [32mChangeDetectionStrategy[37m.OnPush,
         ╵                    [32m~~~~~~~~~~~~~~~~~~~~~~~[0m


[31mX [41;31m[[41;97mERROR[41;31m][0m [1mTS2307: Cannot find module '@angular/core' or its corresponding type declarations.[0m [1m[35m[plugin angular-compiler][0m

    src/app/features/resume/resume-page.component.ts:1:59:
[37m      1 │ ... ChangeDetectionStrategy, Component, signal } from [32m'@angular/core'[37m;
        ╵                                                       [32m~~~~~~~~~~~~~~~[0m


[31mX [41;31m[[41;97mERROR[41;31m][0m [1mTS2307: Cannot find module '@angular/common' or its corresponding type declarations.[0m [1m[35m[plugin angular-compiler][0m

    src/app/features/resume/resume-page.component.ts:2:30:
[37m      2 │ import { UpperCasePipe } from [32m'@angular/common'[37m;
        ╵                               [32m~~~~~~~~~~~~~~~~~[0m


[31mX [41;31m[[41;97mERROR[41;31m][0m [1mTS2354: This syntax requires an imported helper but module 'tslib' cannot be found.[0m [1m[35m[plugin angular-compiler][0m

    src/app/features/resume/resume-page.component.ts:6:0:
[37m      6 │ [32m@Component({[37m
        ╵ [32m~~~~~~~~~~~~[0m


[31mX [41;31m[[41;97mERROR[41;31m][0m [1mNG1010: changeDetection must be a member of ChangeDetectionStrategy enum from @angular/core
  Value could not be determined statically.[0m [1m[35m[plugin angular-compiler][0m

    src/app/features/resume/resume-page.component.ts:11:19:
[37m      11 │   changeDetection: [32mChangeDetectionStrategy.OnPush[37m,
         ╵                    [32m~~~~~~~~~~~~~~~~~~~~~~~~~~~~~~[0m

  Unknown reference.

    src/app/features/resume/resume-page.component.ts:11:19:
[37m      11 │   changeDetection: [32mChangeDetectionStrategy[37m.OnPush,
         ╵                    [32m~~~~~~~~~~~~~~~~~~~~~~~[0m


[31mX [41;31m[[41;97mERROR[41;31m][0m [1mTS2307: Cannot find module '@angular/core' or its corresponding type declarations.[0m [1m[35m[plugin angular-compiler][0m

    src/app/shared/components/icon-cloud/icon-cloud.component.ts:1:137:
[37m      1 │ ...nStrategy, NgZone, ViewChild, AfterViewInit } from [32m'@angular/core'[37m;
        ╵                                                       [32m~~~~~~~~~~~~~~~[0m


[31mX [41;31m[[41;97mERROR[41;31m][0m [1mTS2307: Cannot find module '@angular/common' or its corresponding type declarations.[0m [1m[35m[plugin angular-compiler][0m

    src/app/shared/components/icon-cloud/icon-cloud.component.ts:2:48:
[37m      2 │ import { CommonModule, isPlatformBrowser } from [32m'@angular/common'[37m;
        ╵                                                 [32m~~~~~~~~~~~~~~~~~[0m


[31mX [41;31m[[41;97mERROR[41;31m][0m [1mTS2307: Cannot find module 'three' or its corresponding type declarations.[0m [1m[35m[plugin angular-compiler][0m

    src/app/shared/components/icon-cloud/icon-cloud.component.ts:3:23:
[37m      3 │ import * as THREE from [32m'three'[37m;
        ╵                        [32m~~~~~~~[0m


[31mX [41;31m[[41;97mERROR[41;31m][0m [1mTS2354: This syntax requires an imported helper but module 'tslib' cannot be found.[0m [1m[35m[plugin angular-compiler][0m

    src/app/shared/components/icon-cloud/icon-cloud.component.ts:85:0:
[37m      85 │ [32m@Component({[37m
         ╵ [32m~~~~~~~~~~~~[0m


[31mX [41;31m[[41;97mERROR[41;31m][0m [1mNG1010: changeDetection must be a member of ChangeDetectionStrategy enum from @angular/core
  Value could not be determined statically.[0m [1m[35m[plugin angular-compiler][0m

    src/app/shared/components/icon-cloud/icon-cloud.component.ts:107:19:
[37m      107 │   changeDetection: [32mChangeDetectionStrategy.OnPush[37m,
          ╵                    [32m~~~~~~~~~~~~~~~~~~~~~~~~~~~~~~[0m

  Unknown reference.

    src/app/shared/components/icon-cloud/icon-cloud.component.ts:107:19:
[37m      107 │   changeDetection: [32mChangeDetectionStrategy[37m.OnPush,
          ╵                    [32m~~~~~~~~~~~~~~~~~~~~~~~[0m


[31mX [41;31m[[41;97mERROR[41;31m][0m [1mTS2307: Cannot find module '@angular/core' or its corresponding type declarations.[0m [1m[35m[plugin angular-compiler][0m

    src/app/shared/components/interactive-globe/interactive-globe.component.ts:12:7:
[37m      12 │ } from [32m'@angular/core'[37m;
         ╵        [32m~~~~~~~~~~~~~~~[0m


[31mX [41;31m[[41;97mERROR[41;31m][0m [1mTS2307: Cannot find module '@angular/common' or its corresponding type declarations.[0m [1m[35m[plugin angular-compiler][0m

    src/app/shared/components/interactive-globe/interactive-globe.component.ts:13:48:
[37m      13 │ import { isPlatformBrowser, CommonModule } from [32m'@angular/common'[37m;
         ╵                                                 [32m~~~~~~~~~~~~~~~~~[0m


[31mX [41;31m[[41;97mERROR[41;31m][0m [1mTS2307: Cannot find module 'three' or its corresponding type declarations.[0m [1m[35m[plugin angular-compiler][0m

    src/app/shared/components/interactive-globe/interactive-globe.component.ts:29:7:
[37m      29 │ } from [32m'three'[37m;
         ╵        [32m~~~~~~~[0m


[31mX [41;31m[[41;97mERROR[41;31m][0m [1mTS2307: Cannot find module 'd3-geo' or its corresponding type declarations.[0m [1m[35m[plugin angular-compiler][0m

    src/app/shared/components/interactive-globe/interactive-globe.component.ts:30:44:
[37m      30 │ import { geoEquirectangular, geoPath } from [32m'd3-geo'[37m;
         ╵                                             [32m~~~~~~~~[0m


[31mX [41;31m[[41;97mERROR[41;31m][0m [1mTS2354: This syntax requires an imported helper but module 'tslib' cannot be found.[0m [1m[35m[plugin angular-compiler][0m

    src/app/shared/components/interactive-globe/interactive-globe.component.ts:190:0:
[37m      190 │ [32m@Component({[37m
          ╵ [32m~~~~~~~~~~~~[0m


[31mX [41;31m[[41;97mERROR[41;31m][0m [1mNG1010: changeDetection must be a member of ChangeDetectionStrategy enum from @angular/core
  Value could not be determined statically.[0m [1m[35m[plugin angular-compiler][0m

    src/app/shared/components/interactive-globe/interactive-globe.component.ts:211:19:
[37m      211 │   changeDetection: [32mChangeDetectionStrategy.OnPush[37m,
          ╵                    [32m~~~~~~~~~~~~~~~~~~~~~~~~~~~~~~[0m

  Unknown reference.

    src/app/shared/components/interactive-globe/interactive-globe.component.ts:211:19:
[37m      211 │   changeDetection: [32mChangeDetectionStrategy[37m.OnPush,
          ╵                    [32m~~~~~~~~~~~~~~~~~~~~~~~[0m


[31mX [41;31m[[41;97mERROR[41;31m][0m [1mTS2307: Cannot find module '@angular/core' or its corresponding type declarations.[0m [1m[35m[plugin angular-compiler][0m

    src/app/shared/components/site-header/site-header.component.ts:1:67:
[37m      1 │ ...etectionStrategy, Component, signal, inject } from [32m'@angular/core'[37m;
        ╵                                                       [32m~~~~~~~~~~~~~~~[0m


[31mX [41;31m[[41;97mERROR[41;31m][0m [1mTS2307: Cannot find module '@angular/router' or its corresponding type declarations.[0m [1m[35m[plugin angular-compiler][0m

    src/app/shared/components/site-header/site-header.component.ts:2:53:
[37m      2 │ ...rt { Router, RouterLink, RouterLinkActive } from [32m'@angular/router'[37m;
        ╵                                                     [32m~~~~~~~~~~~~~~~~~[0m


[31mX [41;31m[[41;97mERROR[41;31m][0m [1mTS2354: This syntax requires an imported helper but module 'tslib' cannot be found.[0m [1m[35m[plugin angular-compiler][0m

    src/app/shared/components/site-header/site-header.component.ts:4:0:
[37m      4 │ [32m@Component({[37m
        ╵ [32m~~~~~~~~~~~~[0m


[31mX [41;31m[[41;97mERROR[41;31m][0m [1mNG1010: changeDetection must be a member of ChangeDetectionStrategy enum from @angular/core
  Value could not be determined statically.[0m [1m[35m[plugin angular-compiler][0m

    src/app/shared/components/site-header/site-header.component.ts:10:19:
[37m      10 │   changeDetection: [32mChangeDetectionStrategy.OnPush[37m,
         ╵                    [32m~~~~~~~~~~~~~~~~~~~~~~~~~~~~~~[0m

  Unknown reference.

    src/app/shared/components/site-header/site-header.component.ts:10:19:
[37m      10 │   changeDetection: [32mChangeDetectionStrategy[37m.OnPush,
         ╵                    [32m~~~~~~~~~~~~~~~~~~~~~~~[0m


[31mX [41;31m[[41;97mERROR[41;31m][0m [1mTS2307: Cannot find module '@angular/core' or its corresponding type declarations.[0m [1m[35m[plugin angular-compiler][0m

    src/app/shared/directives/reveal.directive.ts:1:92:
[37m      1 │ ...tRef, HostBinding, OnDestroy, inject, input } from [32m'@angular/core'[37m;
        ╵                                                       [32m~~~~~~~~~~~~~~~[0m


[31mX [41;31m[[41;97mERROR[41;31m][0m [1mTS2307: Cannot find module 'gsap' or its corresponding type declarations.[0m [1m[35m[plugin angular-compiler][0m

    src/app/shared/directives/reveal.directive.ts:2:21:
[37m      2 │ import { gsap } from [32m'gsap'[37m;
        ╵                      [32m~~~~~~[0m


[31mX [41;31m[[41;97mERROR[41;31m][0m [1mTS2307: Cannot find module 'gsap/ScrollTrigger' or its corresponding type declarations.[0m [1m[35m[plugin angular-compiler][0m

    src/app/shared/directives/reveal.directive.ts:3:30:
[37m      3 │ import { ScrollTrigger } from [32m'gsap/ScrollTrigger'[37m;
        ╵                               [32m~~~~~~~~~~~~~~~~~~~~[0m


[31mX [41;31m[[41;97mERROR[41;31m][0m [1mTS2354: This syntax requires an imported helper but module 'tslib' cannot be found.[0m [1m[35m[plugin angular-compiler][0m

    src/app/shared/directives/reveal.directive.ts:7:0:
[37m      7 │ [32m@Directive({ selector: '[appReveal]', standalone: true })[37m
        ╵ [32m~~~~~~~~~~~~~~~~~~~~~~~~~~~~~~~~~~~~~~~~~~~~~~~~~~~~~~~~~[0m


[31mX [41;31m[[41;97mERROR[41;31m][0m [1mTS7006: Parameter 't' implicitly has an 'any' type.[0m [1m[35m[plugin angular-compiler][0m

    src/app/shared/directives/reveal.directive.ts:45:35:
[37m      45 │     ScrollTrigger.getAll().forEach([32mt[37m => {
         ╵                                    [32m^[0m


[31mX [41;31m[[41;97mERROR[41;31m][0m [1mTS2307: Cannot find module '@angular/platform-browser' or its corresponding type declarations.[0m [1m[35m[plugin angular-compiler][0m

    src/main.ts:1:37:
[37m      1 │ import { bootstrapApplication } from [32m'@angular/platform-browser'[37m;
        ╵                                      [32m~~~~~~~~~~~~~~~~~~~~~~~~~~~[0m


[31mX [41;31m[[41;97mERROR[41;31m][0m [1mTS7006: Parameter 'err' implicitly has an 'any' type.[0m [1m[35m[plugin angular-compiler][0m

    src/main.ts:6:10:
[37m      6 │   .catch(([32merr[37m) => console.error(err));
        ╵           [32m~~~[0m

[39m[22m
